source_index,section,section_row,original_english,original_spanish,source_abbreviation,canonical_english,canonical_spanish,action,resulting_id,duplicate_of_source_index,match_method,notes
1,Body Parts,1,Abdominal Cavity,Cavidad Abdominal,,Abdominal Cavity,Cavidad Abdominal,added,1106,,,
2,Body Parts,2,Armpit,Axila,,Armpit,Axila,added,1107,,,
3,Body Parts,3,Arms,Brazos,,Arms,Brazos,added,1108,,,
4,Body Parts,4,Belly,Barriga / estómago,,Belly,Barriga / estómago,added,1109,,,
5,Body Parts,5,Breast,"Senos, mamas",,Breast,"Senos, mamas",added,1110,,,
6,Body Parts,6,Calf,Pantorrilla,,Calf,Pantorrilla,added,1111,,,
7,Body Parts,7,Chest,Pecho,,Chest,Pecho,added,1112,,,
8,Body Parts,8,Crotch,Entrepierna,,Crotch,Entrepierna,added,1113,,,
9,Body Parts,9,Eardrum,Tímpano,,Eardrum,Tímpano,added,1114,,,
10,Body Parts,10,Earlobe,Oreja // Lóbulo,,Earlobe,Oreja // Lóbulo,added,1115,,,
11,Body Parts,11,Feet,Pies,,Feet,Pies,added,1116,,,
12,Body Parts,12,Fingers,Dedos de la mano,,Fingers,Dedos de la mano,added,1117,,,
13,Body Parts,13,Fontanella/ Crown of the head,Fontanela/ Mollera,,Fontanella/ Crown of the head,Fontanela/ Mollera,added,1118,,,
14,Body Parts,14,Forearm,Antebrazo,,Forearm,Antebrazo,added,1119,,,
15,Body Parts,15,Groin,Ingle,,Groin,Ingle,added,1120,,,
16,Body Parts,16,Hip,Cadera,,Hip,Cadera,added,1121,,,
17,Body Parts,17,Inner ear,Oido interno,,Inner ear,Oido interno,added,1122,,,
18,Body Parts,18,Knuckles,Nudillos de los dedos,,Knuckles,Nudillos de los dedos,added,1123,,,
19,Body Parts,19,Lap,Regazo / (cintura a las rodillas),,Lap,Regazo / (cintura a las rodillas),added,1124,,,
20,Body Parts,20,Legs,Piernas,,Legs,Piernas,added,1125,,,
21,Body Parts,21,Limbs,Extremidades,,Limbs,Extremidades,added,1126,,,
22,Body Parts,22,Lower back,Espalda baja,,Lower back,Espalda baja,added,1127,,,
23,Body Parts,23,Lower belly,Vientre,,Lower belly,Vientre,added,1128,,,
24,Body Parts,24,Middle ear,Oido medio,,Middle ear,Oido medio,added,1129,,,
25,Body Parts,25,Nape of the neck,Nuca,,Nape of the neck,Nuca,added,1130,,,
26,Body Parts,26,Ossicles,Huesecillos del oído,,Ossicles,Huesecillos del oído,added,1131,,,
27,Body Parts,27,Outer ear,Oido externo,,Outer ear,Oido externo,added,1132,,,
28,Body Parts,28,Palm of the hand,Palma de la mano,,Palm of the hand,Palma de la mano,added,1133,,,
29,Body Parts,29,Pelvis,Pelvis,,Pelvis,Pelvis,added,1134,,,
30,Body Parts,30,Pit of the stomach/ epigastrium,Boca del estómago/ epigastrio,,Pit of the stomach/ epigastrium,Boca del estómago/ epigastrio,added,1135,,,
31,Body Parts,31,Shin,Canilla/ espinilla,,Shin,Canilla/ espinilla,added,1136,,,
32,Body Parts,32,Sole/Bottom of the foot,Planta de los pies,,Sole/Bottom of the foot,Planta de los pies,added,1137,,,
33,Body Parts,33,Thigh,Muslo,,Thigh,Muslo,added,1138,,,
34,Body Parts,34,Thumb,Pulgar,,Thumb,Pulgar,added,1139,,,
35,Body Parts,35,Toes,Dedos de los pies,,Toes,Dedos de los pies,added,1140,,,
36,Body Parts,36,Upper back,Espalda Superior,,Upper back,Espalda Superior,added,1141,,,
37,Body Parts,37,Waist,Cintura,,Waist,Cintura,added,1142,,,
38,Body Parts,38,Wrist,Muñeca,,Wrist,Muñeca,added,1143,,,
39,Body Parts,39,Chin,Mentón/ barbilla,,Chin,Mentón/ barbilla,added,1144,,,
40,Body Parts,40,Forehead,Frente,,Forehead,Frente,added,1145,,,
41,Body Parts,41,Jaw,Mandíbula,,Jaw,Mandíbula,added,1146,,,
42,Brain and Nervous System,1,Brain,Cerebro,,Brain,Cerebro,added,1147,,,
43,Brain and Nervous System,2,Brainstem,Tallo cerebral,,Brainstem,Tallo cerebral,added,1148,,,
44,Brain and Nervous System,3,Central Nervous System- CNS,Sistema Nervioso Central,,Central Nervous System,Sistema Nervioso Central,added,1149,,,Sigla separada del término para mejorar la búsqueda.
45,Brain and Nervous System,4,Cerebellum,Cerebelo,,Cerebellum,Cerebelo,added,1150,,,
46,Brain and Nervous System,5,Cerebral Cortex,Corteza Cerebral,,Cerebral Cortex,Corteza Cerebral,added,1151,,,
47,Brain and Nervous System,6,Dura mater,Duramadre,,Dura mater,Duramadre,added,1152,,,
48,Brain and Nervous System,7,Hemispheres,Hemisferios,,Hemispheres,Hemisferios,added,1153,,,
49,Brain and Nervous System,8,Nerves,Nervios,,Nerves,Nervios,added,1154,,,
50,Brain and Nervous System,9,Neurons,Neuronas,,Neurons,Neuronas,added,1155,,,
51,Brain and Nervous System,10,Peripheral Nervous System,Sistema Nervioso Periférico,,Peripheral Nervous System,Sistema Nervioso Periférico,added,1156,,,
52,Brain and Nervous System,11,Pituitary Gland,Glándula Pituitaria,,Pituitary Gland,Glándula Pituitaria,added,1157,,,
53,Brain and Nervous System,12,Spinal Cord,Médula espinal,,Spinal Cord,Médula espinal,added,1158,,,
54,Brain and Nervous System,13,Spinal Fluid,Líquido cefalorraquídeo,,Spinal Fluid,Líquido cefalorraquídeo,added,1159,,,
55,Cardiovascular System,1,Aorta,Aorta,,Aorta,Aorta,added,1160,,,
56,Cardiovascular System,2,Arterial walls,Paredes arteriales,,Arterial walls,Paredes arteriales,added,1161,,,
57,Cardiovascular System,3,Arteries,Arterias,,Arteries,Arterias,added,1162,,,
58,Cardiovascular System,4,Atrium,Aurícula,,Atrium,Aurícula,added,1163,,,
59,Cardiovascular System,5,Blood vessels,Vasos sanguíneos,,Blood vessels,Vasos sanguíneos,added,1164,,,
60,Cardiovascular System,6,Erythrocytes (red blood cell),Eritrocitos (glóbulos rojos),,Erythrocytes (red blood cell),Eritrocitos (glóbulos rojos),added,1165,,,
61,Cardiovascular System,7,Heart valve,Válvula cardíaca,,Heart valve,Válvula cardíaca,added,1166,,,
62,Cardiovascular System,8,Leukocytes (white blood cells),Leucocitos (glóbulos blancos),,Leukocytes (white blood cells),Leucocitos (glóbulos blancos),added,1167,,,
63,Cardiovascular System,9,Myocardium,Miocardio,,Myocardium,Miocardio,added,1168,,,
64,Cardiovascular System,10,Platelets,Plaquetas,,Platelets,Plaquetas,added,1169,,,
65,Cardiovascular System,11,Red blood cells,Glóbulos rojos,,Red blood cells,Glóbulos rojos,added,1170,,,
66,Cardiovascular System,12,Serum (blood),Suero,,Serum (blood),Suero,added,1171,,,
67,Cardiovascular System,13,Thrombocytes,Trombocitos,,Thrombocytes,Trombocitos,added,1172,,,
68,Cardiovascular System,14,Veins,Venas,,Veins,Venas,added,1173,,,
69,Cardiovascular System,15,Ventricles,Ventrículos,,Ventricles,Ventrículos,added,1174,,,
70,Cardiovascular System,16,White Blood Cells,Glóbulos blancos,,White Blood Cells,Glóbulos blancos,added,1175,,,
71,Skeletal System,1,Achilles Tendon,Tendón de Aquiles,,Achilles Tendon,Tendón de Aquiles,added,1176,,,
72,Skeletal System,2,Ankle,Tobillo,,Ankle,Tobillo,added,1177,,,
73,Skeletal System,3,Arch of the foot,Arco del pie,,Arch of the foot,Arco del pie,added,1178,,,
74,Skeletal System,4,Backbone / Spine,Columna Vertebral,,Backbone / Spine,Columna Vertebral,updated_existing,17,,manual_existing_map,
75,Skeletal System,5,Bone spur,Espolón Óseo,,Bone spur,Espolón Óseo,added,1179,,,
76,Skeletal System,6,Cartilage,Cartílago,,Cartilage,Cartílago,added,1180,,,
77,Skeletal System,7,Cervicals,Vértebras Cervicales,,Cervicals,Vértebras Cervicales,added,1181,,,
78,Skeletal System,8,Collarbone/ Clavicle,Clavícula,,Collarbone/ Clavicle,Clavícula,added,1182,,,
79,Skeletal System,9,Coxis / tailbone,Coxis/ Colita,,Coxis / tailbone,Coxis/ Colita,added,1183,,,
80,Skeletal System,10,Cranium/ Skull,Cráneo,,Cranium/ Skull,Cráneo,added,1184,,,
81,Skeletal System,11,Empeine del pie,Instep,,Instep,Empeine del pie,added,1185,,,Columnas invertidas en la fuente; se conservan los valores originales en el CSV de procedencia.
82,Skeletal System,12,Femur,Fémur,,Femur,Fémur,added,1186,,,
83,Skeletal System,13,Fibula,Peroné,,Fibula,Peroné,added,1187,,,
84,Skeletal System,14,Heel bone,Hueso del talón,,Heel bone,Hueso del talón,added,1188,,,
85,Skeletal System,15,Hip bone,Cadera,,Hip bone,Cadera,added,1189,,,
86,Skeletal System,16,Intervertebral disks,Discos intervertebrales,,Intervertebral disks,Discos intervertebrales,added,1190,,,
87,Skeletal System,17,Kneecap/ patella,Rótula,,Kneecap/ patella,Rótula,added,1191,,,
88,Skeletal System,18,Lower back,Espalda baja,,Lower back,Espalda baja,consolidated_source_duplicate,1127,22,,
89,Skeletal System,19,Lumbar area,Area lumbar,,Lumbar area,Area lumbar,added,1192,,,
90,Skeletal System,20,Pelvic bone,Hueso pélvico,,Pelvic bone,Hueso pélvico,added,1193,,,
91,Skeletal System,21,Phalanges,Falánges,,Phalanges,Falánges,added,1194,,,
92,Skeletal System,22,Radius/Ulna,Radio/ Cúbito,,Radius/Ulna,Radio/ Cúbito,added,1195,,,
93,Skeletal System,23,Ribcage,Caja torácica,,Ribcage,Caja torácica,added,1196,,,
94,Skeletal System,24,Ribs,Costillas,,Ribs,Costillas,added,1197,,,
95,Skeletal System,25,Rotating cuff,Manguito Rotador (hombro),,Rotating cuff,Manguito Rotador (hombro),added,1198,,,
96,Skeletal System,26,Shoulder Blade/ Scapula,Omóplato,,Shoulder Blade/ Scapula,Omóplato,added,1199,,,
97,Skeletal System,27,Sternum,Esternón,,Sternum,Esternón,added,1200,,,
98,Skeletal System,28,Tibia,Tibia,,Tibia,Tibia,added,1201,,,
99,Skeletal System,29,Ulna,Cúbito,,Ulna,Cúbito,added,1202,,,
100,Lymphatic System,1,Adenoids,Adenoides,,Adenoids,Adenoides,added,1203,,,
101,Lymphatic System,2,Antibodies,Anticuerpos,,Antibodies,Anticuerpos,added,1204,,,
102,Lymphatic System,3,Appendix,Apéndice,,Appendix,Apéndice,added,1205,,,
103,Lymphatic System,4,Bone marrow,Médula ósea,,Bone marrow,Médula ósea,added,1206,,,
104,Lymphatic System,5,Lymph nodes,Ganglios linfáticos,,Lymph nodes,Ganglios linfáticos,added,1207,,,
105,Lymphatic System,6,Spleen,Bazo,,Spleen,Bazo,added,1208,,,
106,Lymphatic System,7,Tonsils,Amígdalas,,Tonsils,Amígdalas,added,1209,,,
107,Male Reproductive System,1,Crotch,Entrepierna,,Crotch,Entrepierna,consolidated_source_duplicate,1113,8,,
108,Male Reproductive System,2,Epididymis,Epidídimo,,Epididymis,Epidídimo,added,1210,,,
109,Male Reproductive System,3,Foreskin,Prepucio,,Foreskin,Prepucio,added,1211,,,
110,Male Reproductive System,4,Groin,Ingle,,Groin,Ingle,consolidated_source_duplicate,1120,15,,
111,Male Reproductive System,5,Penis,Pene,,Penis,Pene,added,1212,,,
112,Male Reproductive System,6,Prostate,Próstata,,Prostate,Próstata,added,1213,,,
113,Male Reproductive System,7,Scrotum,Escroto,,Scrotum,Escroto,added,1214,,,
114,Male Reproductive System,8,Sperm,Esperma,,Sperm,Esperma,added,1215,,,
115,Male Reproductive System,9,Testicles,Testículos,,Testicles,Testículos,added,1216,,,
116,Female Reproductive System,1,Birth Canal,Canal de parto,,Birth Canal,Canal de parto,added,1217,,,
117,Female Reproductive System,2,Cervix,Cuello Uterino,,Cervix,Cuello Uterino,added,1218,,,
118,Female Reproductive System,3,Clitoris,Clítoris,,Clitoris,Clítoris,added,1219,,,
119,Female Reproductive System,4,Eggs,Òvulos,,Eggs,Òvulos,added,1220,,,
120,Female Reproductive System,5,Endometrium,Endometrio,,Endometrium,Endometrio,added,1221,,,
121,Female Reproductive System,6,Fallopian Tubes,Trompas de Falopio,,Fallopian Tubes,Trompas de Falopio,added,1222,,,
122,Female Reproductive System,7,Fundus,Fondo del útero,,Fundus,Fondo del útero,added,1223,,,
123,Female Reproductive System,8,Ovaries,Ovarios,,Ovaries,Ovarios,added,1224,,,
124,Female Reproductive System,9,Uterine Lining,Revestimiento uterino,,Uterine Lining,Revestimiento uterino,added,1225,,,
125,Female Reproductive System,10,Uterus,Utero,,Uterus,Utero,added,1226,,,
126,Female Reproductive System,11,Vagina,Vagina,,Vagina,Vagina,added,1227,,,
127,Female Reproductive System,12,Womb,Vientre/ Claustro/ Matriz,,Womb,Vientre/ Claustro/ Matriz,added,1228,,,
128,Female Reproductive System,13,Placenta,Placenta,,Placenta,Placenta,added,1229,,,
129,Digestive System,1,Anus,Ano,,Anus,Ano,added,1230,,,
130,Digestive System,2,Ascending Colon,Colon ascendente,,Ascending Colon,Colon ascendente,added,1231,,,
131,Digestive System,3,Bile,Bilis,,Bile,Bilis,added,1232,,,
132,Digestive System,4,Biliary Duct,Tracto o conducto Biliar,,Biliary Duct,Tracto o conducto Biliar,added,1233,,,
133,Digestive System,5,Bowels,Intestinos,,Bowels,Intestinos,added,1234,,,
134,Digestive System,6,Cecum,Ciego,,Cecum,Ciego,added,1235,,,
135,Digestive System,7,Colon,Colon,,Colon,Colon,added,1236,,,
136,Digestive System,8,Descending Colon,Colon ascendente,,Descending Colon,Colon descendente,added,1237,,,Se corrigió una contradicción interna con Ascending Colon; la forma original permanece en el CSV de procedencia.
137,Digestive System,9,Digestive Tube,Tubo Digestivo,,Digestive Tube,Tubo Digestivo,added,1238,,,
138,Digestive System,10,Duodenum,Duodeno,,Duodenum,Duodeno,added,1239,,,
139,Digestive System,11,Enzymes,Enzimas,,Enzymes,Enzimas,added,1240,,,
140,Digestive System,12,Esophagus,Esófago,,Esophagus,Esófago,added,1241,,,
141,Digestive System,13,Gallbladder,Vesícula Biliar,,Gallbladder,Vesícula Biliar,added,1242,,,
142,Digestive System,14,Gallstones,Piedras en la vesícula,,Gallstones,Piedras en la vesícula,added,1243,,,
143,Digestive System,15,Gastric Mucosa,Mucosa Gástrica,,Gastric Mucosa,Mucosa Gástrica,added,1244,,,
144,Digestive System,16,Large Intestine,Intestino Grueso,,Large Intestine,Intestino Grueso,added,1245,,,
145,Digestive System,17,Liver,Hígado,,Liver,Hígado,added,1246,,,
146,Digestive System,18,Liver enzymes,Enzimas hepáticas,,Liver enzymes,Enzimas hepáticas,added,1247,,,
147,Digestive System,19,Pancreas,Pancreas,,Pancreas,Pancreas,added,1248,,,
148,Digestive System,20,Parotid glands,Glándulas parótidas,,Parotid glands,Glándulas parótidas,added,1249,,,
149,Digestive System,21,Rectum,Recto,,Rectum,Recto,added,1250,,,
150,Digestive System,22,Saliva,Saliva,,Saliva,Saliva,added,1251,,,
151,Digestive System,23,Sigmoid,Sigmoide,,Sigmoid,Sigmoide,added,1252,,,
152,Digestive System,24,Small Intestine,Intestino delgado,,Small Intestine,Intestino delgado,added,1253,,,
153,Digestive System,25,Sphincter,Esfínter,,Sphincter,Esfínter,added,1254,,,
154,Digestive System,26,Stomach,Estomago,,Stomach,Estomago,added,1255,,,
155,Digestive System,27,Stomach Acid,Acido estomacal,,Stomach Acid,Acido estomacal,added,1256,,,
156,Digestive System,28,Transverse Colon,Colon transversal,,Transverse Colon,Colon transversal,added,1257,,,
157,Head and Respiratory System,1,Adam's Apple,Manzana de Adán,,Adam's Apple,Manzana de Adán,added,1258,,,
158,Head and Respiratory System,2,Airways,Vias respiratorias,,Airways,Vias respiratorias,added,1259,,,
159,Head and Respiratory System,3,Alveoli,Alveolos,,Alveoli,Alveolos,added,1260,,,
160,Head and Respiratory System,4,Bronchioles,Bronquiolos,,Bronchioles,Bronquiolos,added,1261,,,
161,Head and Respiratory System,5,Bronchi,Bronquios,,Bronchi,Bronquios,added,1262,,,
162,Head and Respiratory System,6,Larynx/voice box,Laringe,,Larynx/voice box,Laringe,added,1263,,,
163,Head and Respiratory System,7,Nasal Cavity,Cavidad Nasal,,Nasal Cavity,Cavidad Nasal,added,1264,,,
164,Head and Respiratory System,8,Nasal Mucosa (lining),Mucosa Nasal,,Nasal Mucosa (lining),Mucosa Nasal,added,1265,,,
165,Head and Respiratory System,9,Nasal Passages,Pasajes nasales,,Nasal Passages,Pasajes nasales,added,1266,,,
166,Head and Respiratory System,10,Nostrils/Nares,Fosas nasales,,Nostrils/Nares,Fosas nasales,added,1267,,,
167,Head and Respiratory System,11,Pharynx,Faringe,,Pharynx,Faringe,added,1268,,,
168,Head and Respiratory System,12,Sinuses,Senos paranasales,,Sinuses,Senos paranasales,added,1269,,,
169,Head and Respiratory System,13,Temples,Sienes,,Temples,Sienes,added,1270,,,
170,Head and Respiratory System,14,Vocal Cords,Cuerdas Vocales,,Vocal Cords,Cuerdas Vocales,added,1271,,,
171,Head and Respiratory System,15,Windpipe/ Trachea,Tráquea,,Windpipe/ Trachea,Tráquea,added,1272,,,
172,Endocrine System,1,Adrenal glands,Glándulas suprarrenales,,Adrenal glands,Glándulas suprarrenales,added,1273,,,
173,Endocrine System,2,Hypothalamus,Hipotálamo,,Hypothalamus,Hipotálamo,added,1274,,,
174,Endocrine System,3,Pancreas,Pancreas,,Pancreas,Pancreas,consolidated_source_duplicate,1248,147,,
175,Endocrine System,4,Parathyroid,Glándula Paratiroides,,Parathyroid,Glándula Paratiroides,added,1275,,,
176,Endocrine System,5,Pituitary Gland,Glándula Pituitaria,,Pituitary Gland,Glándula Pituitaria,consolidated_source_duplicate,1157,52,,
177,Endocrine System,6,Thyroid Gland,Glándula Tiroides,,Thyroid Gland,Glándula Tiroides,added,1276,,,
178,Hormones and Neurotransmitters,1,Adrenaline,Adrenalina,,Adrenaline,Adrenalina,added,1277,,,
179,Hormones and Neurotransmitters,2,Cortisol,Cortisol,,Cortisol,Cortisol,added,1278,,,
180,Hormones and Neurotransmitters,3,Human growth hormone- HGH,Hormona del Crecimiento Humano,,Human growth hormone,Hormona del Crecimiento Humano,added,1279,,,Sigla separada del término para mejorar la búsqueda.
181,Hormones and Neurotransmitters,4,Insuline,Insulina,,Insuline,Insulina,added,1280,,,
182,Hormones and Neurotransmitters,5,Neurotransmitter,Neurotransmisor,,Neurotransmitter,Neurotransmisor,added,1281,,,
183,Hormones and Neurotransmitters,6,Prolactine,Prolactina,,Prolactine,Prolactina,added,1282,,,
184,Hormones and Neurotransmitters,7,Progesterone,Progesterona,,Progesterone,Progesterona,added,1283,,,
185,Hormones and Neurotransmitters,8,Estrogen,Estrógeno,,Estrogen,Estrógeno,added,1284,,,
186,Hormones and Neurotransmitters,9,Testosterone,Testosterona,,Testosterone,Testosterona,added,1285,,,
187,Specialties & Facilities,1,Allergology,Alergología,,Allergology,Alergología,added,1286,,,
188,Specialties & Facilities,2,Anesthesiology,Anestesiología,,Anesthesiology,Anestesiología,added,1287,,,
189,Specialties & Facilities,3,Audiology,Audiología,,Audiology,Audiología,added,1288,,,
190,Specialties & Facilities,4,Cardiology,Cardiología,,Cardiology,Cardiología,added,1289,,,
191,Specialties & Facilities,5,Dentistry / Odontology,Odontología,,Dentistry / Odontology,Odontología,added,1290,,,
192,Specialties & Facilities,6,Emergency Room - ER,Sala de emergencias,,Emergency Room,Sala de emergencias,updated_existing,48,,exact_english_or_abbreviation,Sigla separada del término para mejorar la búsqueda.
193,Specialties & Facilities,7,Endocrinology,Endocronología,,Endocrinology,Endocronología,added,1291,,,
194,Specialties & Facilities,8,ENT Department,Otorrinolaringología,,ENT Department,Otorrinolaringología,added,1292,,,
195,Specialties & Facilities,9,Facility,Centro / instalaciones,,Facility,Centro / instalaciones,added,1293,,,
196,Specialties & Facilities,10,Family Planning,Planificación familiar,,Family Planning,Planificación familiar,added,1294,,,
197,Specialties & Facilities,11,Front desk,Recepción,,Front desk,Recepción,updated_existing,33,,exact_english_or_abbreviation,
198,Specialties & Facilities,12,Genetics,Genética,,Genetics,Genética,added,1295,,,
199,Specialties & Facilities,13,Geriatrics,Geriatría,,Geriatrics,Geriatría,added,1296,,,
200,Specialties & Facilities,14,GI Department/ Gastroenterology,Gastroenterología,,GI Department/ Gastroenterology,Gastroenterología,added,1297,,,
201,Specialties & Facilities,15,Gynecology,Ginecología,,Gynecology,Ginecología,added,1298,,,
202,Specialties & Facilities,16,Hematology,Hemtología,,Hematology,Hemtología,added,1299,,,
203,Specialties & Facilities,17,Hospice,Hospicio/ casa de cuidados paliativos,,Hospice,Hospicio/ casa de cuidados paliativos,added,1300,,,
204,Specialties & Facilities,18,Imaging department,Departamento de imágenes,,Imaging department,Departamento de imágenes,added,1301,,,
205,Specialties & Facilities,19,Infectious Diseases,Enfermedades Infecciosas,,Infectious Diseases,Enfermedades Infecciosas,added,1302,,,
206,Specialties & Facilities,20,Intensive Care Unit- ICU,Unidad de Cuidados Intensivos,,Intensive Care Unit,Unidad de Cuidados Intensivos,updated_existing,830,,exact_english_or_abbreviation,Sigla separada del término para mejorar la búsqueda.
207,Specialties & Facilities,21,Internal Medicine,Medicina interna,,Internal Medicine,Medicina interna,added,1303,,,
208,Specialties & Facilities,22,Labor and Delivery Unit,Unidad de labor y parto,,Labor and Delivery Unit,Unidad de labor y parto,added,1304,,,
209,Specialties & Facilities,23,Maternal Fetal Medicine,Medicina materno-fetal,,Maternal Fetal Medicine,Medicina materno-fetal,added,1305,,,
210,Specialties & Facilities,24,Maxillofacial,Maxilofacial,,Maxillofacial,Maxilofacial,added,1306,,,
211,Specialties & Facilities,25,Nephrology,Nefrología,,Nephrology,Nefrología,added,1307,,,
212,Specialties & Facilities,26,Neurology,Neurología,,Neurology,Neurología,added,1308,,,
213,Specialties & Facilities,27,Neurosurgery,Neurocirugía,,Neurosurgery,Neurocirugía,added,1309,,,
214,Specialties & Facilities,28,Nursing home,Asilo,,Nursing home,Asilo,added,1310,,,
215,Specialties & Facilities,29,Nursery,Sala cuna (recién nacidos),,Nursery,Sala cuna (recién nacidos),added,1311,,,
216,Specialties & Facilities,30,OBGYN,Gineco-obstetricia,,OBGYN,Gineco-obstetricia,added,1312,,,
217,Specialties & Facilities,31,Obstetrics,Obstetricia,,Obstetrics,Obstetricia,added,1313,,,
218,Specialties & Facilities,32,Occupational Therapy,Terapia ocupacional,,Occupational Therapy,Terapia ocupacional,updated_existing,842,,manual_existing_map,
219,Specialties & Facilities,33,Oncology,Oncología,,Oncology,Oncología,added,1314,,,
220,Specialties & Facilities,34,Operating Room,Sala de operaciones/ Quirófano,,Operating Room,Sala de operaciones/ Quirófano,updated_existing,36,,exact_english_or_abbreviation,
221,Specialties & Facilities,35,Ophthalmology,Oftalmología,,Ophthalmology,Oftalmología,added,1315,,,
222,Specialties & Facilities,36,Optics,Óptica,,Optics,Óptica,added,1316,,,
223,Specialties & Facilities,37,Orthodontics,Ortodoncia,,Orthodontics,Ortodoncia,added,1317,,,
224,Specialties & Facilities,38,Orthopedics,Ortopedia,,Orthopedics,Ortopedia,added,1318,,,
225,Specialties & Facilities,39,Pain Management Clinic,Clínica de Manejo del dolor,,Pain Management Clinic,Clínica de Manejo del dolor,added,1319,,,
226,Specialties & Facilities,40,Palliative Medicine,Medicina Paliativa,,Palliative Medicine,Medicina Paliativa,added,1320,,,
227,Specialties & Facilities,41,Pathology,Patología,,Pathology,Patología,added,1321,,,
228,Specialties & Facilities,42,Pediatrics,Pediatría,,Pediatrics,Pediatría,added,1322,,,
229,Specialties & Facilities,43,Physical Therapy,Terapia Fisica,,Physical Therapy,Terapia Fisica,added,1323,,,
230,Specialties & Facilities,44,Physiotherapy,Fisioterapia,,Physiotherapy,Fisioterapia,added,1324,,,
231,Specialties & Facilities,45,Plastic Surgery,Cirugía Plástica,,Plastic Surgery,Cirugía Plástica,added,1325,,,
232,Specialties & Facilities,46,Podiatry,Podología,,Podiatry,Podología,added,1326,,,
233,Specialties & Facilities,47,Psychiatry,Psiquiatría,,Psychiatry,Psiquiatría,added,1327,,,
234,Specialties & Facilities,48,Psychology,Psicología,,Psychology,Psicología,added,1328,,,
235,Specialties & Facilities,49,Radiology,Radiología,,Radiology,Radiología,added,1329,,,
236,Specialties & Facilities,50,Recovery Room,Sala de Recuperación,,Recovery Room,Sala de Recuperación,added,1330,,,
237,Specialties & Facilities,51,Rehab Center,Centro de Rehabilitación,,Rehab Center,Centro de Rehabilitación,added,1331,,,
238,Specialties & Facilities,52,Rheumatology,Reumatología,,Rheumatology,Reumatología,added,1332,,,
239,Specialties & Facilities,53,Speech Therapy,Terapia del habla,,Speech Therapy,Terapia del habla,added,1333,,,
240,Specialties & Facilities,54,Sports Medicine,Medicina deportiva,,Sports Medicine,Medicina deportiva,added,1334,,,
241,Specialties & Facilities,55,Thoracic Surgery,Cirugía Torácica,,Thoracic Surgery,Cirugía Torácica,added,1335,,,
242,Specialties & Facilities,56,Urgent Care Unit,Unidad de Cuidados de Urgencia,,Urgent Care Unit,Unidad de Cuidados de Urgencia,added,1336,,,
243,Specialties & Facilities,57,Urology,Urología,,Urology,Urología,added,1337,,,
244,Specialties & Facilities,58,Vascular Surgery,Cirugía Vascular,,Vascular Surgery,Cirugía Vascular,added,1338,,,
245,Specialties & Facilities,59,Waiting Room,Sala de espera,,Waiting Room,Sala de espera,added,1339,,,
246,Specialties & Facilities,60,Walk-in clinic,Clinica Ambulatoria (sin cita),,Walk-in clinic,Clinica Ambulatoria (sin cita),added,1340,,,
247,Specialties & Facilities,61,Women's health,Salud femenina,,Women's health,Salud femenina,added,1341,,,
248,Specialties & Facilities,62,Prenatal Care,Cuidado Prenatal,,Prenatal Care,Cuidado Prenatal,added,1342,,,
249,Specialties & Facilities,63,Postpartum Care,Cuidado después del parto,,Postpartum Care,Cuidado después del parto,added,1343,,,
250,Medical Professions,1,Anesthesiologist,Anestesiólogo,,Anesthesiologist,Anestesiólogo,added,1344,,,
251,Medical Professions,2,Audiologist,Audiólogo,,Audiologist,Audiólogo,added,1345,,,
252,Medical Professions,3,Bereavement Counselor,Consejero de Duelo,,Bereavement Counselor,Consejero de Duelo,added,1346,,,
253,Medical Professions,4,Cardiologist,Cardiólogo,,Cardiologist,Cardiólogo,added,1347,,,
254,Medical Professions,5,Case Manager,Administradora de Caso,,Case Manager,Administradora de Caso,updated_existing,44,,exact_english_or_abbreviation,
255,Medical Professions,6,Chiropractor,Quiropráctico,,Chiropractor,Quiropráctico,added,1348,,,
256,Medical Professions,7,Geneticist,Genetista,,Geneticist,Genetista,added,1349,,,
257,Medical Professions,8,Clinician,Profesional Médico,,Clinician,Profesional Médico,added,1350,,,
258,Medical Professions,9,Dental Hygienist,Higienista dental,,Dental Hygienist,Higienista dental,added,1351,,,
259,Medical Professions,10,Dentist,Dentista,,Dentist,Dentista,added,1352,,,
260,Medical Professions,11,Dermatologist,Dermatólogo,,Dermatologist,Dermatólogo,added,1353,,,
261,Medical Professions,12,ENT Doctor,Otorrinolaringólogo,,ENT Doctor,Otorrinolaringólogo,added,1354,,,
262,Medical Professions,13,Family Doctor,Doctor familiar,,Family Doctor,Doctor familiar,added,1355,,,
263,Medical Professions,14,Genetic Counselor,Consejero genético,,Genetic Counselor,Consejero genético,added,1356,,,
264,Medical Professions,15,GI Doctor,Gastroenterólgo,,GI Doctor,Gastroenterólgo,added,1357,,,
265,Medical Professions,16,Gynecologist,Ginecólogo,,Gynecologist,Ginecólogo,added,1358,,,
266,Medical Professions,17,Home attendant,Asistente en el hogar,,Home attendant,Asistente en el hogar,updated_existing,43,,exact_english_or_abbreviation,
267,Medical Professions,18,Home health aide,Asistente de cuidados médicos,,Home health aide,Asistente de cuidados médicos,added,1359,,,
268,Medical Professions,19,Microbiologist,Microbiólogo,,Microbiologist,Microbiólogo,added,1360,,,
269,Medical Professions,20,Nephrologist,Nefrólogo,,Nephrologist,Nefrólogo,added,1361,,,
270,Medical Professions,21,Neurologist,Neurólogo,,Neurologist,Neurólogo,added,1362,,,
271,Medical Professions,22,Neurosurgeon,Neurocirujano,,Neurosurgeon,Neurocirujano,added,1363,,,
272,Medical Professions,23,Nurse Practitioner,Enfermera Especializada,,Nurse Practitioner,Enfermera Especializada,updated_existing,841,,exact_english_or_abbreviation,
273,Medical Professions,24,Nutritionist/ Dietician,Nutricionista,,Nutritionist/ Dietician,Nutricionista,added,1364,,,
274,Medical Professions,25,Ob-Gyn Doctor,Gineco-obstetra,,Ob-Gyn Doctor,Gineco-obstetra,added,1365,,,
275,Medical Professions,26,Obstetrician,Obstetra,,Obstetrician,Obstetra,added,1366,,,
276,Medical Professions,27,Occupational Therapist,Terapeuta ocupacional,,Occupational Therapist,Terapeuta ocupacional,added,1367,,,
277,Medical Professions,28,Optometrist / Optician,Optometrista,,Optometrist / Optician,Optometrista,added,1368,,,
278,Medical Professions,29,Orthopedist,Ortopeda,,Orthopedist,Ortopeda,added,1369,,,
279,Medical Professions,30,Orthotics and Prosthetics,Órtesis y Prótesis,,Orthotics and Prosthetics,Órtesis y Prótesis,added,1370,,,
280,Medical Professions,31,Paramedic,Paramédico,,Paramedic,Paramédico,added,1371,,,
281,Medical Professions,32,Patient Navigator,Guia para pacientes,,Patient Navigator,Guia para pacientes,added,1372,,,
282,Medical Professions,33,Pediatric Nurse,Enfermera Pediátrica,,Pediatric Nurse,Enfermera Pediátrica,added,1373,,,
283,Medical Professions,34,Pediatrician,Pediatra,,Pediatrician,Pediatra,added,1374,,,
284,Medical Professions,35,Pharmacist,Farmacéutico,,Pharmacist,Farmacéutico,added,1375,,,
285,Medical Professions,36,Physician Assistant- PA,Médico Auxiliar,,Physician Assistant,Médico Auxiliar,added,1376,,,Sigla separada del término para mejorar la búsqueda.
286,Medical Professions,37,Podiatrist,Podólogo,,Podiatrist,Podólogo,added,1377,,,
287,Medical Professions,38,Primary Care Physician- PCP,Doctor de Cabecera,,Primary Care Physician,Doctor de Cabecera,updated_existing,5,,exact_english_or_abbreviation,Sigla separada del término para mejorar la búsqueda.
288,Medical Professions,39,Psychiatrist,Psiquiatra,,Psychiatrist,Psiquiatra,added,1378,,,
289,Medical Professions,40,Psychologist,Psicólogo,,Psychologist,Psicólogo,added,1379,,,
290,Medical Professions,41,Pulmonologist,Neumólogo,,Pulmonologist,Neumólogo,added,1380,,,
291,Medical Professions,42,Registered nurse,Enfermera certificada,,Registered nurse,Enfermera certificada,updated_existing,849,,exact_english_or_abbreviation,
292,Medical Professions,43,Resident Doctor,Doctor Residente,,Resident Doctor,Doctor Residente,added,1381,,,
293,Medical Professions,44,Social Worker,Trabajadora Social,,Social Worker,Trabajadora Social,added,1382,,,
294,Medical Professions,45,Surgeon,Cirujano,,Surgeon,Cirujano,added,1383,,,
295,Medical Professions,46,Therapist,Terapeuta,,Therapist,Terapeuta,added,1384,,,
296,Medical Professions,47,Triage Nurse,Enfermera de Clasificación,,Triage Nurse,Enfermera de Clasificación,added,1385,,,
297,Medical Professions,48,Vascular Surgeon,Cirujano vascular,,Vascular Surgeon,Cirujano vascular,added,1386,,,
298,Medical Professions,49,Veterinarian (vet),Veterinario,,Veterinarian (vet),Veterinario,added,1387,,,
299,Ophtalmology,1,Aqueous humor,Humor acuoso,,Aqueous humor,Humor acuoso,added,1388,,,
300,Ophtalmology,2,Astigmatism,Astigmatismo,,Astigmatism,Astigmatismo,added,1389,,,
301,Ophtalmology,3,Blind spot,Punto ciego,,Blind spot,Punto ciego,added,1390,,,
302,Ophtalmology,4,Blurry vision,Visión Borrosa,,Blurry vision,Visión Borrosa,added,1391,,,
303,Ophtalmology,5,Cataracts,Cataratas,,Cataracts,Cataratas,added,1392,,,
304,Ophtalmology,6,Cloudy vision,Visión nublada,,Cloudy vision,Visión nublada,added,1393,,,
305,Ophtalmology,7,Cones and rods,Conos y bastones,,Cones and rods,Conos y bastones,added,1394,,,
306,Ophtalmology,8,Contact lenses,Lentes de contacto,,Contact lenses,Lentes de contacto,added,1395,,,
307,Ophtalmology,9,Glaucoma,Glaucoma,,Glaucoma,Glaucoma,added,1396,,,
308,Ophtalmology,10,Hypermetropia/ Farsightedness,Hipermetropía,,Hypermetropia/ Farsightedness,Hipermetropía,added,1397,,,
309,Ophtalmology,11,Iris,Iris,,Iris,Iris,added,1398,,,
310,Ophtalmology,12,Myopia / Nearsightedness,Miopía,,Myopia / Nearsightedness,Miopía,added,1399,,,
311,Ophtalmology,13,Optic Nerve,Nervio óptico,,Optic Nerve,Nervio óptico,added,1400,,,
312,Ophtalmology,14,Pink eye/ Conjunctivitis,Conjuntivitis,,Pink eye/ Conjunctivitis,Conjuntivitis,added,1401,,,
313,Ophtalmology,15,Pupil,Pupila,,Pupil,Pupila,added,1402,,,
314,Ophtalmology,16,Redness,Enrojecimiento,,Redness,Enrojecimiento,added,1403,,,
315,Ophtalmology,17,Retina,Retina,,Retina,Retina,added,1404,,,
316,Ophtalmology,18,Retina Detachment,Desprendimiento de la retina,,Retina Detachment,Desprendimiento de la retina,added,1405,,,
317,Ophtalmology,19,Sclera,Esclerótica,,Sclera,Esclerótica,added,1406,,,
318,Ophtalmology,20,Shard,Esquirla,,Shard,Esquirla,added,1407,,,
319,Ophtalmology,21,Strabismus,Estrabismo,,Strabismus,Estrabismo,added,1408,,,
320,Ophtalmology,22,Sty,Orzuelo,,Sty,Orzuelo,added,1409,,,
321,Ophtalmology,23,Tear ducts,Conductos lagrimales,,Tear ducts,Conductos lagrimales,added,1410,,,
322,Ophtalmology,24,Watery eyes,Ojos Llorosos,,Watery eyes,Ojos Llorosos,added,1411,,,
323,Dermatology,1,Blister,Ampolla,,Blister,Ampolla,added,1412,,,
324,Dermatology,2,Blotch/ Spot,Parche / mancha,,Blotch/ Spot,Parche / mancha,added,1413,,,
325,Dermatology,3,Canker sore,Afta / Postemilla,,Canker sore,Afta / Postemilla,added,1414,,,
326,Dermatology,4,Cauterize,Cauterizar,,Cauterize,Cauterizar,added,1415,,,
327,Dermatology,5,Cold sore,Herpes labial,,Cold sore,Herpes labial,added,1416,,,
328,Dermatology,6,Eczema,Eczema / Dermatitis Atópica,,Eczema,Eczema / Dermatitis Atópica,added,1417,,,
329,Dermatology,7,Epidermis,Epidermis,,Epidermis,Epidermis,added,1418,,,
330,Dermatology,8,Eruption,Erupción,,Eruption,Erupción,added,1419,,,
331,Dermatology,9,Freckles,Pecas,,Freckles,Pecas,added,1420,,,
332,Dermatology,10,Gangrene,Gangrena,,Gangrene,Gangrena,added,1421,,,
333,Dermatology,11,Hair follicle,Folículo piloso,,Hair follicle,Folículo piloso,added,1422,,,
334,Dermatology,12,Hangnail,Uñero,,Hangnail,Uñero,added,1423,,,
335,Dermatology,13,Ingrown toenail,Uña encarnada,,Ingrown toenail,Uña encarnada,added,1424,,,
336,Dermatology,14,Moisturizing cream,Crema mumectante,,Moisturizing cream,Crema mumectante,added,1425,,,
337,Dermatology,15,Phototherapy,Fototerapia,,Phototherapy,Fototerapia,added,1426,,,
338,Dermatology,16,Psoriasis,Soriasis,,Psoriasis,Soriasis,added,1427,,,
339,Dermatology,17,Pores,Poros,,Pores,Poros,added,1428,,,
340,Dermatology,18,Rash,Sarpullido,,Rash,Sarpullido,added,1429,,,
341,Dermatology,19,Ringworm,Tiña,,Ringworm,Tiña,added,1430,,,
342,Dermatology,20,Scabies,Sarna,,Scabies,Sarna,added,1431,,,
343,Dermatology,21,Scalp,Cuero Cabelludo,,Scalp,Cuero Cabelludo,added,1432,,,
344,Dermatology,22,Skin Culture,Cultivo de piel,,Skin Culture,Cultivo de piel,added,1433,,,
345,Dermatology,23,Skin Layers,Capas de la piel,,Skin Layers,Capas de la piel,added,1434,,,
346,Dermatology,24,Skin tags,Papiloma Cutaneo,,Skin tags,Papiloma Cutaneo,added,1435,,,
347,Dermatology,25,Stretch marks,Estrías,,Stretch marks,Estrías,added,1436,,,
348,Dermatology,26,Sun screen,Filtro Solar,,Sun screen,Filtro Solar,added,1437,,,
349,Dermatology,27,Sunburn,Quemadura de sol,,Sunburn,Quemadura de sol,added,1438,,,
350,Dermatology,28,Vesicle,Vesícula,,Vesicle,Vesícula,added,1439,,,
351,Dermatology,29,Warts,Verrugas,,Warts,Verrugas,added,1440,,,
352,Dermatology,30,Wrinkles,Arrugas,,Wrinkles,Arrugas,added,1441,,,
353,Dental,1,Baby Teeth,Dientes de leche,,Baby Teeth,Dientes de leche,updated_existing,32,,exact_english_or_abbreviation,
354,Dental,2,Canine,Canino,,Canine,Canino,added,1442,,,
355,Dental,3,Chipped Tooth,Diente astillado,,Chipped Tooth,Diente astillado,added,1443,,,
356,Dental,4,Cleaning,Limpieza,,Cleaning,Limpieza,added,1444,,,
357,Dental,5,Crown,Corona,,Crown,Corona,added,1445,,,
358,Dental,6,Decay / Cavity,Caries dental,,Decay / Cavity,Caries dental,added,1446,,,
359,Dental,7,Dental braces,Frenillos Dentales,,Dental braces,Frenillos Dentales,added,1447,,,
360,Dental,8,Dental bridge,Puente dental,,Dental bridge,Puente dental,added,1448,,,
361,Dental,9,Dental Floss,Hilo dental,,Dental Floss,Hilo dental,added,1449,,,
362,Dental,10,Dentures,Dentadura postiza,,Dentures,Dentadura postiza,added,1450,,,
363,Dental,11,Enamel,Esmalte,,Enamel,Esmalte,added,1451,,,
364,Dental,12,Endodontics,Endodoncia,,Endodontics,Endodoncia,added,1452,,,
365,Dental,13,Filling,Obturación/ Relleno dental,,Filling,Obturación/ Relleno dental,added,1453,,,
366,Dental,14,Fluoride,Floruro,,Fluoride,Floruro,added,1454,,,
367,Dental,15,Gargle,Hacer gárgaras,,Gargle,Hacer gárgaras,added,1455,,,
368,Dental,16,Mouthguard,Duarda dental,,Mouthguard,Duarda dental,added,1456,,,
369,Dental,17,Mouthwash,Enjuague Bucal,,Mouthwash,Enjuague Bucal,updated_existing,1090,,exact_english_or_abbreviation,
370,Dental,18,Periodontal Disease,Enfermedad Periodontal,,Periodontal Disease,Enfermedad Periodontal,added,1457,,,
371,Dental,19,Plaque,Placa bacteriana,,Plaque,Placa bacteriana,added,1458,,,
372,Dental,20,Porcelain,Porcelana,,Porcelain,Porcelana,added,1459,,,
373,Dental,21,Root Canal,Tratamiento de nervios/ Endodoncia,,Root Canal,Tratamiento de nervios/ Endodoncia,added,1460,,,
374,Dental,22,TMJ- Temporomandibular joint Disorder,Trastorno de la articulación Temporomandibular,,Temporomandibular joint Disorder,Trastorno de la articulación Temporomandibular,updated_existing,852,,exact_english_or_abbreviation,Sigla separada del término para mejorar la búsqueda.
375,Dental,23,Toothpaste,Pasta dental,,Toothpaste,Pasta dental,added,1461,,,
376,Dental,24,Wisdom tooth,Muela del juicio,,Wisdom tooth,Muela del juicio,added,1462,,,
377,Genetics,1,Albinism,Albinismo,,Albinism,Albinismo,added,1463,,,
378,Genetics,2,Amino acids,Aminoácidos,,Amino acids,Aminoácidos,added,1464,,,
379,Genetics,3,Amniocentesis,Amniocentesis,,Amniocentesis,Amniocentesis,added,1465,,,
380,Genetics,4,Carrier,Portador,,Carrier,Portador,updated_existing,489,,exact_english_or_abbreviation,
381,Genetics,5,Chromosomes,Cromosomas,,Chromosomes,Cromosomas,added,1466,,,
382,Genetics,6,Color blindness,Daltonismo,,Color blindness,Daltonismo,added,1467,,,
383,Genetics,7,Congenital disease,Enfermedad Congénita,,Congenital disease,Enfermedad Congénita,added,1468,,,
384,Genetics,8,DNA,Ácido Desoxirribonucleico- ADN,,DNA,Ácido Desoxirribonucleico- ADN,added,1469,,,
385,Genetics,9,Down Syndrome,Síndrome de Down,,Down Syndrome,Síndrome de Down,added,1470,,,
386,Genetics,10,Gene,Gen,,Gene,Gen,added,1471,,,
387,Genetics,11,Genetic Defects,Defectos Genéticos,,Genetic Defects,Defectos Genéticos,added,1472,,,
388,Genetics,12,Genome,Genoma,,Genome,Genoma,added,1473,,,
389,Genetics,13,Genotype,Genotipo,,Genotype,Genotipo,added,1474,,,
390,Genetics,14,Inherit,Heredar,,Inherit,Heredar,updated_existing,1008,,exact_english_or_abbreviation,
391,Genetics,15,Molecules,Moléculas,,Molecules,Moléculas,added,1475,,,
392,Genetics,16,Mutation,Mutación,,Mutation,Mutación,added,1476,,,
393,Genetics,17,Phenotype,Fenotipo,,Phenotype,Fenotipo,added,1477,,,
394,Genetics,18,Recessive gene,Gen Recesivo,,Recessive gene,Gen Recesivo,added,1478,,,
395,Genetics,19,Sickle cell anemia,Anemia Falciforme,,Sickle cell anemia,Anemia Falciforme,added,1479,,,
396,OBGYN,1,Amenorrhea,Amenorrea,,Amenorrhea,Amenorrea,added,1480,,,
397,OBGYN,2,Amniotic Fluid,Líquido Amniótico,,Amniotic Fluid,Líquido Amniótico,added,1481,,,
398,OBGYN,3,Amniotic sac,Saco amniótico,,Amniotic sac,Saco amniótico,added,1482,,,
399,OBGYN,4,Benign tumor,Tumor benigno,,Benign tumor,Tumor benigno,added,1483,,,
400,OBGYN,5,Breast Engorgement,Congestion Mamaria,,Breast Engorgement,Congestion Mamaria,added,1484,,,
401,OBGYN,6,Breast Tenderness,Mastalgia,,Breast Tenderness,Mastalgia,added,1485,,,
402,OBGYN,7,C-Section,Cesárea,,C-Section,Cesárea,added,1486,,,
403,OBGYN,8,Colposcopy,colposcopía,,Colposcopy,colposcopía,added,1487,,,
404,OBGYN,9,Contraceptives,Anticonceptivos,,Contraceptives,Anticonceptivos,updated_existing,1042,,exact_english_or_abbreviation,
405,OBGYN,10,Contractions,Contracciones,,Contractions,Contracciones,added,1488,,,
406,OBGYN,11,Dilation,Dilatación,,Dilation,Dilatación,added,1489,,,
407,OBGYN,12,Discharge/ Drainage,Secreción,,Discharge/ Drainage,Secreción,added,1490,,,
408,OBGYN,13,Due date,Fecha probable de parto,,Due date,Fecha probable de parto,added,1491,,,
409,OBGYN,14,Ectopic Pregnancy,Embarazo Ectópico,,Ectopic Pregnancy,Embarazo Ectópico,added,1492,,,
410,OBGYN,15,Family planning,Planificación Familiar,,Family planning,Planificación Familiar,consolidated_source_duplicate,1294,196,,
411,OBGYN,16,Fetus,Feto,,Fetus,Feto,added,1493,,,
412,OBGYN,17,Full term,Término completo,,Full term,Término completo,added,1494,,,
413,OBGYN,18,Gestational Diabetes,Diabetes Gestacional,,Gestational Diabetes,Diabetes Gestacional,added,1495,,,
414,OBGYN,19,Heavy Bleeding,Sangrado abundante,,Heavy Bleeding,Sangrado abundante,added,1496,,,
415,OBGYN,20,Infertility,Infertilidad,,Infertility,Infertilidad,added,1497,,,
416,OBGYN,21,Jaundice,Ictericia,,Jaundice,Ictericia,added,1498,,,
417,OBGYN,22,Malignant Tumor,Tumor maligno,,Malignant Tumor,Tumor maligno,added,1499,,,
418,OBGYN,23,Mastéctomy,Mastectomía,,Mastéctomy,Mastectomía,added,1500,,,
419,OBGYN,24,Mastitis,Mastitis,,Mastitis,Mastitis,added,1501,,,
420,OBGYN,25,Menopause,Menopausia,,Menopause,Menopausia,added,1502,,,
421,OBGYN,26,Menstrual cycle,Ciclo menstrual,,Menstrual cycle,Ciclo menstrual,added,1503,,,
422,OBGYN,27,Menstrual pad,Toalla sanitaria,,Menstrual pad,Toalla sanitaria,updated_existing,1085,,exact_english_or_abbreviation,
423,OBGYN,28,Miscarriage,Aborto espontáneo,,Miscarriage,Aborto espontáneo,added,1504,,,
424,OBGYN,29,Newborn,Recien nacido,,Newborn,Recien nacido,added,1505,,,
425,OBGYN,30,Ovulation,Ovulación,,Ovulation,Ovulación,added,1506,,,
426,OBGYN,31,Pap Smear Test,Prueba de Papanicolau,,Pap Smear Test,Prueba de Papanicolau,added,1507,,,
427,OBGYN,32,Postpartum depression,Depresión Post Parto,,Postpartum depression,Depresión Post Parto,added,1508,,,
428,OBGYN,33,Preeclampsia,Preeclampsia,,Preeclampsia,Preeclampsia,added,1509,,,
429,OBGYN,34,Premature,Prematuro,,Premature,Prematuro,added,1510,,,
430,OBGYN,35,Prenatal vitamins,Vitaminas prenatales,,Prenatal vitamins,Vitaminas prenatales,updated_existing,1105,,exact_english_or_abbreviation,
431,OBGYN,36,Screening Mammogram,Mamografía de detección,,Screening Mammogram,Mamografía de detección,added,1511,,,
432,OBGYN,37,STD- Sexually Transmitted Diseases,Enfermedades de transmisión sexual,,Sexually Transmitted Diseases,Enfermedades de transmisión sexual,updated_existing,851,,exact_english_or_abbreviation,Sigla separada del término para mejorar la búsqueda.
433,OBGYN,38,Tubal Ligation,Ligadura de trompas de falopio,,Tubal Ligation,Ligadura de trompas de falopio,added,1512,,,
434,OBGYN,39,Umbilical cord,Cordón umbilical,,Umbilical cord,Cordón umbilical,added,1513,,,
435,OBGYN,40,Yeast Infection,Infección por candidiásis,,Yeast Infection,Infección por candidiásis,added,1514,,,
436,Tests and Procedures,1,Adenoidectomy,Adenoidectomía,,Adenoidectomy,Adenoidectomía,added,1515,,,
437,Tests and Procedures,2,Albumin Test,Prueba de Albúmina,,Albumin Test,Prueba de Albúmina,added,1516,,,
438,Tests and Procedures,3,Amniocentesis,Amniocentesis,,Amniocentesis,Amniocentesis,consolidated_source_duplicate,1465,379,,
439,Tests and Procedures,4,Appendectomy,Apendectomía,,Appendectomy,Apendectomía,added,1517,,,
440,Tests and Procedures,5,Arthroscopy,Artroscopia,,Arthroscopy,Artroscopia,added,1518,,,
441,Tests and Procedures,6,Auscultation,Auscultación,,Auscultation,Auscultación,added,1519,,,
442,Tests and Procedures,7,Barium Contrast Test,Prueba de Contraste de bario,,Barium Contrast Test,Prueba de Contraste de bario,added,1520,,,
443,Tests and Procedures,8,Biopsy,Biopsia,,Biopsy,Biopsia,added,1521,,,
444,Tests and Procedures,9,Blood test,Prueba de Sangre,,Blood test,Prueba de Sangre,added,1522,,,
445,Tests and Procedures,10,Blood Transfusion,Transfusión de sangre,,Blood Transfusion,Transfusión de sangre,added,1523,,,
446,Tests and Procedures,11,Bone Density Test,Prueba de densidad ósea,,Bone Density Test,Prueba de densidad ósea,added,1524,,,
447,Tests and Procedures,12,Breast Implant,Implante de senos,,Breast Implant,Implante de senos,added,1525,,,
448,Tests and Procedures,13,Cataract Surgery,Cirugía de cataratas,,Cataract Surgery,Cirugía de cataratas,added,1526,,,
449,Tests and Procedures,14,Catheterization,Cateterísmo,,Catheterization,Cateterísmo,added,1527,,,
450,Tests and Procedures,15,Cauterize,Cauterizar,,Cauterize,Cauterizar,consolidated_source_duplicate,1415,326,,
451,Tests and Procedures,16,Chemotherapy,Quimioterapia,,Chemotherapy,Quimioterapia,added,1528,,,
452,Tests and Procedures,17,Cholecystectomy,Colicistectomía,,Cholecystectomy,Colicistectomía,added,1529,,,
453,Tests and Procedures,18,Circumcision,Circuncisión,,Circumcision,Circuncisión,added,1530,,,
454,Tests and Procedures,19,Colon Prep,Preparación del Colon,,Colon Prep,Preparación del Colon,added,1531,,,
455,Tests and Procedures,20,Colostomy,Colostomía,,Colostomy,Colostomía,added,1532,,,
456,Tests and Procedures,21,Colposcopy,Colposcopía,,Colposcopy,Colposcopía,consolidated_source_duplicate,1487,403,,
457,Tests and Procedures,22,Contrast Dye,Tinte de contraste/ medio de Contraste,,Contrast Dye,Tinte de contraste/ medio de Contraste,added,1533,,,
458,Tests and Procedures,23,Cornea Transplant,Transplante de Cornea,,Cornea Transplant,Transplante de Cornea,added,1534,,,
459,Tests and Procedures,24,Coronary Artery Bypass,Desviación de la arteria coronaria,,Coronary Artery Bypass,Desviación de la arteria coronaria,added,1535,,,
460,Tests and Procedures,25,Creatinine Test,Prueba de Creatinina,,Creatinine Test,Prueba de Creatinina,added,1536,,,
461,Tests and Procedures,26,CT scan / CAT Scan,Tomografia (Axial) Computariza,,CT scan / CAT Scan,Tomografia (Axial) Computariza,added,1537,,,
462,Tests and Procedures,27,Cystoscopy,Cistoscopia,,Cystoscopy,Cistoscopia,added,1538,,,
463,Tests and Procedures,28,Dilation & Curettage,Dilatación y legrado,,Dilation & Curettage,Dilatación y legrado,updated_existing,815,,exact_english_or_abbreviation,
464,Tests and Procedures,29,Echocardiogram- ECG,Ecocardiograma,,Echocardiogram,Ecocardiograma,added,1539,,,Sigla separada del término para mejorar la búsqueda. La fuente asocia ECG con Echocardiogram. No se añadió esa sigla a la ficha porque el proyecto ya la usa para Electrocardiogram; la forma fuente permanece documentada.
465,Tests and Procedures,30,EGD- Esophagogastroduodenoscopy,Esofagogastroduodenoscopía,,Esophagogastroduodenoscopy,Esofagogastroduodenoscopía,updated_existing,823,,exact_english_or_abbreviation,Sigla separada del término para mejorar la búsqueda.
466,Tests and Procedures,31,Electrocardiogram- EKG,Electrocardiograma,,Electrocardiogram,Electrocardiograma,updated_existing,821,,exact_english_or_abbreviation,Sigla separada del término para mejorar la búsqueda.
467,Tests and Procedures,32,Electroencephalogram- EEG,Electroencefalograma,,Electroencephalogram,Electroencefalograma,updated_existing,822,,exact_english_or_abbreviation,Sigla separada del término para mejorar la búsqueda.
468,Tests and Procedures,33,Enema,Enema *Anal*,,Enema,Enema *Anal*,added,1540,,,
469,Tests and Procedures,34,Epidural Anesthesia,Anestesia Epidural,,Epidural Anesthesia,Anestesia Epidural,added,1541,,,
470,Tests and Procedures,35,Fetal Non Stress Test,Prueba Sin Esfuerzo Cardíaco Fetal,,Fetal Non Stress Test,Prueba Sin Esfuerzo Cardíaco Fetal,added,1542,,,
471,Tests and Procedures,36,Gastric Lavage / Gastric Pumping,Lavado gástrico,,Gastric Lavage / Gastric Pumping,Lavado gástrico,added,1543,,,
472,Tests and Procedures,37,Glaucoma Test,Prueba de Glaucoma,,Glaucoma Test,Prueba de Glaucoma,added,1544,,,
473,Tests and Procedures,38,Heel Prick,Punción talonar,,Heel Prick,Punción talonar,added,1545,,,
474,Tests and Procedures,39,Hemodialysis,Hemodialisis,,Hemodialysis,Hemodialisis,added,1546,,,
475,Tests and Procedures,40,Hernia Repair Surgery,Cirugía de reparación de hernia,,Hernia Repair Surgery,Cirugía de reparación de hernia,added,1547,,,
476,Tests and Procedures,41,Hip replacement,Sustitución de cadera,,Hip replacement,Sustitución de cadera,added,1548,,,
477,Tests and Procedures,42,Hysterectomy,Histerectomía,,Hysterectomy,Histerectomía,added,1549,,,
478,Tests and Procedures,43,Hysteroscopy,Histeroscopia,,Hysteroscopy,Histeroscopia,added,1550,,,
479,Tests and Procedures,44,Infusions,Infusiones,,Infusions,Infusiones,added,1551,,,
480,Tests and Procedures,45,Intubation,Intubación,,Intubation,Intubación,added,1552,,,
481,Tests and Procedures,46,Kegel Exercises,Ejercicios de Kegel,,Kegel Exercises,Ejercicios de Kegel,added,1553,,,
482,Tests and Procedures,47,Kidney Function Test,Prueba de función renal,,Kidney Function Test,Prueba de función renal,added,1554,,,
483,Tests and Procedures,48,Knee replacement,Sustitución de rodilla,,Knee replacement,Sustitución de rodilla,added,1555,,,
484,Tests and Procedures,49,Laparoscopic Surgery,Cirugía Laparoscópica,,Laparoscopic Surgery,Cirugía Laparoscópica,added,1556,,,
485,Tests and Procedures,50,Lipid Panel,Perfil lipídico,,Lipid Panel,Perfil lipídico,added,1557,,,
486,Tests and Procedures,51,Lumbar Puncture /Spinal Tap,Punción lumbar,,Lumbar Puncture /Spinal Tap,Punción lumbar,added,1558,,,
487,Tests and Procedures,52,Lumpectomy,Tumorectomía / Extirpación de tumor,,Lumpectomy,Tumorectomía / Extirpación de tumor,added,1559,,,
488,Tests and Procedures,53,Mammogram,Mamografía,,Mammogram,Mamografía,added,1560,,,
489,Tests and Procedures,54,Mastectomy,Mastectomía,,Mastectomy,Mastectomía,consolidated_source_duplicate,1500,418,,
490,Tests and Procedures,55,Pap Smear Test,Prueba de papanicolau,,Pap Smear Test,Prueba de papanicolau,consolidated_source_duplicate,1507,426,,
491,Tests and Procedures,56,Physical Exam,Exámen físico,,Physical Exam,Exámen físico,added,1561,,,
492,Tests and Procedures,57,Polypectomy/ Polyp Removal,Polipectomía/ Extirpación de Pólipos,,Polypectomy/ Polyp Removal,Polipectomía/ Extirpación de Pólipos,added,1562,,,
493,Tests and Procedures,58,Prostatic Specific Antigen Test- PSA,Prueba de Antígeno prostático específico,,Prostatic Specific Antigen Test,Prueba de Antígeno prostático específico,added,1563,,,Sigla separada del término para mejorar la búsqueda.
494,Tests and Procedures,59,Screening test,Prueba de detección / tamizaje,,Screening test,Prueba de detección / tamizaje,added,1564,,,
495,Tests and Procedures,60,Skin Graft,Injerto de piel,,Skin Graft,Injerto de piel,added,1565,,,
496,Tests and Procedures,61,Sleep Study,Estudio del sueño,,Sleep Study,Estudio del sueño,added,1566,,,
497,Tests and Procedures,62,Sonogram,Sonograma/ Ecografía,,Sonogram,Sonograma/ Ecografía,added,1567,,,
498,Tests and Procedures,63,Spinal Anesthesia,Anestesia raquidea,,Spinal Anesthesia,Anestesia raquidea,added,1568,,,
499,Tests and Procedures,64,Spirometry Test,Prueba de espirometría,,Spirometry Test,Prueba de espirometría,added,1569,,,
500,Tests and Procedures,65,Stress test,Prueba de tolerancia al esfuerzo cardíaco,,Stress test,Prueba de tolerancia al esfuerzo cardíaco,updated_existing,24,,exact_english_or_abbreviation,
501,Tests and Procedures,66,Surgery,Cirugía,,Surgery,Cirugía,added,1570,,,
502,Tests and Procedures,67,Swab,Hisopado,,Swab,Hisopado,updated_existing,25,,exact_english_or_abbreviation,
503,Tests and Procedures,68,Swallowing test,Prueba de deglución,,Swallowing test,Prueba de deglución,added,1571,,,
504,Tests and Procedures,69,TB Skin test,Prueba cutánea de tuberculina,,TB Skin test,Prueba cutánea de tuberculina,added,1572,,,
505,Tests and Procedures,70,Tonsillectomy,Amigdalectomía,,Tonsillectomy,Amigdalectomía,added,1573,,,
506,Tests and Procedures,71,Tracheostomy,Traqueostomía,,Tracheostomy,Traqueostomía,added,1574,,,
507,Tests and Procedures,72,Upper Endoscopy,Endoscopia digestiva alta,,Upper Endoscopy,Endoscopia digestiva alta,updated_existing,823,,exact_english_or_abbreviation,
508,Tests and Procedures,73,Urine Test,Prueba de orina,,Urine Test,Prueba de orina,updated_existing,1013,,exact_english_or_abbreviation,
509,Tests and Procedures,74,Uroculture/ Urine Culture,Urocultivo/ cultivo de orina,,Uroculture/ Urine Culture,Urocultivo/ cultivo de orina,updated_existing,1014,,exact_english_or_abbreviation,
510,Tests and Procedures,75,Vaginal Douche,Lavado / ducha vaginal,,Vaginal Douche,Lavado / ducha vaginal,updated_existing,1015,,exact_english_or_abbreviation,
511,Tests and Procedures,76,Vaginoplasty,Vaginoplastía,,Vaginoplasty,Vaginoplastía,updated_existing,1016,,exact_english_or_abbreviation,
512,Tests and Procedures,77,Vital signs check,Revisión de Signos Vitales,,Vital signs check,Revisión de Signos Vitales,updated_existing,1017,,exact_english_or_abbreviation,
513,Tests and Procedures,78,Wound Debridement,Desbridamiento de heridas,,Wound Debridement,Desbridamiento de heridas,updated_existing,1018,,exact_english_or_abbreviation,
514,Medical Supplies,1,Aid Button,Botón de ayuda,,Aid Button,Botón de ayuda,updated_existing,1019,,exact_english_or_abbreviation,
515,Medical Supplies,2,Artificial Nipple,Pezón artificial,,Artificial Nipple,Pezón artificial,updated_existing,1020,,exact_english_or_abbreviation,
516,Medical Supplies,3,Baby bottle,Biberón,,Baby bottle,Biberón,updated_existing,31,,exact_english_or_abbreviation,
517,Medical Supplies,4,Baby car seat,Asiento de seguridad para bebés,,Baby car seat,Asiento de seguridad para bebés,updated_existing,1021,,exact_english_or_abbreviation,
518,Medical Supplies,5,Bandage,Vendaje,,Bandage,Vendaje,updated_existing,1022,,exact_english_or_abbreviation,
519,Medical Supplies,6,Bassinet,"Moises, cargador para bebé",,Bassinet,"Moises, cargador para bebé",updated_existing,1023,,exact_english_or_abbreviation,
520,Medical Supplies,7,Blood pressure cuff,Manga para tomar la presión arterial,,Blood pressure cuff,Manga para tomar la presión arterial,updated_existing,1025,,exact_english_or_abbreviation,
521,Medical Supplies,8,Body lotion,Crema Corporal,,Body lotion,Crema Corporal,updated_existing,1026,,exact_english_or_abbreviation,
522,Medical Supplies,9,Brace,Abrazadera,,Brace,Abrazadera,updated_existing,1029,,exact_english_or_abbreviation,
523,Medical Supplies,10,Breast pump,Extractor de leche materna,,Breast pump,Extractor de leche materna,updated_existing,28,,exact_english_or_abbreviation,
524,Medical Supplies,11,Bulb Syringe,Succionador nasal,,Bulb Syringe,Succionador nasal,updated_existing,1030,,exact_english_or_abbreviation,
525,Medical Supplies,12,Cane,Bastón,,Cane,Bastón,updated_existing,1031,,exact_english_or_abbreviation,
526,Medical Supplies,13,Cast,Yeso,,Cast,Yeso,updated_existing,1032,,exact_english_or_abbreviation,
527,Medical Supplies,14,Catheter,Catéter,,Catheter,Catéter,updated_existing,1033,,exact_english_or_abbreviation,
528,Medical Supplies,15,Colostomy bags,Bolsas para colostomía,,Colostomy bags,Bolsas para colostomía,updated_existing,1037,,exact_english_or_abbreviation,
529,Medical Supplies,16,Compression Stockings,Medias de compresión,,Compression Stockings,Medias de compresión,updated_existing,1038,,exact_english_or_abbreviation,
530,Medical Supplies,17,Condom,Preservativo,,Condom,Preservativo,updated_existing,1039,,exact_english_or_abbreviation,
531,Medical Supplies,18,Container / Cup,Recipiente,,Container / Cup,Recipiente,updated_existing,1040,,manual_existing_map,
532,Medical Supplies,19,Contraceptive Implant,Implante Anticonceptivo,,Contraceptive Implant,Implante Anticonceptivo,updated_existing,1041,,exact_english_or_abbreviation,
533,Medical Supplies,20,Contraceptives,Anticonceptivos,,Contraceptives,Anticonceptivos,consolidated_source_duplicate,1042,404,exact_english_or_abbreviation,
534,Medical Supplies,21,Cotton balls,Algodones,,Cotton balls,Algodones,updated_existing,1043,,exact_english_or_abbreviation,
535,Medical Supplies,22,Cotton Swab/ Q-tip,Isopo,,Cotton Swab/ Q-tip,Isopo,updated_existing,1044,,exact_english_or_abbreviation,
536,Medical Supplies,23,Crib,Cuna,,Crib,Cuna,updated_existing,1047,,exact_english_or_abbreviation,
537,Medical Supplies,24,Crutches,Muletas,,Crutches,Muletas,updated_existing,1048,,exact_english_or_abbreviation,
538,Medical Supplies,25,Defibrillator,Desfibrilador,,Defibrillator,Desfibrilador,updated_existing,1049,,exact_english_or_abbreviation,
539,Medical Supplies,26,Deodorant,Desodorante,,Deodorant,Desodorante,updated_existing,1050,,exact_english_or_abbreviation,
540,Medical Supplies,27,Dressing (for wound),Apósito,,Dressing (for wound),Apósito,updated_existing,1051,,exact_english_or_abbreviation,
541,Medical Supplies,28,Examination Table,Mesa para examinar,,Examination Table,Mesa para examinar,updated_existing,1055,,exact_english_or_abbreviation,
542,Medical Supplies,29,First aid kit,Estuche para primeros auxilios,,First aid kit,Estuche para primeros auxilios,updated_existing,1056,,exact_english_or_abbreviation,
543,Medical Supplies,30,Fistula,Fístula,,Fistula,Fístula,updated_existing,1057,,exact_english_or_abbreviation,
544,Medical Supplies,31,Floss,Hilo dental,,Floss,Hilo dental,updated_existing,1058,,exact_english_or_abbreviation,
545,Medical Supplies,32,Foley Catheter,Catéter de Foley / Sonda Urinaria,,Foley Catheter,Catéter de Foley / Sonda Urinaria,updated_existing,1060,,exact_english_or_abbreviation,
546,Medical Supplies,33,Forceps,Pinzas / tenaza,,Forceps,Pinzas / tenaza,updated_existing,1061,,exact_english_or_abbreviation,
547,Medical Supplies,34,Gauze,Gaza,,Gauze,Gaza,updated_existing,1062,,exact_english_or_abbreviation,
548,Medical Supplies,35,Gloves,Guantes,,Gloves,Guantes,updated_existing,1063,,exact_english_or_abbreviation,
549,Medical Supplies,36,Glucose Monitor/ Glucometer,Glucómetro,,Glucose Monitor/ Glucometer,Glucómetro,updated_existing,1064,,exact_english_or_abbreviation,
550,Medical Supplies,37,Gown,Bata,,Gown,Bata,updated_existing,1065,,exact_english_or_abbreviation,
551,Medical Supplies,38,Hand Sanitizer,Gel desinfectante de manos,,Hand Sanitizer,Gel desinfectante de manos,updated_existing,1067,,exact_english_or_abbreviation,
552,Medical Supplies,39,Hearing aid,Aparato o dispositivo auditivo,,Hearing aid,Aparato o dispositivo auditivo,updated_existing,1068,,exact_english_or_abbreviation,
553,Medical Supplies,40,Hot compress,Compresa Caliente,,Hot compress,Compresa Caliente,updated_existing,1070,,exact_english_or_abbreviation,
554,Medical Supplies,41,Humidifier,Humidificador,,Humidifier,Humidificador,updated_existing,1071,,exact_english_or_abbreviation,
555,Medical Supplies,42,Hydrogen Peroxide,Agua oxigenada,,Hydrogen Peroxide,Agua oxigenada,updated_existing,1072,,exact_english_or_abbreviation,
556,Medical Supplies,43,Ice Pack,Compresa fría,,Ice Pack,Compresa fría,updated_existing,1073,,exact_english_or_abbreviation,
557,Medical Supplies,44,Immunization Chart/ Records,"Expediente, Registro de Vacunas",,Immunization Chart/ Records,"Expediente, Registro de Vacunas",updated_existing,1074,,exact_english_or_abbreviation,
558,Medical Supplies,45,Incentive Spirometer,Espirômetro Incentivo,,Incentive Spirometer,Espirômetro Incentivo,updated_existing,1075,,exact_english_or_abbreviation,
559,Medical Supplies,46,Incubator (isolette),Incubadora,,Incubator (isolette),Incubadora,updated_existing,1076,,exact_english_or_abbreviation,
560,Medical Supplies,47,IV Fluids,Líquidos intravenosos,,IV Fluids,Líquidos intravenosos,updated_existing,1078,,exact_english_or_abbreviation,
561,Medical Supplies,48,Lancets,Lancetas,,Lancets,Lancetas,updated_existing,1079,,exact_english_or_abbreviation,
562,Medical Supplies,49,Log / Diary,"Bitácora, registro, diario",,Log / Diary,"Bitácora, registro, diario",updated_existing,1080,,exact_english_or_abbreviation,
563,Medical Supplies,50,Mask,Mascarilla,,Mask,Mascarilla,updated_existing,1083,,exact_english_or_abbreviation,
564,Medical Supplies,51,Mattress,Colchón,,Mattress,Colchón,updated_existing,1084,,exact_english_or_abbreviation,
565,Medical Supplies,52,Metal plate,Placa metálica,,Metal plate,Placa metálica,updated_existing,1086,,exact_english_or_abbreviation,
566,Medical Supplies,53,Microscope,Microscopio,,Microscope,Microscopio,updated_existing,1087,,exact_english_or_abbreviation,
567,Medical Supplies,54,Monitor,Monitor,,Monitor,Monitor,updated_existing,1088,,exact_english_or_abbreviation,
568,Medical Supplies,55,Moisturizing lotion,Crema humectante,,Moisturizing lotion,Crema humectante,updated_existing,1089,,exact_english_or_abbreviation,
569,Medical Supplies,56,Nail clipper,Cortauñas,,Nail clipper,Cortauñas,updated_existing,1091,,exact_english_or_abbreviation,
570,Medical Supplies,57,Nails,Clavos/uñas,,Nails,Clavos/uñas,updated_existing,1092,,exact_english_or_abbreviation,
571,Medical Supplies,58,Nasal Spray,Atomizador nasal,,Nasal Spray,Atomizador nasal,updated_existing,1093,,exact_english_or_abbreviation,
572,Medical Supplies,59,Nebulizer,Nebulizador,,Nebulizer,Nebulizador,updated_existing,1094,,exact_english_or_abbreviation,
573,Medical Supplies,60,Neck Brace/ Neck immobilizer,Collarín / Collar Cervical/ Inmovilizador de cuello,,Neck Brace/ Neck immobilizer,Collarín / Collar Cervical/ Inmovilizador de cuello,updated_existing,1095,,exact_english_or_abbreviation,
574,Medical Supplies,61,NG Tube,Sonda Naso-gástrica,,NG Tube,Sonda Naso-gástrica,updated_existing,1096,,exact_english_or_abbreviation,
575,Medical Supplies,62,Ointment,Ungüento,,Ointment,Ungüento,updated_existing,1097,,exact_english_or_abbreviation,
576,Medical Supplies,63,Orthopedic shoes,Zapatos ortopédicos,,Orthopedic shoes,Zapatos ortopédicos,updated_existing,1098,,exact_english_or_abbreviation,
577,Medical Supplies,64,Otoscope,Otoscopio,,Otoscope,Otoscopio,updated_existing,1099,,exact_english_or_abbreviation,
578,Medical Supplies,65,Outpatient Procedure,Procedimiento Ambulatorio (Same day),,Outpatient Procedure,Procedimiento Ambulatorio (Same day),updated_existing,1100,,exact_english_or_abbreviation,
579,Medical Supplies,66,Oximeter,Oxímetro,,Oximeter,Oxímetro,updated_existing,1101,,exact_english_or_abbreviation,
580,Medical Supplies,67,Oxygen Tank,Tanque de oxígeno,,Oxygen Tank,Tanque de oxígeno,updated_existing,1102,,exact_english_or_abbreviation,
581,Medical Supplies,68,Pacemaker,Marcapasos,,Pacemaker,Marcapasos,updated_existing,1103,,exact_english_or_abbreviation,
582,Medical Supplies,69,Medical Chart,Expediente médico,,Medical Chart,Expediente médico,added,1575,,,
583,Medical Supplies,70,Petroleum Jelly/ Vaseline,Vaselina,,Petroleum Jelly/ Vaseline,Vaselina,added,1576,,,
584,Medical Supplies,71,Prosthesis,Prótesis,,Prosthesis,Prótesis,added,1577,,,
585,Medical Supplies,72,Scale,"Pesa, Báscula, Balanza",,Scale,"Pesa, Báscula, Balanza",added,1578,,,
586,Medical Supplies,73,Scalpel / Surgical Knife,Bisturí / escalpelo,,Scalpel / Surgical Knife,Bisturí / escalpelo,added,1579,,,
587,Medical Supplies,74,Scope,Endoscópico,,Scope,Endoscópico,added,1580,,,
588,Medical Supplies,75,Screws,Tornillos,,Screws,Tornillos,added,1581,,,
589,Medical Supplies,76,Sensor,Sensor,,Sensor,Sensor,added,1582,,,
590,Medical Supplies,77,Sharp Container,Recipiente p/ objetos cortopunzantes,,Sharp Container,Recipiente p/ objetos cortopunzantes,added,1583,,,
591,Medical Supplies,78,Shunt,Válvula/ derivación,,Shunt,Válvula/ derivación,added,1584,,,
592,Medical Supplies,79,Sling,Cabestríllo,,Sling,Cabestríllo,added,1585,,,
593,Medical Supplies,80,Speculum,Espéculo,,Speculum,Espéculo,added,1586,,,
594,Medical Supplies,81,Splint,Tablilla/ férula/ Inmovilizador,,Splint,Tablilla/ férula/ Inmovilizador,added,1587,,,
595,Medical Supplies,82,Staples,Grapas,,Staples,Grapas,added,1588,,,
596,Medical Supplies,83,Stent,Endoprótesis (vascular),,Stent,Endoprótesis (vascular),added,1589,,,
597,Medical Supplies,84,Stethoscope,Estetoscopio,,Stethoscope,Estetoscopio,added,1590,,,
598,Medical Supplies,85,Stitches /sutures,Puntos/ Suturas,,Stitches /sutures,Puntos/ Suturas,updated_existing,27,,manual_existing_map,
599,Medical Supplies,86,Stool Sample Cards,Tarjetas para muestras de heces,,Stool Sample Cards,Tarjetas para muestras de heces,added,1591,,,
600,Medical Supplies,87,Stretcher,Camilla (con ruedas),,Stretcher,Camilla (con ruedas),added,1592,,,
601,Medical Supplies,88,String - (IUD),"Cordón, Hilo",,String - (IUD),"Cordón, Hilo",added,1593,,,
602,Medical Supplies,89,Strips,Tiras reactivas,,Strips,Tiras reactivas,added,1594,,,
603,Medical Supplies,90,Stroller,Coche para bebé,,Stroller,Coche para bebé,added,1595,,,
604,Medical Supplies,91,Surgical Mesh,Malla Quirúrgica,,Surgical Mesh,Malla Quirúrgica,added,1596,,,
605,Medical Supplies,92,Syringe,Jeringa,,Syringe,Jeringa,added,1597,,,
606,Medical Supplies,93,Syrup,Jarabe,,Syrup,Jarabe,added,1598,,,
607,Medical Supplies,94,Tampons,Tampones,,Tampons,Tampones,added,1599,,,
608,Medical Supplies,95,Thermometer,Termómetro,,Thermometer,Termómetro,added,1600,,,
609,Medical Supplies,96,Treadmill,Caminadora,,Treadmill,Caminadora,added,1601,,,
610,Medical Supplies,97,Tongue depressor,Baja lengua,,Tongue depressor,Baja lengua,added,1602,,,
611,Medical Supplies,98,Tweezers,Pinzas,,Tweezers,Pinzas,added,1603,,,
612,Medical Supplies,99,Urinal,Urinario,,Urinal,Urinario,added,1604,,,
613,Medical Supplies,100,Vaporizer,Vaporizador,,Vaporizer,Vaporizador,added,1605,,,
614,Medical Supplies,101,Ventilator,Ventilador,,Ventilator,Ventilador,added,1606,,,
615,Medical Supplies,102,Walk-in clinic,Clínica ambulatoria,,Walk-in clinic,Clínica ambulatoria,consolidated_source_duplicate,1340,246,,
616,Medical Supplies,103,Walker,Andador,,Walker,Andador,added,1607,,,
617,Medical Supplies,104,Wheelchair,Silla de ruedas,,Wheelchair,Silla de ruedas,added,1608,,,
618,Medical Supplies,105,Wristband/ bracelet,Brazalete de identificación,,Wristband/ bracelet,Brazalete de identificación,added,1609,,,
619,"Symptoms, conditions",1,Abortion,Aborto (inducido),,Abortion,Aborto (inducido),added,1610,,,
620,"Symptoms, conditions",2,Abscess,Absceso,,Abscess,Absceso,added,1611,,,
621,"Symptoms, conditions",3,Acid Reflux,Reflujo ácido,,Acid Reflux,Reflujo ácido,added,1612,,,
622,"Symptoms, conditions",4,Allergic reaction,Reacción alérgica,,Allergic reaction,Reacción alérgica,added,1613,,,
623,"Symptoms, conditions",5,Arrhythmia,Arritmia,,Arrhythmia,Arritmia,added,1614,,,
624,"Symptoms, conditions",6,Bad smell / foul smelling,Mal olor / maloliente,,Bad smell / foul smelling,Mal olor / maloliente,added,1615,,,
625,"Symptoms, conditions",7,Bedbugs,Chinches,,Bedbugs,Chinches,updated_existing,757,,exact_english_or_abbreviation,
626,"Symptoms, conditions",8,Bedridden,Postrado en cama,,Bedridden,Postrado en cama,added,1616,,,
627,"Symptoms, conditions",9,Bedsore,Llaga de cama,,Bedsore,Llaga de cama,added,1617,,,
628,"Symptoms, conditions",10,Birthmark/ mole,Lunar,,Birthmark/ mole,Lunar,added,1618,,,
629,"Symptoms, conditions",11,Bite,Mordida / picadura,,Bite,Mordida / picadura,added,1619,,,
630,"Symptoms, conditions",12,Bloating,Hinchazón (estómago),,Bloating,Hinchazón (estómago),added,1620,,,
631,"Symptoms, conditions",13,Blurry vision / blurred,Vision borrosa,,Blurry vision / blurred,Vision borrosa,added,1621,,,
632,"Symptoms, conditions",14,Body Fluids,Fluidos corporales,,Body Fluids,Fluidos corporales,added,1622,,,
633,"Symptoms, conditions",15,Boil,Divieso (nacido),,Boil,Divieso (nacido),added,1623,,,
634,"Symptoms, conditions",16,Bowel movement,Defecación,,Bowel movement,Defecación,updated_existing,14,,exact_english_or_abbreviation,
635,"Symptoms, conditions",17,Bruise,Moretón,,Bruise,Moretón,added,1624,,,
636,"Symptoms, conditions",18,Burning Sensation,Sensación de ardor,,Burning Sensation,Sensación de ardor,added,1625,,,
637,"Symptoms, conditions",19,Burp,Eructar (Méx. repetir),,Burp,Eructar (Méx. repetir),updated_existing,951,,exact_english_or_abbreviation,
638,"Symptoms, conditions",20,Calcification,Calcificación,,Calcification,Calcificación,added,1626,,,
639,"Symptoms, conditions",21,Callus,Callo (dureza),,Callus,Callo (dureza),added,1627,,,
640,"Symptoms, conditions",22,Collostrum,Calostro,,Collostrum,Calostro,added,1628,,,
641,"Symptoms, conditions",23,Chest pain,Dolor en el pecho,,Chest pain,Dolor en el pecho,added,1629,,,
642,"Symptoms, conditions",24,Chills,Escalofríos,,Chills,Escalofríos,added,1630,,,
643,"Symptoms, conditions",25,Chipped,Astillado,,Chipped,Astillado,added,1631,,,
644,"Symptoms, conditions",26,Cholesterol,Colesterol,,Cholesterol,Colesterol,added,1632,,,
645,"Symptoms, conditions",27,Compression stockings,Medias de compresión,,Compression stockings,Medias de compresión,consolidated_source_duplicate,1038,529,exact_english_or_abbreviation,
646,"Symptoms, conditions",28,Connective tissue,Tejido conectivo,,Connective tissue,Tejido conectivo,added,1633,,,
647,"Symptoms, conditions",29,Constipation,Estreñimiento,,Constipation,Estreñimiento,updated_existing,18,,exact_english_or_abbreviation,
648,"Symptoms, conditions",30,Contagious/ communicable,Contagioso,,Contagious/ communicable,Contagioso,added,1634,,,
649,"Symptoms, conditions",31,Contractions,Contracciones,,Contractions,Contracciones,consolidated_source_duplicate,1488,405,,
650,"Symptoms, conditions",32,Contrast dye,Tinte de contraste (para MRI),,Contrast dye,Tinte de contraste (para MRI),consolidated_source_duplicate,1533,457,,
651,"Symptoms, conditions",33,Cough up,Espectorar / Toser,,Cough up,Espectorar / Toser,added,1635,,,
652,"Symptoms, conditions",34,Cramping,"Calambres, cólicos",,Cramping,"Calambres, cólicos",added,1636,,,
653,"Symptoms, conditions",35,Cravings,"Antojos, deseos",,Cravings,"Antojos, deseos",added,1637,,,
654,"Symptoms, conditions",36,Crooked,Torcido,,Crooked,Torcido,added,1638,,,
655,"Symptoms, conditions",37,Cyst,Quiste,,Cyst,Quiste,added,1639,,,
656,"Symptoms, conditions",38,Deficiency,Deficiencia,,Deficiency,Deficiencia,added,1640,,,
657,"Symptoms, conditions",39,Deformity / Malformation,Deformidad,,Deformity / Malformation,Deformidad,added,1641,,,
658,"Symptoms, conditions",40,Dehydrated,Deshidratado,,Dehydrated,Deshidratado,added,1642,,,
659,"Symptoms, conditions",41,Difficulty breathing,Dificultad para respirar,,Difficulty breathing,Dificultad para respirar,added,1643,,,
660,"Symptoms, conditions",42,Discharge,Secreción / dar de alta,,Discharge,Secreción / dar de alta,updated_existing,12,,manual_existing_map,
661,"Symptoms, conditions",43,Discomfort,Malestar / molestia,,Discomfort,Malestar / molestia,added,1644,,,
662,"Symptoms, conditions",44,Disorder,Trastorno,,Disorder,Trastorno,added,1645,,,
663,"Symptoms, conditions",45,Distress,Sufrimiento / Angustia,,Distress,Sufrimiento / Angustia,added,1646,,,
664,"Symptoms, conditions",46,Disturbance,Perturbación,,Disturbance,Perturbación,added,1647,,,
665,"Symptoms, conditions",47,Drain/ Drainage,Drenar/ Drenage,,Drain/ Drainage,Drenar/ Drenage,updated_existing,19,,manual_existing_map,
666,"Symptoms, conditions",48,Draw Blood,Sacar sangre,,Draw Blood,Sacar sangre,updated_existing,962,,exact_english_or_abbreviation,
667,"Symptoms, conditions",49,Dripping,Goteo,,Dripping,Goteo,added,1648,,,
668,"Symptoms, conditions",50,Drowsiness,Somnolencia,,Drowsiness,Somnolencia,added,1649,,,
669,"Symptoms, conditions",51,Drowsy,Somnoliento,,Drowsy,Somnoliento,added,1650,,,
670,"Symptoms, conditions",52,Dry cough,Tos seca,,Dry cough,Tos seca,added,1651,,,
671,"Symptoms, conditions",53,Dustmite,Ácaros,,Dustmite,Ácaros,updated_existing,793,,exact_english_or_abbreviation,
672,"Symptoms, conditions",54,Ear wax,Cera en el oído,,Ear wax,Cera en el oído,added,1652,,,
673,"Symptoms, conditions",55,Enlarged Prostate,Próstata agrandada,,Enlarged Prostate,Próstata agrandada,added,1653,,,
674,"Symptoms, conditions",56,Fainting spells,Episodios de desmayo,,Fainting spells,Episodios de desmayo,added,1654,,,
675,"Symptoms, conditions",57,Fatigue,Fatiga,,Fatigue,Fatiga,added,1655,,,
676,"Symptoms, conditions",58,Fibers,Fibras,,Fibers,Fibras,added,1656,,,
677,"Symptoms, conditions",59,Fissure,Fisura,,Fissure,Fisura,added,1657,,,
678,"Symptoms, conditions",60,Flare up,Exacerbación,,Flare up,Exacerbación,added,1658,,,
679,"Symptoms, conditions",61,Fluid / Water Retention,Retención de líquidos /agua,,Fluid / Water Retention,Retención de líquidos /agua,added,1659,,,
680,"Symptoms, conditions",62,Food poisoning,Intoxicación alimenticia,,Food poisoning,Intoxicación alimenticia,added,1660,,,
681,"Symptoms, conditions",63,Funny taste,Sabor extraño,,Funny taste,Sabor extraño,added,1661,,,
682,"Symptoms, conditions",64,Gain weight,Subir/ Aumentar de peso,,Gain weight,Subir/ Aumentar de peso,added,1662,,,
683,"Symptoms, conditions",65,Gallstones,Piedras en la vesícula,,Gallstones,Piedras en la vesícula,consolidated_source_duplicate,1243,142,,
684,"Symptoms, conditions",66,Gangrene,Gangrena,,Gangrene,Gangrena,consolidated_source_duplicate,1421,332,,
685,"Symptoms, conditions",67,Give Birth/ Deliver,Dar a luz/ parir (Aliviarse),,Give Birth/ Deliver,Dar a luz/ parir (Aliviarse),updated_existing,957,,manual_existing_map,
686,"Symptoms, conditions",68,Glucose,Glucosa,,Glucose,Glucosa,added,1663,,,
687,"Symptoms, conditions",69,Goosebumps,Piel de gallina,,Goosebumps,Piel de gallina,added,1664,,,
688,"Symptoms, conditions",70,Gout,Gota,,Gout,Gota,added,1665,,,
689,"Symptoms, conditions",71,Hair loss,Pérdida de cabello,,Hair loss,Pérdida de cabello,added,1666,,,
690,"Symptoms, conditions",72,Handicapped,Minusválido,,Handicapped,Minusválido,added,1667,,,
691,"Symptoms, conditions",73,Heart Rate,Frecuencia Cardíaca,,Heart Rate,Frecuencia Cardíaca,added,1668,,,
692,"Symptoms, conditions",74,Heartburns,Agruras,,Heartburns,Agruras,updated_existing,6,,manual_existing_map,
693,"Symptoms, conditions",75,Heavy bleeding,Sangrado abundante,,Heavy bleeding,Sangrado abundante,consolidated_source_duplicate,1496,414,,
694,"Symptoms, conditions",76,Hematoma,Hematoma,,Hematoma,Hematoma,added,1669,,,
695,"Symptoms, conditions",77,Hiatal Hernia,Hernia Hiatal,,Hiatal Hernia,Hernia Hiatal,added,1670,,,
696,"Symptoms, conditions",78,Hiccups,Hipo,,Hiccups,Hipo,added,1671,,,
697,"Symptoms, conditions",79,High blood pressure,Presion sanguinea alta,,High blood pressure,Presion sanguinea alta,added,1672,,,
698,"Symptoms, conditions",80,High blood sugar,Glucosa sanguinea alta,,High blood sugar,Glucosa sanguinea alta,added,1673,,,
699,"Symptoms, conditions",81,Hoarseness,Ronquera,,Hoarseness,Ronquera,added,1674,,,
700,"Symptoms, conditions",82,Hot flashes,Bochornos,,Hot flashes,Bochornos,added,1675,,,
701,"Symptoms, conditions",83,Hypothermia,Hipotermia,,Hypothermia,Hipotermia,added,1676,,,
702,"Symptoms, conditions",84,Imbalance,Desequilibrio,,Imbalance,Desequilibrio,added,1677,,,
703,"Symptoms, conditions",85,Incontinence,Incontinencia,,Incontinence,Incontinencia,added,1678,,,
704,"Symptoms, conditions",86,Itching,"Picazón, comezón",,Itching,"Picazón, comezón",added,1679,,,
705,"Symptoms, conditions",87,Junk food,Comida chatarra,,Junk food,Comida chatarra,added,1680,,,
706,"Symptoms, conditions",88,Kidney Stones,Cálculos renales,,Kidney Stones,Cálculos renales,added,1681,,,
707,"Symptoms, conditions",89,Lactose Intolerance,Intolerancia a la Lactosa,,Lactose Intolerance,Intolerancia a la Lactosa,added,1682,,,
708,"Symptoms, conditions",90,Leakage,Fuga,,Leakage,Fuga,added,1683,,,
709,"Symptoms, conditions",91,Lethargic,Letárgico,,Lethargic,Letárgico,added,1684,,,
710,"Symptoms, conditions",92,Lightheaded / Groggy,"Aturdido, Desvanecido",,Lightheaded / Groggy,"Aturdido, Desvanecido",updated_existing,21,,manual_existing_map,
711,"Symptoms, conditions",93,Lining,Revestimiento,,Lining,Revestimiento,added,1685,,,
712,"Symptoms, conditions",94,Listless,"Desganado, decaído",,Listless,"Desganado, decaído",added,1686,,,
713,"Symptoms, conditions",95,Loose,"Flojo, holgado",,Loose,"Flojo, holgado",added,1687,,,
714,"Symptoms, conditions",96,Lower back pain,Dolor en la espalda baja,,Lower back pain,Dolor en la espalda baja,added,1688,,,
715,"Symptoms, conditions",97,Lump / bulge,Protuberancia / bulto,,Lump / bulge,Protuberancia / bulto,added,1689,,,
716,"Symptoms, conditions",98,Malnutrition,Desnutrición,,Malnutrition,Desnutrición,added,1690,,,
717,"Symptoms, conditions",99,Migraine headaches,Migrañas,,Migraine headaches,Migrañas,added,1691,,,
718,"Symptoms, conditions",100,Miscarriage,Aborto Espontáneo,,Miscarriage,Aborto Espontáneo,consolidated_source_duplicate,1504,423,,
719,"Symptoms, conditions",101,Mood Swings,Cambios de humor,,Mood Swings,Cambios de humor,added,1692,,,
720,"Symptoms, conditions",102,Myoma / Fibroid,Mioma / Fibroma,,Myoma / Fibroid,Mioma / Fibroma,added,1693,,,
721,"Symptoms, conditions",103,Narrowing,Estrechamiento,,Narrowing,Estrechamiento,added,1694,,,
722,"Symptoms, conditions",104,Nausea,Nausea,,Nausea,Nausea,added,1695,,,
723,"Symptoms, conditions",105,Numbness,Adormecimiento,,Numbness,Adormecimiento,updated_existing,11,,exact_english_or_abbreviation,
724,"Symptoms, conditions",106,Obstruction / Blockage,Obstrucción,,Obstruction / Blockage,Obstrucción,added,1696,,,
725,"Symptoms, conditions",107,Outbreak,Brote / epidemia,,Outbreak,Brote / epidemia,added,1697,,,
726,"Symptoms, conditions",108,Palpitations,Palpitaciones,,Palpitations,Palpitaciones,added,1698,,,
727,"Symptoms, conditions",109,Paralysis,Paralisis,,Paralysis,Paralisis,added,1699,,,
728,"Symptoms, conditions",110,Pass gasses,Expulsar gases (fart),,Pass gasses,Expulsar gases (fart),added,1700,,,
729,"Symptoms, conditions",111,Pelvic pain,Dolor pélvico,,Pelvic pain,Dolor pélvico,added,1701,,,
730,"Symptoms, conditions",112,Phlegm,Flema,,Phlegm,Flema,added,1702,,,
731,"Symptoms, conditions",113,Pimples,Espinillas / barros,,Pimples,Espinillas / barros,added,1703,,,
732,"Symptoms, conditions",114,Pinched nerve,Nervio oprimido,,Pinched nerve,Nervio oprimido,added,1704,,,
733,"Symptoms, conditions",115,Pollen,Pólen,,Pollen,Pólen,added,1705,,,
734,"Symptoms, conditions",116,Polyps,Pólipos,,Polyps,Pólipos,added,1706,,,
735,"Symptoms, conditions",117,Poor appetite,Poco apetito,,Poor appetite,Poco apetito,added,1707,,,
736,"Symptoms, conditions",118,Post nasal dripping,Goteo post-nasal,,Post nasal dripping,Goteo post-nasal,added,1708,,,
737,"Symptoms, conditions",119,Prescribe,Recetar,,Prescribe,Recetar,updated_existing,51,,manual_existing_map,
738,"Symptoms, conditions",120,Productive cough,Tos con flemas,,Productive cough,Tos con flemas,added,1709,,,
739,"Symptoms, conditions",121,Pruritus (itching),Prurito (picazón),,Pruritus (itching),Prurito (picazón),added,1710,,,
740,"Symptoms, conditions",122,Pulled muscle/ torn muscle,Músculo desgarrado,,Pulled muscle/ torn muscle,Músculo desgarrado,added,1711,,,
741,"Symptoms, conditions",123,Quadriplegic,Cuadraplégico (all limbs),,Quadriplegic,Cuadraplégico (all limbs),added,1712,,,
742,"Symptoms, conditions",124,Rash,Sarpullido,,Rash,Sarpullido,consolidated_source_duplicate,1429,340,,
743,"Symptoms, conditions",125,Redness,Enrojecimiento,,Redness,Enrojecimiento,consolidated_source_duplicate,1403,314,,
744,"Symptoms, conditions",126,Refer,"Referir, remitir",,Refer,"Referir, remitir",updated_existing,1007,,exact_english_or_abbreviation,
745,"Symptoms, conditions",127,Relapse,Recaída,,Relapse,Recaída,added,1713,,,
746,"Symptoms, conditions",128,Resolve / Go away,Quitarse (un síntoma),,Resolve / Go away,Quitarse (un síntoma),added,1714,,,
747,"Symptoms, conditions",129,Rhinitis,Rinitis,,Rhinitis,Rinitis,added,1715,,,
748,"Symptoms, conditions",130,Runny nose,Escurrimiento nasal,,Runny nose,Escurrimiento nasal,added,1716,,,
749,"Symptoms, conditions",131,Scales,Escamas,,Scales,Escamas,added,1717,,,
750,"Symptoms, conditions",132,Scar,Cicatríz,,Scar,Cicatríz,added,1718,,,
751,"Symptoms, conditions",133,Sciatica,Ciática (nervio ciático),,Sciatica,Ciática (nervio ciático),added,1719,,,
752,"Symptoms, conditions",134,Seizures,Convulsiones,,Seizures,Convulsiones,added,1720,,,
753,"Symptoms, conditions",135,Shaky hands,Manos temblorosas,,Shaky hands,Manos temblorosas,added,1721,,,
754,"Symptoms, conditions",136,Shortness of breath,Falta de aliento,,Shortness of breath,Falta de aliento,updated_existing,1,,exact_english_or_abbreviation,
755,"Symptoms, conditions",137,Side effects,efectos secundarios,,Side effects,efectos secundarios,added,1722,,,
756,"Symptoms, conditions",138,Skin tag,Papiloma Cutáneo,,Skin tag,Papiloma Cutáneo,added,1723,,,
757,"Symptoms, conditions",139,Sneeze,Estornudar,,Sneeze,Estornudar,added,1724,,,
758,"Symptoms, conditions",140,Snore,Roncar,,Snore,Roncar,added,1725,,,
759,"Symptoms, conditions",141,Sore throat,Dolor en la garganta,,Sore throat,Dolor en la garganta,added,1726,,,
760,"Symptoms, conditions",142,Spasms/ Colics,Espasmos/ cólicos,,Spasms/ Colics,Espasmos/ cólicos,added,1727,,,
761,"Symptoms, conditions",143,Spit,Escupir,,Spit,Escupir,added,1728,,,
762,"Symptoms, conditions",144,Spores,Esporas,,Spores,Esporas,added,1729,,,
763,"Symptoms, conditions",145,Spotting,Manchado/ manchas,,Spotting,Manchado/ manchas,added,1730,,,
764,"Symptoms, conditions",146,Sprain,Esguince / torcedura,,Sprain,Esguince / torcedura,updated_existing,10,,exact_english_or_abbreviation,
765,"Symptoms, conditions",147,Stabbing/ Sharp Pain,Dolor punzante,,Stabbing/ Sharp Pain,Dolor punzante,added,1731,,,
766,"Symptoms, conditions",148,Stiffed,Rígido,,Stiffed,Rígido,added,1732,,,
767,"Symptoms, conditions",149,Strained Muscle,Distensión Muscular,,Strained Muscle,Distensión Muscular,added,1733,,,
768,"Symptoms, conditions",150,Stuffy Nose,Nariz tapada,,Stuffy Nose,Nariz tapada,added,1734,,,
769,"Symptoms, conditions",151,Sty,Orzuelo,,Sty,Orzuelo,consolidated_source_duplicate,1409,320,,
770,"Symptoms, conditions",152,Suicidal Thoughts,Pensamientos Suicidas,,Suicidal Thoughts,Pensamientos Suicidas,added,1735,,,
771,"Symptoms, conditions",153,Swelling,Hinchazón,,Swelling,Hinchazón,added,1736,,,
772,"Symptoms, conditions",154,Tachycardia,Taquicardia,,Tachycardia,Taquicardia,added,1737,,,
773,"Symptoms, conditions",155,Tantrum,Berrinche,,Tantrum,Berrinche,added,1738,,,
774,"Symptoms, conditions",156,Tenderness,Sensibilidad (con dolor),,Tenderness,Sensibilidad (con dolor),added,1739,,,
775,"Symptoms, conditions",157,Drooling,Babear (botar saliva),,Drooling,Babear (botar saliva),added,1740,,,
776,"Symptoms, conditions",158,Thickening,Engrosamiento,,Thickening,Engrosamiento,added,1741,,,
777,"Symptoms, conditions",159,Tingling,Hormigueo,,Tingling,Hormigueo,added,1742,,,
778,"Symptoms, conditions",160,Tinnitus,Tinnitus,,Tinnitus,Tinnitus,added,1743,,,
779,"Symptoms, conditions",161,To have (a test/surgery) done,Hacerse una prueba / una cirugía,,To have (a test/surgery) done,Hacerse una prueba / una cirugía,added,1744,,,
780,"Symptoms, conditions",162,Tremors,Temblores,,Tremors,Temblores,added,1745,,,
781,"Symptoms, conditions",163,Triggers,Desencadenantes,,Triggers,Desencadenantes,added,1746,,,
782,"Symptoms, conditions",164,Triglycerides,Triglicéridos,,Triglycerides,Triglicéridos,added,1747,,,
783,"Symptoms, conditions",165,Tumor,Tumor,,Tumor,Tumor,added,1748,,,
784,"Symptoms, conditions",166,Twitch,Tic nervioso,,Twitch,Tic nervioso,added,1749,,,
785,"Symptoms, conditions",167,Upset Stomach,Malestar Estomacal,,Upset Stomach,Malestar Estomacal,added,1750,,,
786,"Symptoms, conditions",168,Varicose Veins,Várices,,Varicose Veins,Várices,added,1751,,,
787,"Symptoms, conditions",169,Vomit/ throw up,Vomitar,,Vomit/ throw up,Vomitar,added,1752,,,
788,"Symptoms, conditions",170,Wart,Verruga,,Wart,Verruga,added,1753,,,
789,"Symptoms, conditions",171,Watery eyes,Ojos llorosos,,Watery eyes,Ojos llorosos,consolidated_source_duplicate,1411,322,,
790,"Symptoms, conditions",172,Weight loss,Pérdida de peso,,Weight loss,Pérdida de peso,added,1754,,,
791,"Symptoms, conditions",173,Welt,"Grano, roncha",,Welt,"Grano, roncha",added,1755,,,
792,"Symptoms, conditions",174,Wheezing,Silbido en el pecho/ sibilancias,,Wheezing,Silbido en el pecho/ sibilancias,added,1756,,,
793,"Symptoms, conditions",175,Whiplash,Hiperextensión Cervical /Latigazo,,Whiplash,Hiperextensión Cervical /Latigazo,updated_existing,769,,manual_existing_map,
794,"Symptoms, conditions",176,Withdrawal,Abstinencia,,Withdrawal,Abstinencia,added,1757,,,
795,Types of pain,1,Achy pain,Dolor molesto,,Achy pain,Dolor molesto,added,1758,,,
796,Types of pain,2,Acute Pain,Dolor agudo,,Acute Pain,Dolor agudo,added,1759,,,
797,Types of pain,3,Burning Pain,Dolor ardiente,,Burning Pain,Dolor ardiente,added,1760,,,
798,Types of pain,4,Chronic Pain,Dolor crónico,,Chronic Pain,Dolor crónico,added,1761,,,
799,Types of pain,5,Crushing Pain,Dolor opresivo,,Crushing Pain,Dolor opresivo,added,1762,,,
800,Types of pain,6,Dull pain,Dolor sordo,,Dull pain,Dolor sordo,added,1763,,,
801,Types of pain,7,Excruciating Pain / Unbearable pain,Dolor insoportable,,Excruciating Pain / Unbearable pain,Dolor insoportable,added,1764,,,
802,Types of pain,8,Fleeting Pain,Dolor fugáz / pasajero,,Fleeting Pain,Dolor fugáz / pasajero,added,1765,,,
803,Types of pain,9,Mild/ Slight pain,Dolor leve,,Mild/ Slight pain,Dolor leve,added,1766,,,
804,Types of pain,10,Numbing pain,Dolor entumecido,,Numbing pain,Dolor entumecido,added,1767,,,
805,Types of pain,11,Pins and needles,Sensación de piquetes,,Pins and needles,Sensación de piquetes,added,1768,,,
806,Types of pain,12,Sharp Pain,Dolor intenso,,Sharp Pain,Dolor intenso,added,1769,,,
807,Types of pain,13,Stabbing Pain,Dolor Punzante,,Stabbing Pain,Dolor Punzante,added,1770,,,
808,Types of pain,14,Sudden Pain,Dolor Súbito,,Sudden Pain,Dolor Súbito,added,1771,,,
809,Types of pain,15,Throbbing pain,Dolor pulsante/ palpitante,,Throbbing pain,Dolor pulsante/ palpitante,added,1772,,,
810,Types of medications,1,Antacid,Antiácido,,Antacid,Antiácido,added,1773,,,
811,Types of medications,2,Anti convulsant,Anticonvulsivo,,Anti convulsant,Anticonvulsivo,added,1774,,,
812,Types of medications,3,Antibiotic,Antibiótico,,Antibiotic,Antibiótico,added,1775,,,
813,Types of medications,4,Antipyretic,Antipirético,,Antipyretic,Antipirético,added,1776,,,
814,Types of medications,5,Antitussive,Antitusivo,,Antitussive,Antitusivo,added,1777,,,
815,Types of medications,6,Capsules,Cápsulas,,Capsules,Cápsulas,added,1778,,,
816,Types of medications,7,Clear liquids,Líquidos transparentes,,Clear liquids,Líquidos transparentes,added,1779,,,
817,Types of medications,8,Condom,Preservativo,,Condom,Preservativo,consolidated_source_duplicate,1039,530,exact_english_or_abbreviation,
818,Types of medications,9,Contraceptive,Anticonceptivo,,Contraceptive,Anticonceptivo,updated_existing,1042,,manual_existing_map,
819,Types of medications,10,Corticosteroids,Corticosteroides,,Corticosteroids,Corticosteroides,added,1780,,,
820,Types of medications,11,Cough drops,Caramelos contra la tos,,Cough drops,Caramelos contra la tos,added,1781,,,
821,Types of medications,12,Diuretic,Diurético,,Diuretic,Diurético,added,1782,,,
822,Types of medications,13,Electrolytes,Electrolitos,,Electrolytes,Electrolitos,added,1783,,,
823,Types of medications,14,Enema,Enema / Lavado Anal,,Enema,Enema / Lavado Anal,consolidated_source_duplicate,1540,468,,
824,Types of medications,15,Fiber,Fibra,,Fiber,Fibra,added,1784,,,
825,Types of medications,16,Gel,Gel,,Gel,Gel,added,1785,,,
826,Types of medications,17,Generic medication,Medicamento genérico,,Generic medication,Medicamento genérico,added,1786,,,
827,Types of medications,18,Herbal tea,Té de hierbas,,Herbal tea,Té de hierbas,added,1787,,,
828,Types of medications,19,Ice pack,Compresa fria,,Ice pack,Compresa fria,consolidated_source_duplicate,1073,556,exact_english_or_abbreviation,
829,Types of medications,20,Implant,Implante,,Implant,Implante,added,1788,,,
830,Types of medications,21,Inhaler,Inhalador,,Inhaler,Inhalador,added,1789,,,
831,Types of medications,22,Inhibitors,Inhibidor,,Inhibitors,Inhibidor,added,1790,,,
832,Types of medications,23,Insulin,Insulina,,Insulin,Insulina,added,1791,,,
833,Types of medications,24,IV Fluids,Líquidos intravenosos,,IV Fluids,Líquidos intravenosos,consolidated_source_duplicate,1078,560,exact_english_or_abbreviation,
834,Types of medications,25,Laxative,Laxante,,Laxative,Laxante,added,1792,,,
835,Types of medications,26,Lozenges/ cough drops,Pastillas para la tos,,Lozenges/ cough drops,Pastillas para la tos,added,1793,,,
836,Types of medications,27,Muscle relaxant,Relajante muscular,,Muscle relaxant,Relajante muscular,added,1794,,,
837,Types of medications,28,Nasal Spray,Atomizador nasal,,Nasal Spray,Atomizador nasal,consolidated_source_duplicate,1093,571,exact_english_or_abbreviation,
838,Types of medications,29,NSAID,Non-steroid Anti Inflammatory Drugs,,NSAID,Non-steroid Anti Inflammatory Drugs,added,1795,,,
839,Types of medications,30,Ointment,Ungüento,,Ointment,Ungüento,consolidated_source_duplicate,1097,575,exact_english_or_abbreviation,
840,Types of medications,31,Over the counter medication,Medicamento de venta libre,,Over the counter medication,Medicamento de venta libre,updated_existing,4,,exact_english_or_abbreviation,
841,Types of medications,32,Overdose,Sobredosis,,Overdose,Sobredosis,added,1796,,,
842,Types of medications,33,Ovules,Óvulos (vaginales),,Ovules,Óvulos (vaginales),added,1797,,,
843,Types of medications,34,Painkiller/ pain reliever,Analgésico,,Painkiller/ pain reliever,Analgésico,added,1798,,,
844,Types of medications,35,Patch,Parche,,Patch,Parche,added,1799,,,
845,Types of medications,36,Pills,Pastillas,,Pills,Pastillas,added,1800,,,
846,Types of medications,37,Powder,Polvo,,Powder,Polvo,added,1801,,,
847,Types of medications,38,Sitz bath,Baños de asiento,,Sitz bath,Baños de asiento,added,1802,,,
848,Types of medications,39,Softgel,Cápsulas de gel,,Softgel,Cápsulas de gel,added,1803,,,
849,Types of medications,40,Space Chamber,Camara espaciadora,,Space Chamber,Camara espaciadora,added,1804,,,
850,Types of medications,41,Steroid,Esteroide,,Steroid,Esteroide,added,1805,,,
851,Types of medications,42,Stool Softener,Ablandador de heces,,Stool Softener,Ablandador de heces,added,1806,,,
852,Types of medications,43,Estrogen,Estrógeno,,Estrogen,Estrógeno,consolidated_source_duplicate,1284,185,,
853,Types of medications,44,Sublingual,Sublingual,,Sublingual,Sublingual,added,1807,,,
854,Types of medications,45,Syrup,Jarabe,,Syrup,Jarabe,consolidated_source_duplicate,1598,606,,
855,Types of medications,46,Tablets,Tabletas,,Tablets,Tabletas,added,1808,,,
856,Types of medications,47,Vaginal cream,Crema Vaginal,,Vaginal cream,Crema Vaginal,added,1809,,,
857,Diseases and Chronic Conditions,1,Alopecia,Alopecia,,Alopecia,Alopecia,added,1810,,,
858,Diseases and Chronic Conditions,2,Alzheimer,Alzheimer,,Alzheimer,Alzheimer,added,1811,,,
859,Diseases and Chronic Conditions,3,Amyotrophic Lateral Sclerosis- ALS,Esclerosis Lateral Amiotrófica,,Amyotrophic Lateral Sclerosis,Esclerosis Lateral Amiotrófica,added,1812,,,Sigla separada del término para mejorar la búsqueda.
860,Diseases and Chronic Conditions,4,Anaphylactic shock,Choque Anafiláctico,,Anaphylactic shock,Choque Anafiláctico,added,1813,,,
861,Diseases and Chronic Conditions,5,Anemia,Anemia,,Anemia,Anemia,added,1814,,,
862,Diseases and Chronic Conditions,6,Aneurysm,Aneurísma,,Aneurysm,Aneurísma,added,1815,,,
863,Diseases and Chronic Conditions,7,Anorexia,Anorexia,,Anorexia,Anorexia,added,1816,,,
864,Diseases and Chronic Conditions,8,Arrhythmia,Arritmia,,Arrhythmia,Arritmia,consolidated_source_duplicate,1614,623,,
865,Diseases and Chronic Conditions,9,Arthritis,Artritis,,Arthritis,Artritis,added,1817,,,
866,Diseases and Chronic Conditions,10,Asthma,Asma,,Asthma,Asma,added,1818,,,
867,Diseases and Chronic Conditions,11,Athlete's foot,Pie de atleta,,Athlete's foot,Pie de atleta,added,1819,,,
868,Diseases and Chronic Conditions,12,Atrial Fibrillation,Fibrilación auricular,,Atrial Fibrillation,Fibrilación auricular,updated_existing,859,,exact_english_or_abbreviation,
869,Diseases and Chronic Conditions,13,Autism,Autismo,,Autism,Autismo,added,1820,,,
870,Diseases and Chronic Conditions,14,Autoimmune disease,Enfermedad autoinmune,,Autoimmune disease,Enfermedad autoinmune,added,1821,,,
871,Diseases and Chronic Conditions,15,Bell Palsy,Parálisis facial/ de Bell,,Bell Palsy,Parálisis facial/ de Bell,added,1822,,,
872,Diseases and Chronic Conditions,16,Bipolar disorder,Trastorno bipolar,,Bipolar disorder,Trastorno bipolar,added,1823,,,
873,Diseases and Chronic Conditions,17,Black Lung Disease,Enfermedad del Pulmón Negro,,Black Lung Disease,Enfermedad del Pulmón Negro,added,1824,,,
874,Diseases and Chronic Conditions,18,Blindness,Ceguera,,Blindness,Ceguera,added,1825,,,
875,Diseases and Chronic Conditions,19,Blood disorders,Trastornos sanguíneos,,Blood disorders,Trastornos sanguíneos,added,1826,,,
876,Diseases and Chronic Conditions,20,Brain Damage,Daño cerebral,,Brain Damage,Daño cerebral,added,1827,,,
877,Diseases and Chronic Conditions,21,Breast Cancer,Cancer de seno,,Breast Cancer,Cancer de seno,added,1828,,,
878,Diseases and Chronic Conditions,22,Breast Engorgement,Congestion mamaria,,Breast Engorgement,Congestion mamaria,consolidated_source_duplicate,1484,400,,
879,Diseases and Chronic Conditions,23,Bulimia Nervosa,Bulimia,,Bulimia Nervosa,Bulimia,added,1829,,,
880,Diseases and Chronic Conditions,24,Bursitis,Bursitis,,Bursitis,Bursitis,added,1830,,,
881,Diseases and Chronic Conditions,25,Carpal Tunnel Syndrome,Síndrome del tunel carpiano,,Carpal Tunnel Syndrome,Síndrome del tunel carpiano,added,1831,,,
882,Diseases and Chronic Conditions,26,Cerebral Palsy,Parálisis cerebral,,Cerebral Palsy,Parálisis cerebral,added,1832,,,
883,Diseases and Chronic Conditions,27,Cervical Cancer,Cáncer del cuello uterino,,Cervical Cancer,Cáncer del cuello uterino,added,1833,,,
884,Diseases and Chronic Conditions,28,Chancre,Chancro,,Chancre,Chancro,added,1834,,,
885,Diseases and Chronic Conditions,29,Chickenpox,Varicela,,Chickenpox,Varicela,added,1835,,,
886,Diseases and Chronic Conditions,30,Chlamydia,Clamidia,,Chlamydia,Clamidia,added,1836,,,
887,Diseases and Chronic Conditions,31,Cholera,Cólera,,Cholera,Cólera,added,1837,,,
888,Diseases and Chronic Conditions,32,Chronic Kidney Disease,Enfermedad Renal Crónica,,Chronic Kidney Disease,Enfermedad Renal Crónica,added,1838,,,
889,Diseases and Chronic Conditions,33,Cleft Palate,Paladar hendido,,Cleft Palate,Paladar hendido,added,1839,,,
890,Diseases and Chronic Conditions,34,Clotting disorder,Trastorno de coagulación,,Clotting disorder,Trastorno de coagulación,added,1840,,,
891,Diseases and Chronic Conditions,35,Colitis,Colitis,,Colitis,Colitis,added,1841,,,
892,Diseases and Chronic Conditions,36,Collapsed Lung,Pulmón Colapsado,,Collapsed Lung,Pulmón Colapsado,added,1842,,,
893,Diseases and Chronic Conditions,37,Coma,Coma,,Coma,Coma,added,1843,,,
894,Diseases and Chronic Conditions,38,Communicable Disease,Enfermedad transmisible,,Communicable Disease,Enfermedad transmisible,added,1844,,,
895,Diseases and Chronic Conditions,39,Concussion,Conmoción cerebral,,Concussion,Conmoción cerebral,added,1845,,,
896,Diseases and Chronic Conditions,40,Congenital heart defects,Defectos cardíacos congénitos,,Congenital heart defects,Defectos cardíacos congénitos,added,1846,,,
897,Diseases and Chronic Conditions,41,Crohn's Disease,Enfermedad de Crohn,,Crohn's Disease,Enfermedad de Crohn,added,1847,,,
898,Diseases and Chronic Conditions,42,Cystic Fibrosis,Fibrósis Quística,,Cystic Fibrosis,Fibrósis Quística,added,1848,,,
899,Diseases and Chronic Conditions,43,Cytomegalovirus (CMV),Citomegalovirus,,Cytomegalovirus (CMV),Citomegalovirus,updated_existing,812,,exact_english_or_abbreviation,
900,Diseases and Chronic Conditions,44,Deafness,Sordera,,Deafness,Sordera,added,1849,,,
901,Diseases and Chronic Conditions,45,Deep Vein Thrombosis (DVT),Trombosis venosa profunda,,Deep Vein Thrombosis (DVT),Trombosis venosa profunda,updated_existing,819,,exact_english_or_abbreviation,
902,Diseases and Chronic Conditions,46,Dementia,Demencia,,Dementia,Demencia,added,1850,,,
903,Diseases and Chronic Conditions,47,Dermatitis,Dermatitis,,Dermatitis,Dermatitis,added,1851,,,
904,Diseases and Chronic Conditions,48,Developmental Delay,Retraso en el desarrollo,,Developmental Delay,Retraso en el desarrollo,added,1852,,,
905,Diseases and Chronic Conditions,49,Diabetes,Diabetes,,Diabetes,Diabetes,added,1853,,,
906,Diseases and Chronic Conditions,50,Diaper rash,Sarpullido / dermatitis por uso pañal,,Diaper rash,Sarpullido / dermatitis por uso pañal,added,1854,,,
907,Diseases and Chronic Conditions,51,Diphtheria,Difteria,,Diphtheria,Difteria,added,1855,,,
908,Diseases and Chronic Conditions,52,Diverticulitis,Diverticulitis,,Diverticulitis,Diverticulitis,added,1856,,,
909,Diseases and Chronic Conditions,53,Down Syndrome,Sídrome de Down,,Down Syndrome,Sídrome de Down,consolidated_source_duplicate,1470,385,,
910,Diseases and Chronic Conditions,54,Dysmenorrhea (Menstrual cramping),Dismenorrea,,Dysmenorrhea (Menstrual cramping),Dismenorrea,added,1857,,,
911,Diseases and Chronic Conditions,55,Dysplasia,Displasia,,Dysplasia,Displasia,added,1858,,,
912,Diseases and Chronic Conditions,56,Dysuria (painful urination),Disuria,,Dysuria (painful urination),Disuria,added,1859,,,
913,Diseases and Chronic Conditions,57,E-Coli,E-coli,,E-Coli,E-coli,added,1860,,,
914,Diseases and Chronic Conditions,58,Ebola Virus,Virus de Ebola,,Ebola Virus,Virus de Ebola,added,1861,,,
915,Diseases and Chronic Conditions,59,Ectopic Pregnancy,Embarazo Ectópico,,Ectopic Pregnancy,Embarazo Ectópico,consolidated_source_duplicate,1492,409,,
916,Diseases and Chronic Conditions,60,Elephantiasis,Elefantiasis,,Elephantiasis,Elefantiasis,added,1862,,,
917,Diseases and Chronic Conditions,61,Encephalitis,Encefalitis,,Encephalitis,Encefalitis,added,1863,,,
918,Diseases and Chronic Conditions,62,Endometriosis,Endometriosis,,Endometriosis,Endometriosis,added,1864,,,
919,Diseases and Chronic Conditions,63,Epilepsy,Epilepsia,,Epilepsy,Epilepsia,added,1865,,,
920,Diseases and Chronic Conditions,64,Epstein-Barr Virus Infection,Infección Viral de Epstein-Barr,,Epstein-Barr Virus Infection,Infección Viral de Epstein-Barr,added,1866,,,
921,Diseases and Chronic Conditions,65,Erectile Dysfunction,Disfunción eréctil,,Erectile Dysfunction,Disfunción eréctil,added,1867,,,
922,Diseases and Chronic Conditions,66,Fatty Liver,Hígado graso,,Fatty Liver,Hígado graso,added,1868,,,
923,Diseases and Chronic Conditions,67,Fetal Distress (fetus),Sufrimiento Fetal,,Fetal Distress (fetus),Sufrimiento Fetal,added,1869,,,
924,Diseases and Chronic Conditions,68,Fibromyalgia,Fibromialgia,,Fibromyalgia,Fibromialgia,added,1870,,,
925,Diseases and Chronic Conditions,69,Flu / Influenza,Gripe/ Influenza,,Flu / Influenza,Gripe/ Influenza,added,1871,,,
926,Diseases and Chronic Conditions,70,Folliculitis,Folliculitis,,Folliculitis,Folliculitis,added,1872,,,
927,Diseases and Chronic Conditions,71,Food Poisoning,Intoxicación Alimenticia,,Food Poisoning,Intoxicación Alimenticia,consolidated_source_duplicate,1660,680,,
928,Diseases and Chronic Conditions,72,Fungal Infection / mycotic inf.,Infección por hongos / inf. micótica,,Fungal Infection / mycotic inf.,Infección por hongos / inf. micótica,added,1873,,,
929,Diseases and Chronic Conditions,73,Gastroenteritis,Gastroenteritis,,Gastroenteritis,Gastroenteritis,added,1874,,,
930,Diseases and Chronic Conditions,74,German Measles / Rubella,Rubeola,,German Measles / Rubella,Rubeola,added,1875,,,
931,Diseases and Chronic Conditions,75,Gestational Diabetes,Diabetes Gestacional,,Gestational Diabetes,Diabetes Gestacional,consolidated_source_duplicate,1495,413,,
932,Diseases and Chronic Conditions,76,Goiter,Bocio,,Goiter,Bocio,added,1876,,,
933,Diseases and Chronic Conditions,77,Gonorrhea,Gonorrea,,Gonorrhea,Gonorrea,added,1877,,,
934,Diseases and Chronic Conditions,78,Gout,Gota,,Gout,Gota,consolidated_source_duplicate,1665,688,,
935,Diseases and Chronic Conditions,79,Group B Strep Infection,Inf. de estreptococo del grupo B,,Group B Strep Infection,Inf. de estreptococo del grupo B,added,1878,,,
936,Diseases and Chronic Conditions,80,Guillain Barre Syndrome,Síndrome de Guillain Barré,,Guillain Barre Syndrome,Síndrome de Guillain Barré,added,1879,,,
937,Diseases and Chronic Conditions,81,"Hand, foot and mouth disease","Enfermedad de manos, pies y boca",,"Hand, foot and mouth disease","Enfermedad de manos, pies y boca",added,1880,,,
938,Diseases and Chronic Conditions,82,Harelip,Labio Leporino,,Harelip,Labio Leporino,added,1881,,,
939,Diseases and Chronic Conditions,83,Hearing Impaired,Sordomudo,,Hearing Impaired,Sordomudo,added,1882,,,
940,Diseases and Chronic Conditions,84,Hearing loss,Pérdida Auditiva,,Hearing loss,Pérdida Auditiva,added,1883,,,
941,Diseases and Chronic Conditions,85,Heart attack,Ataque cardíaco,,Heart attack,Ataque cardíaco,added,1884,,,
942,Diseases and Chronic Conditions,86,Heart murmur,Soplo cardíaco,,Heart murmur,Soplo cardíaco,updated_existing,15,,exact_english_or_abbreviation,
943,Diseases and Chronic Conditions,87,Helicobacter Pylori (H. Pylori),Helicobacter Pylori,,Helicobacter Pylori (H. Pylori),Helicobacter Pylori,added,1885,,,
944,Diseases and Chronic Conditions,88,Hemophilia,Hemofilia,,Hemophilia,Hemofilia,added,1886,,,
945,Diseases and Chronic Conditions,89,Hemorrhoids,Hemorroides,,Hemorrhoids,Hemorroides,added,1887,,,
946,Diseases and Chronic Conditions,90,Hepatitis,Hepatitis,,Hepatitis,Hepatitis,added,1888,,,
947,Diseases and Chronic Conditions,91,Hereditary diseases,Enfermedades Hereditarias,,Hereditary diseases,Enfermedades Hereditarias,added,1889,,,
948,Diseases and Chronic Conditions,92,Herpes,Herpes,,Herpes,Herpes,added,1890,,,
949,Diseases and Chronic Conditions,93,High blood pressure,Presión arterial alta,,High blood pressure,Presión arterial alta,consolidated_source_duplicate,1672,697,,
950,Diseases and Chronic Conditions,94,Hydrocephalus,Hidrocefalia,,Hydrocephalus,Hidrocefalia,added,1891,,,
951,Diseases and Chronic Conditions,95,Hyperglycemia,Hiperglicemia,,Hyperglycemia,Hiperglicemia,added,1892,,,
952,Diseases and Chronic Conditions,96,Hypertension,Hipertensión,,Hypertension,Hipertensión,added,1893,,,
953,Diseases and Chronic Conditions,97,Hyperthyroidism,Hipertiroidismo,,Hyperthyroidism,Hipertiroidismo,added,1894,,,
954,Diseases and Chronic Conditions,98,Hypoglycemia,Hipoglicemia,,Hypoglycemia,Hipoglicemia,added,1895,,,
955,Diseases and Chronic Conditions,99,Hypothyroidism,Hipotiroidismo,,Hypothyroidism,Hipotiroidismo,added,1896,,,
956,Diseases and Chronic Conditions,100,Hypotonia,Hipotonía,,Hypotonia,Hipotonía,added,1897,,,
957,Diseases and Chronic Conditions,101,Impetigo,Impétigo,,Impetigo,Impétigo,added,1898,,,
958,Diseases and Chronic Conditions,102,Infertility,Infertilidad,,Infertility,Infertilidad,consolidated_source_duplicate,1497,415,,
959,Diseases and Chronic Conditions,103,Inflammatory bowel disease- IBD,Enf. Inflamatoria de los intestinos,,Inflammatory bowel disease,Enf. Inflamatoria de los intestinos,added,1899,,,Sigla separada del término para mejorar la búsqueda.
960,Diseases and Chronic Conditions,104,Intellectual Disability,Discapacidad Intelectual,,Intellectual Disability,Discapacidad Intelectual,added,1900,,,
961,Diseases and Chronic Conditions,105,Jaundice,Ictericia,,Jaundice,Ictericia,consolidated_source_duplicate,1498,416,,
962,Diseases and Chronic Conditions,106,Kawasaki Disease,Enfermedad de kawasaki,,Kawasaki Disease,Enfermedad de kawasaki,added,1901,,,
963,Diseases and Chronic Conditions,107,Kidney Failure / Renal Failure,Insuficiencia Renal,,Kidney Failure / Renal Failure,Insuficiencia Renal,added,1902,,,
964,Diseases and Chronic Conditions,108,Lead Poisoning,Intoxicación con plomo,,Lead Poisoning,Intoxicación con plomo,added,1903,,,
965,Diseases and Chronic Conditions,109,Leprosy,Lepra,,Leprosy,Lepra,added,1904,,,
966,Diseases and Chronic Conditions,110,Leptospirosis,Leptospirosis,,Leptospirosis,Leptospirosis,added,1905,,,
967,Diseases and Chronic Conditions,111,Leukemia,Leucemia,,Leukemia,Leucemia,added,1906,,,
968,Diseases and Chronic Conditions,112,Lipoma,Lipoma,,Lipoma,Lipoma,added,1907,,,
969,Diseases and Chronic Conditions,113,Liver Disease,Enfermedad Hepática,,Liver Disease,Enfermedad Hepática,added,1908,,,
970,Diseases and Chronic Conditions,114,Lung Cancer,Cancer de pulmon,,Lung Cancer,Cancer de pulmon,added,1909,,,
971,Diseases and Chronic Conditions,115,Lupus,Lupus,,Lupus,Lupus,added,1910,,,
972,Diseases and Chronic Conditions,116,Lyme disease,Enfermedad de Lyme,,Lyme disease,Enfermedad de Lyme,added,1911,,,
973,Diseases and Chronic Conditions,117,Lymphoma,Linfoma,,Lymphoma,Linfoma,added,1912,,,
974,Diseases and Chronic Conditions,118,Mad cow disease,Enfermedad de las Vacas Locas,,Mad cow disease,Enfermedad de las Vacas Locas,added,1913,,,
975,Diseases and Chronic Conditions,119,Meningitis,Meningitis,,Meningitis,Meningitis,added,1914,,,
976,Diseases and Chronic Conditions,120,Meningococcal Disease,Enf. De Meningococo,,Meningococcal Disease,Enf. De Meningococo,added,1915,,,
977,Diseases and Chronic Conditions,121,Microcephaly,Microcefalia,,Microcephaly,Microcefalia,added,1916,,,
978,Diseases and Chronic Conditions,122,Middle Ear Infection (otitis media),Infección en el oído medio (Otitis media),,Middle Ear Infection (otitis media),Infección en el oído medio (Otitis media),added,1917,,,
979,Diseases and Chronic Conditions,123,Migrane headaches,Migrañas,,Migrane headaches,Migrañas,added,1918,,,
980,Diseases and Chronic Conditions,124,Mononucleosis,Mononucleosis,,Mononucleosis,Mononucleosis,added,1919,,,
981,Diseases and Chronic Conditions,125,Multiple Sclerosis- MS,Esclerosis Múltiple,,Multiple Sclerosis,Esclerosis Múltiple,added,1920,,,Sigla separada del término para mejorar la búsqueda.
982,Diseases and Chronic Conditions,126,Mumps,Paperas,,Mumps,Paperas,added,1921,,,
983,Diseases and Chronic Conditions,127,Muscular Atrophy,Atrofia Muscular,,Muscular Atrophy,Atrofia Muscular,added,1922,,,
984,Diseases and Chronic Conditions,128,Muscular Dystrophy,Distrofia Muscular,,Muscular Dystrophy,Distrofia Muscular,added,1923,,,
985,Diseases and Chronic Conditions,129,Myasis,Miasis,,Myasis,Miasis,added,1924,,,
986,Diseases and Chronic Conditions,130,Myocardial Infarction,Infarto del Miocardio,,Myocardial Infarction,Infarto del Miocardio,added,1925,,,
987,Diseases and Chronic Conditions,131,Neuralgia,Neuralgia,,Neuralgia,Neuralgia,added,1926,,,
988,Diseases and Chronic Conditions,132,Neurocysticercosis,Neurocisticercosis,,Neurocysticercosis,Neurocisticercosis,added,1927,,,
989,Diseases and Chronic Conditions,133,Neuropathy,Neuropatía,,Neuropathy,Neuropatía,added,1928,,,
990,Diseases and Chronic Conditions,134,Obesity,Obesidad,,Obesity,Obesidad,added,1929,,,
991,Diseases and Chronic Conditions,135,Osteoarthritis,Osteoartritis,,Osteoarthritis,Osteoartritis,added,1930,,,
992,Diseases and Chronic Conditions,136,Osteoporosis,Osteoporosis,,Osteoporosis,Osteoporosis,added,1931,,,
993,Diseases and Chronic Conditions,137,Palpitations,Palpitaciones,,Palpitations,Palpitaciones,consolidated_source_duplicate,1698,726,,
994,Diseases and Chronic Conditions,138,Pancreatitis,Pancreatitis,,Pancreatitis,Pancreatitis,added,1932,,,
995,Diseases and Chronic Conditions,139,Paralysis,Parálisis,,Paralysis,Parálisis,consolidated_source_duplicate,1699,727,,
996,Diseases and Chronic Conditions,140,Parkinson Disease,Enfermedad de Parkinson,,Parkinson Disease,Enfermedad de Parkinson,added,1933,,,
997,Diseases and Chronic Conditions,141,Plague,Plaga,,Plague,Plaga,added,1934,,,
998,Diseases and Chronic Conditions,142,Plantar Fasciitis,Fascitis Plantar,,Plantar Fasciitis,Fascitis Plantar,added,1935,,,
999,Diseases and Chronic Conditions,143,Pneumonia,Pulmonía,,Pneumonia,Pulmonía,added,1936,,,
1000,Diseases and Chronic Conditions,144,Polio,Polio,,Polio,Polio,added,1937,,,
1001,Diseases and Chronic Conditions,145,Post-Traumatic Stress Disorder- PTSD,Trastorno de Estrés Post-Traumático,,Post-Traumatic Stress Disorder,Trastorno de Estrés Post-Traumático,updated_existing,848,,exact_english_or_abbreviation,Sigla separada del término para mejorar la búsqueda.
1002,Diseases and Chronic Conditions,146,Psoriasis,Psoriasis,,Psoriasis,Psoriasis,consolidated_source_duplicate,1427,338,,
1003,Diseases and Chronic Conditions,147,Pulmonary Embolism,Embolia Pulmonar,,Pulmonary Embolism,Embolia Pulmonar,added,1938,,,
1004,Diseases and Chronic Conditions,148,Pulmonary Hypertension,Hipertención pulmonar,,Pulmonary Hypertension,Hipertención pulmonar,added,1939,,,
1005,Diseases and Chronic Conditions,149,Rabies,Rabia,,Rabies,Rabia,added,1940,,,
1006,Diseases and Chronic Conditions,150,Rheumatoid Arthritis,Artritis Reumatoide,,Rheumatoid Arthritis,Artritis Reumatoide,added,1941,,,
1007,Diseases and Chronic Conditions,151,Ringworm,Tiña,,Ringworm,Tiña,consolidated_source_duplicate,1430,341,,
1008,Diseases and Chronic Conditions,152,Rotavirus,Rotavirus,,Rotavirus,Rotavirus,added,1942,,,
1009,Diseases and Chronic Conditions,153,Salmonella,Salmonella,,Salmonella,Salmonella,added,1943,,,
1010,Diseases and Chronic Conditions,154,Schizophrenia,Esquizofrenia,,Schizophrenia,Esquizofrenia,added,1944,,,
1011,Diseases and Chronic Conditions,155,Scoliosis,Escoliosis,,Scoliosis,Escoliosis,added,1945,,,
1012,Diseases and Chronic Conditions,156,Seasonal allergies,Alergias de temporada / estacionarias,,Seasonal allergies,Alergias de temporada / estacionarias,added,1946,,,
1013,Diseases and Chronic Conditions,157,Seizures /Convulsions,Convulsiones,,Seizures /Convulsions,Convulsiones,added,1947,,,
1014,Diseases and Chronic Conditions,158,Sepsis,Sepsis,,Sepsis,Sepsis,added,1948,,,
1015,Diseases and Chronic Conditions,159,Septic Shock,Choque Séptico,,Septic Shock,Choque Séptico,added,1949,,,
1016,Diseases and Chronic Conditions,160,Shingles,Herpes zoster / Culebrilla,,Shingles,Herpes zoster / Culebrilla,added,1950,,,
1017,Diseases and Chronic Conditions,161,Sickle Cell Disease,Enfermedad de células falciformes,,Sickle Cell Disease,Enfermedad de células falciformes,added,1951,,,
1018,Diseases and Chronic Conditions,162,Sinus infection,Inf. En los senos paranasales,,Sinus infection,Inf. En los senos paranasales,added,1952,,,
1019,Diseases and Chronic Conditions,163,Sinusitis,Sinusitis,,Sinusitis,Sinusitis,added,1953,,,
1020,Diseases and Chronic Conditions,164,Sleep Apnea,Apnea del Sueño,,Sleep Apnea,Apnea del Sueño,added,1954,,,
1021,Diseases and Chronic Conditions,165,Sleep Disorder,Trastornos del sueño,,Sleep Disorder,Trastornos del sueño,added,1955,,,
1022,Diseases and Chronic Conditions,166,Sleepwalking,Sonambulísmo,,Sleepwalking,Sonambulísmo,added,1956,,,
1023,Diseases and Chronic Conditions,167,Smallpox,Viruela,,Smallpox,Viruela,added,1957,,,
1024,Diseases and Chronic Conditions,168,Spider web Veins,Venas con forma de telaraña,,Spider web Veins,Venas con forma de telaraña,added,1958,,,
1025,Diseases and Chronic Conditions,169,Strep throat infection,Infección por estreptococo en la garganta,,Strep throat infection,Infección por estreptococo en la garganta,added,1959,,,
1026,Diseases and Chronic Conditions,170,Stroke,Derrame cerebral,,Stroke,Derrame cerebral,added,1960,,,
1027,Diseases and Chronic Conditions,171,Syphilis,Sífilis,,Syphilis,Sífilis,added,1961,,,
1028,Diseases and Chronic Conditions,172,Tendonitis,Tendinitis,,Tendonitis,Tendinitis,added,1962,,,
1029,Diseases and Chronic Conditions,173,Testicular cancer,Cancer testicular,,Testicular cancer,Cancer testicular,added,1963,,,
1030,Diseases and Chronic Conditions,174,Tourette Syndrome,Síndrome de Tourette,,Tourette Syndrome,Síndrome de Tourette,added,1964,,,
1031,Diseases and Chronic Conditions,175,Toxoplasmosis,Toxoplasmosis,,Toxoplasmosis,Toxoplasmosis,added,1965,,,
1032,Diseases and Chronic Conditions,176,Trauma,Trauma,,Trauma,Trauma,added,1966,,,
1033,Diseases and Chronic Conditions,177,Tuberculosis - TB,Tuberculosis,,Tuberculosis,Tuberculosis,added,1967,,,Sigla separada del término para mejorar la búsqueda.
1034,Diseases and Chronic Conditions,178,Typhoid Fever,Fiebre Tifoidea,,Typhoid Fever,Fiebre Tifoidea,added,1968,,,
1035,Diseases and Chronic Conditions,179,Ulcerative Colitis,Colitis Ulcerativa,,Ulcerative Colitis,Colitis Ulcerativa,added,1969,,,
1036,Diseases and Chronic Conditions,180,Varicose Veins,Várices,,Varicose Veins,Várices,consolidated_source_duplicate,1751,786,,
1037,Diseases and Chronic Conditions,181,Vertigo,Vértigo,,Vertigo,Vértigo,added,1970,,,
1038,Diseases and Chronic Conditions,182,Vitiligo,Vitiligo,,Vitiligo,Vitiligo,added,1971,,,
1039,Diseases and Chronic Conditions,183,Yeast Infection,"Infección por hongos, o levaduras / Candidiasis",,Yeast Infection,"Infección por hongos, o levaduras / Candidiasis",consolidated_source_duplicate,1514,435,,
1040,Diseases and Chronic Conditions,184,Yellow Fever,Fiebre amarilla,,Yellow Fever,Fiebre amarilla,added,1972,,,
1041,Verbs,1,Assist,Ayudar,,Assist,Ayudar,updated_existing,946,,exact_english_or_abbreviation,
1042,Verbs,2,Attend / Go to,Acudir / asistir (a un lugar),,Attend / Go to,Acudir / asistir (a un lugar),updated_existing,947,,exact_english_or_abbreviation,
1043,Verbs,3,Auscultate,Auscultar,,Auscultate,Auscultar,updated_existing,948,,exact_english_or_abbreviation,
1044,Verbs,4,Bleed,Sangrar,,Bleed,Sangrar,updated_existing,949,,exact_english_or_abbreviation,
1045,Verbs,5,Blow the nose,Soplarse la nariz,,Blow the nose,Soplarse la nariz,updated_existing,950,,exact_english_or_abbreviation,
1046,Verbs,6,Bottle Feed,Dar bibierón,,Bottle Feed,Dar bibierón,updated_existing,31,,exact_english_or_abbreviation,
1047,Verbs,7,Breastfeed,Dar pecho,,Breastfeed,Dar pecho,updated_existing,30,,exact_english_or_abbreviation,
1048,Verbs,8,Burp,Eructar,,Burp,Eructar,consolidated_source_duplicate,951,637,exact_english_or_abbreviation,
1049,Verbs,9,Call in the prescription,Enviar la receta,,Call in the prescription,Enviar la receta,updated_existing,952,,exact_english_or_abbreviation,
1050,Verbs,10,Calm down,Calmarse,,Calm down,Calmarse,updated_existing,953,,exact_english_or_abbreviation,
1051,Verbs,11,Chew,Masticar,,Chew,Masticar,updated_existing,954,,exact_english_or_abbreviation,
1052,Verbs,12,Conduct,Conducir/ llevar a cabo,,Conduct,Conducir/ llevar a cabo,updated_existing,955,,exact_english_or_abbreviation,
1053,Verbs,13,Crawl,Arrastrarse / Gatear,,Crawl,Arrastrarse / Gatear,updated_existing,956,,exact_english_or_abbreviation,
1054,Verbs,14,Deliver,"Entregar / parir, dar a luz",,Deliver,"Entregar / parir, dar a luz",updated_existing,957,,exact_english_or_abbreviation,
1055,Verbs,15,Desinfect,Desinfectar,,Desinfect,Desinfectar,updated_existing,958,,exact_english_or_abbreviation,
1056,Verbs,16,Diagnose,Diagnosticar,,Diagnose,Diagnosticar,updated_existing,959,,exact_english_or_abbreviation,
1057,Verbs,17,Dislocate / Dislodge,Dislocar,,Dislocate / Dislodge,Dislocar,updated_existing,960,,manual_existing_map,
1058,Verbs,18,Do surgery,Hacer una cirugía,,Do surgery,Hacer una cirugía,updated_existing,961,,exact_english_or_abbreviation,
1059,Verbs,19,Draw blood,Sacar sangre,,Draw blood,Sacar sangre,consolidated_source_duplicate,962,666,exact_english_or_abbreviation,
1060,Verbs,20,Examine,Examinar,,Examine,Examinar,updated_existing,49,,exact_english_or_abbreviation,
1061,Verbs,21,Exhale,Exhalar,,Exhale,Exhalar,updated_existing,963,,exact_english_or_abbreviation,
1062,Verbs,22,Ejaculate,Eyacular,,Ejaculate,Eyacular,updated_existing,964,,exact_english_or_abbreviation,
1063,Verbs,23,Faint/ Pass out,Desmayarse,,Faint/ Pass out,Desmayarse,updated_existing,965,,manual_existing_map,
1064,Verbs,24,Fill medications,Surtir /abastecer medicamentos,,Fill medications,Surtir /abastecer medicamentos,updated_existing,53,,exact_english_or_abbreviation,
1065,Verbs,25,Frigidity,Frigidéz,,Frigidity,Frigidéz,updated_existing,966,,exact_english_or_abbreviation,
1066,Verbs,26,Frown,Fruncir el ceño,,Frown,Fruncir el ceño,updated_existing,967,,exact_english_or_abbreviation,
1067,Verbs,27,Gasp,Jadear,,Gasp,Jadear,updated_existing,968,,exact_english_or_abbreviation,
1068,Verbs,28,Get admitted,Ser ingresado,,Get admitted,Ser ingresado,updated_existing,969,,exact_english_or_abbreviation,
1069,Verbs,29,Get worse/ Worsen,Empeorar,,Get worse/ Worsen,Empeorar,updated_existing,970,,exact_english_or_abbreviation,
1070,Verbs,30,Give a shot/ an injection,Poner una inyección,,Give a shot/ an injection,Poner una inyección,updated_existing,971,,exact_english_or_abbreviation,
1071,Verbs,31,Hit / strike (with/ against),Golpear (con / contra),,Hit / strike (with/ against),Golpear (con / contra),updated_existing,972,,exact_english_or_abbreviation,
1072,Verbs,32,Hold,Sostener / aguantar,,Hold,Sostener / aguantar,updated_existing,973,,exact_english_or_abbreviation,
1073,Verbs,33,Hold on (the line),Esperar en línea,,Hold on (the line),Esperar en línea,updated_existing,974,,exact_english_or_abbreviation,
1074,Verbs,34,Increase,Incrementar / subir,,Increase,Incrementar / subir,updated_existing,975,,exact_english_or_abbreviation,
1075,Verbs,35,Inhale,Inhalar,,Inhale,Inhalar,updated_existing,976,,exact_english_or_abbreviation,
1076,Verbs,36,Inyect,Inyectar,,Inyect,Inyectar,updated_existing,977,,exact_english_or_abbreviation,
1077,Verbs,37,Keep down / tolerate,Mantener / Tolerar (stomach),,Keep down / tolerate,Mantener / Tolerar (stomach),updated_existing,978,,manual_existing_map,
1078,Verbs,38,Kneel,Arrodillarse,,Kneel,Arrodillarse,updated_existing,979,,exact_english_or_abbreviation,
1079,Verbs,39,Latch on,Agarrar el pecho (newborn),,Latch on,Agarrar el pecho (newborn),updated_existing,980,,exact_english_or_abbreviation,
1080,Verbs,40,Lay down,Acostarse,,Lay down,Acostarse,updated_existing,981,,exact_english_or_abbreviation,
1081,Verbs,41,Lay on your back / Lay back,Acostarse boca arriba,,Lay on your back / Lay back,Acostarse boca arriba,updated_existing,982,,exact_english_or_abbreviation,
1082,Verbs,42,Lift,Levantar,,Lift,Levantar,updated_existing,983,,exact_english_or_abbreviation,
1083,Verbs,43,Limp,Cojear,,Limp,Cojear,updated_existing,984,,exact_english_or_abbreviation,
1084,Verbs,44,Loose Balance,Perder el equilibrio,,Loose Balance,Perder el equilibrio,updated_existing,985,,exact_english_or_abbreviation,
1085,Verbs,45,Loose Consciousness,Perder el conocimiento,,Loose Consciousness,Perder el conocimiento,updated_existing,986,,exact_english_or_abbreviation,
1086,Verbs,46,Lower/ Decrease,Bajar / disminuir,,Lower/ Decrease,Bajar / disminuir,updated_existing,987,,exact_english_or_abbreviation,
1087,Verbs,47,Make a fist,Apuñar la mano,,Make a fist,Apuñar la mano,updated_existing,988,,exact_english_or_abbreviation,
1088,Verbs,48,Masturbate,Masturbar,,Masturbate,Masturbar,updated_existing,989,,exact_english_or_abbreviation,
1089,Verbs,49,Miss a dosage,Perder / olvidar una dosis,,Miss a dosage,Perder / olvidar una dosis,updated_existing,990,,exact_english_or_abbreviation,
1090,Verbs,50,Mix / steer,Mezclar,,Mix / steer,Mezclar,updated_existing,991,,exact_english_or_abbreviation,
1091,Verbs,51,Move backwards/ back up,Retroceder,,Move backwards/ back up,Retroceder,updated_existing,992,,exact_english_or_abbreviation,
1092,Verbs,52,Move forward,Avanzar/ ir hacia adelante,,Move forward,Avanzar/ ir hacia adelante,updated_existing,993,,exact_english_or_abbreviation,
1093,Verbs,53,Move the bowels / defecate,Defecar,,Move the bowels / defecate,Defecar,updated_existing,994,,manual_existing_map,
1094,Verbs,54,Prick/ Poke,"Puyar, picar (con aguja)",,Prick/ Poke,"Puyar, picar (con aguja)",updated_existing,995,,manual_existing_map,
1095,Verbs,55,Over eat,Comer demasiado,,Over eat,Comer demasiado,updated_existing,996,,exact_english_or_abbreviation,
1096,Verbs,56,Over exert,Hacer ejercicio/ esfuerzo en exceso,,Over exert,Hacer ejercicio/ esfuerzo en exceso,updated_existing,997,,exact_english_or_abbreviation,
1097,Verbs,57,Page a doctor,Mensajear a un doctor,,Page a doctor,Mensajear a un doctor,updated_existing,998,,exact_english_or_abbreviation,
1098,Verbs,58,Pass away/ die,Fallecer / morir,,Pass away/ die,Fallecer / morir,updated_existing,999,,exact_english_or_abbreviation,
1099,Verbs,59,Point out,"Señalar, indicar",,Point out,"Señalar, indicar",updated_existing,1000,,exact_english_or_abbreviation,
1100,Verbs,60,Pour,"Verter, echar",,Pour,"Verter, echar",updated_existing,1001,,exact_english_or_abbreviation,
1101,Verbs,61,Print out,Imprimir,,Print out,Imprimir,updated_existing,1002,,exact_english_or_abbreviation,
1102,Verbs,62,Punch,Golpear en la cara,,Punch,Golpear en la cara,updated_existing,1003,,exact_english_or_abbreviation,
1103,Verbs,63,Refer,"Referir, remitir",,Refer,"Referir, remitir",consolidated_source_duplicate,1007,744,exact_english_or_abbreviation,
1104,Verbs,64,Refill,Resurtir / reabastecer,,Refill,Resurtir / reabastecer,updated_existing,54,,exact_english_or_abbreviation,
1105,Acronyms,1,Hemoglobin A1C,Prueba de Hemoglobina Glicosilada,A1C Test,Hemoglobin A1C,Prueba de Hemoglobina Glicosilada,updated_existing,807,,manual_existing_map,
1106,Acronyms,2,Attention Deficit Disorder,Trastorno de Déficit de Atención,ADD,Attention Deficit Disorder,Trastorno de Déficit de Atención,updated_existing,808,,exact_english_or_abbreviation,
1107,Acronyms,3,Attention Deficit with Hyperactivity Disorder,Trastorno de Déficit de Atención con Hiperactividad,ADHD,Attention Deficit with Hyperactivity Disorder,Trastorno de Déficit de Atención con Hiperactividad,updated_existing,809,,exact_english_or_abbreviation,
1108,Acronyms,4,Acquired Immunodeficiency Syndrome,Síndrome de Inmunodeficiencia Adquirida,AIDS,Acquired Immunodeficiency Syndrome,Síndrome de Inmunodeficiencia Adquirida,updated_existing,810,,exact_english_or_abbreviation,
1109,Acronyms,5,Body Mass Index,Indice de masa corporal,BMI,Body Mass Index,Indice de masa corporal,updated_existing,811,,exact_english_or_abbreviation,
1110,Acronyms,6,Complete Blood Count,Conteo Completo de Glóbulos,CBC,Complete Blood Count,Conteo Completo de Glóbulos,updated_existing,3,,exact_english_or_abbreviation,
1111,Acronyms,7,Citomegalovirus,Citomegalovirus,CMV,Citomegalovirus,Citomegalovirus,updated_existing,812,,exact_english_or_abbreviation,
1112,Acronyms,8,Chronic Obstructive Pulmonary Disease,Enfermedad Pulmonar Obstructiva Crónica- EPOC,COPD,Chronic Obstructive Pulmonary Disease,Enfermedad Pulmonar Obstructiva Crónica- EPOC,updated_existing,813,,exact_english_or_abbreviation,
1113,Acronyms,9,Continuous Positive Airway Pressure,Presión Continua de las Vías Respiratorias,CPAP,Continuous Positive Airway Pressure,Presión Continua de las Vías Respiratorias,updated_existing,814,,exact_english_or_abbreviation,
1114,Acronyms,10,Dilation & Curettage,Legrado,D&C,Dilation & Curettage,Legrado,consolidated_source_duplicate,815,463,exact_english_or_abbreviation,
1115,Acronyms,11,Do not Intubate,Orden de No Intubar,DNI,Do not Intubate,Orden de No Intubar,updated_existing,816,,exact_english_or_abbreviation,
1116,Acronyms,12,Do not Resuscitate,Orden de No Resucitar,DNR,Do not Resuscitate,Orden de No Resucitar,updated_existing,817,,exact_english_or_abbreviation,
1117,Acronyms,13,"Difteria, Pertussis, Tetanus","Difteria, Tos ferina y Tétano",DPT/ T-DAP,"Difteria, Pertussis, Tetanus","Difteria, Tos ferina y Tétano",updated_existing,818,,manual_existing_map,
1118,Acronyms,14,Deep Vein Thrombosis,Trombosis Venosa Profunda,DVT,Deep Vein Thrombosis,Trombosis Venosa Profunda,consolidated_source_duplicate,819,901,exact_english_or_abbreviation,
1119,Acronyms,15,Electronic Benefit Transfer Card,Tarjeta de Transferencia de Beneficios Electrónicos,EBT card,Electronic Benefit Transfer Card,Tarjeta de Transferencia de Beneficios Electrónicos,updated_existing,820,,exact_english_or_abbreviation,
1120,Acronyms,16,Echocardiogram,Ecocardiograma,ECG,Echocardiogram,Ecocardiograma,consolidated_source_duplicate,1539,464,,La fuente asocia ECG con Echocardiogram. No se añadió esa sigla a la ficha porque el proyecto ya la usa para Electrocardiogram; la forma fuente permanece documentada.
1121,Acronyms,17,Electroencephalogram,Electroencefalograma,EEG,Electroencephalogram,Electroencefalograma,consolidated_source_duplicate,822,467,exact_english_or_abbreviation,
1122,Acronyms,18,Esophago-gastro-duodenoscopy,Esofagogastroduodenoscopía,EGD,Esophago-gastro-duodenoscopy,Esofagogastroduodenoscopía,updated_existing,823,,exact_english_or_abbreviation,
1123,Acronyms,19,Electrocardiogram,Electrocardiograma,EKG,Electrocardiogram,Electrocardiograma,consolidated_source_duplicate,821,466,exact_english_or_abbreviation,
1124,Acronyms,20,Gastroesophageal Reflux Disease,Enfermedad de reflujo gastroesofágico,GERD,Gastroesophageal Reflux Disease,Enfermedad de reflujo gastroesofágico,updated_existing,825,,exact_english_or_abbreviation,
1125,Acronyms,21,Human Deficiency Virus,Virus de Inmunodeficiencia Humana,HIV,Human Deficiency Virus,Virus de Inmunodeficiencia Humana,updated_existing,827,,exact_english_or_abbreviation,
1126,Acronyms,22,Health Maintenance Organization,Organización de Mantenimiento de la Salud,HMO,Health Maintenance Organization,Organización de Mantenimiento de la Salud,updated_existing,828,,exact_english_or_abbreviation,
1127,Acronyms,23,Human Papillomavirus,Virus de Papiloma Humano,HPV,Human Papillomavirus,Virus de Papiloma Humano,updated_existing,829,,exact_english_or_abbreviation,
1128,Acronyms,24,Intensive Care Unit,Unidad de Cuidados Intensivos,ICU,Intensive Care Unit,Unidad de Cuidados Intensivos,consolidated_source_duplicate,830,206,exact_english_or_abbreviation,
1129,Acronyms,25,Individualized Education Program,Programa de Educación Individualizada,IEP,Individualized Education Program,Programa de Educación Individualizada,updated_existing,831,,exact_english_or_abbreviation,
1130,Acronyms,26,International Normalized Ratio,Prueba de Tiempo de Protrombina,INR,International Normalized Ratio,Prueba de Tiempo de Protrombina,updated_existing,832,,exact_english_or_abbreviation,
1131,Acronyms,27,Intrauterine Device,Dispositivo Intrauterino,IUD,Intrauterine Device,Dispositivo Intrauterino,updated_existing,833,,exact_english_or_abbreviation,
1132,Acronyms,28,"Measles, Mumps & Rubella","Sarampión, Paperas y Rubeola",MMR,"Measles, Mumps & Rubella","Sarampión, Paperas y Rubeola",updated_existing,836,,exact_english_or_abbreviation,
1133,Acronyms,29,Magnetic Resonance Image,Imagen de resonancia magnética,MRI,Magnetic Resonance Image,Imagen de resonancia magnética,updated_existing,837,,exact_english_or_abbreviation,
1134,Acronyms,30,Medical Record Number,Número de Expediente Médico,MRN,Medical Record Number,Número de Expediente Médico,updated_existing,838,,exact_english_or_abbreviation,
1135,Acronyms,31,Methicillin Resistant Staphylococcus Aureus,Estafilococo Aureus Resistente a la Meticilina,MRSA,Methicillin Resistant Staphylococcus Aureus,Estafilococo Aureus Resistente a la Meticilina,updated_existing,839,,exact_english_or_abbreviation,
1136,Acronyms,32,Neonatal Intensive Care Unit,Unidad de Cuidados Intensivos Neonatales,NICU,Neonatal Intensive Care Unit,Unidad de Cuidados Intensivos Neonatales,updated_existing,840,,exact_english_or_abbreviation,
1137,Acronyms,33,Nurse Practitioner,Enfermera Especializada,NP,Nurse Practitioner,Enfermera Especializada,consolidated_source_duplicate,841,272,exact_english_or_abbreviation,
1138,Acronyms,34,Occupational Therapy - Physical Therapy,Terapia Ocupacional - Terapia Física,OT- PT,Occupational Therapy - Physical Therapy,Terapia Ocupacional - Terapia Física,updated_existing,842,,exact_english_or_abbreviation,
1139,Acronyms,35,Positron Emission Tomography,Tomografía de Emisión de Positrones,PET Scan,Positron Emission Tomography,Tomografía de Emisión de Positrones,updated_existing,843,,exact_english_or_abbreviation,
1140,Acronyms,36,Peripherally Inserted Central Catheter,Cateter central insertado periféricamente,PICC,Peripherally Inserted Central Catheter,Cateter central insertado periféricamente,updated_existing,844,,exact_english_or_abbreviation,
1141,Acronyms,37,Phenylketonuria,Fenilcetonuria,PKU,Phenylketonuria,Fenilcetonuria,updated_existing,845,,exact_english_or_abbreviation,
1142,Acronyms,38,Premenstrual Syndrome,Síndrome Pre-Menstrual,PMS,Premenstrual Syndrome,Síndrome Pre-Menstrual,updated_existing,846,,exact_english_or_abbreviation,
1143,Acronyms,39,Preferred Provider Organization,Organización de Proveedor Preferido,PPO,Preferred Provider Organization,Organización de Proveedor Preferido,updated_existing,847,,exact_english_or_abbreviation,
1144,Acronyms,40,Post Traumatic Stress Disorder,Trastorno de Estrés Post Traumático,PTSD,Post Traumatic Stress Disorder,Trastorno de Estrés Post Traumático,consolidated_source_duplicate,848,1001,exact_english_or_abbreviation,
1145,Acronyms,41,Registered Nurse,Enfermera Certificada,RN,Registered Nurse,Enfermera Certificada,consolidated_source_duplicate,849,291,exact_english_or_abbreviation,
1146,Acronyms,42,Sudden Infant Death Syndrome,Síndrome de Muerte Súbita Infantil,SIDS,Sudden Infant Death Syndrome,Síndrome de Muerte Súbita Infantil,updated_existing,850,,exact_english_or_abbreviation,
1147,Acronyms,43,Sexually Transmitted Disease,Enfermedad de Transmisión Sexual,STD,Sexually Transmitted Disease,Enfermedad de Transmisión Sexual,updated_existing,851,,exact_english_or_abbreviation,
1148,Acronyms,44,Temporomandibular Joint Disorder,Trastorno de la articulación temporomandibular,TMJ,Temporomandibular Joint Disorder,Trastorno de la articulación temporomandibular,consolidated_source_duplicate,852,374,exact_english_or_abbreviation,
1149,Acronyms,45,Urinary Tract Infection,Infección del Tracto Urinario,UTI,Urinary Tract Infection,Infección del Tracto Urinario,updated_existing,853,,exact_english_or_abbreviation,
