id,english,spanish,category,subcategory,abbreviation,synonyms_en,synonyms_es,pronunciation,definition_es,clinical_context,caution,source_name,source_url,review_status,reviewed_by,review_date,notes,entry_type,meaning_group,context_note,spanish_neutral,spanish_us,spanish_latam,regional_variants,priority,frequency,difficulty,publication_status,source_accessed_date,created_date,updated_date,version,change_notes
1,Shortness of breath,Dificultad para respirar,Síntomas,Respiratorio,,,Disnea,/short-nes ov breth/,Sensación de falta de aire o dificultad para respirar.,The patient reports shortness of breath at rest.,No traducir literalmente como cortedad de respiración.,MedlinePlus,https://medlineplus.gov/spanish/,Borrador,,,,Término,,,,,,,Alta,Frecuente,Básica,Demo,2026-07-10,2026-07-10,2026-07-10,1.0,Registro inicial
2,Blood pressure,Presión arterial,Signos vitales,Cardiovascular,BP,,,/blud preh-sher/,Fuerza que ejerce la sangre contra las paredes arteriales.,We need to check your blood pressure.,,MedlinePlus,https://medlineplus.gov/spanish/,Borrador,,,,Término,,,,,,,Alta,Frecuente,Básica,Demo,2026-07-10,2026-07-10,2026-07-10,1.0,Registro inicial
3,Complete blood count,Hemograma completo,Procedimientos,Laboratorio,CBC,Complete blood count test,Conteo sanguíneo completo; conteo completo de glóbulos,/com-pleet blud count/,"Análisis de sangre que mide glóbulos rojos, glóbulos blancos, plaquetas y otros componentes sanguíneos.",The provider ordered a CBC before the procedure.,En muchos contextos clínicos se interpreta como hemograma completo; confirme la variante preferida por la institución.,MedlinePlus,https://medlineplus.gov/spanish/,Borrador,,,,Acrónimo,,,,,,,Alta,Frecuente,Básica,Demo,2026-07-10,2026-07-10,2026-07-27,1.1,CBC consolidado con la lista Medical Acronyms; se añadieron sinónimos en español.
4,Over-the-counter medication,Medicamento de venta libre,Medicamentos,Administración,OTC,,,/oh-ver the count-er med-i-kay-shun/,Medicamento que puede comprarse sin receta médica.,Are you taking any over-the-counter medication?,,MedlinePlus,https://medlineplus.gov/spanish/,Borrador,,,,Término,,,,,,,Alta,Frecuente,Básica,Demo,2026-07-10,2026-07-10,2026-07-10,1.0,Registro inicial
5,Primary care physician,Médico de atención primaria,Especialidades,Atención primaria,PCP,,,/pry-mair-ee care fi-zish-an/,Profesional que brinda atención general y coordina referencias.,Please follow up with your primary care physician.,,MedlinePlus,https://medlineplus.gov/spanish/,Borrador,,,,Término,,,,,,,Alta,Frecuente,Básica,Demo,2026-07-10,2026-07-10,2026-07-10,1.0,Registro inicial
6,Heartburn,Acidez estomacal,Síntomas,Digestivo,,,Pirosis,/hart-burn/,Sensación de ardor en el pecho causada frecuentemente por reflujo.,Spicy foods trigger my heartburn.,No significa quemadura del corazón.,MedlinePlus,https://medlineplus.gov/spanish/,Borrador,,,,Término,,,,,,,Alta,Frecuente,Básica,Demo,2026-07-10,2026-07-10,2026-07-10,1.0,Registro inicial
7,Stool sample,Muestra de heces,Procedimientos,Laboratorio,,,,/stool sam-pul/,Muestra utilizada para pruebas del sistema digestivo.,Please collect a stool sample at home.,,MedlinePlus,https://medlineplus.gov/spanish/,Borrador,,,,Término,,,,,,,Alta,Frecuente,Básica,Demo,2026-07-10,2026-07-10,2026-07-10,1.0,Registro inicial
8,Dosage,Dosis,Medicamentos,Administración,,,,/doh-sij/,Cantidad y frecuencia indicadas para administrar un medicamento.,Do not change the dosage without calling us.,,MedlinePlus,https://medlineplus.gov/spanish/,Borrador,,,,Término,,,,,,,Alta,Frecuente,Básica,Demo,2026-07-10,2026-07-10,2026-07-10,1.0,Registro inicial
9,Kidney,Riñón,Anatomía,Urinario,,,,/kid-nee/,Órgano que filtra la sangre y produce orina.,The scan shows a kidney stone.,,MedlinePlus,https://medlineplus.gov/spanish/,Borrador,,,,Término,,,,,,,Alta,Frecuente,Básica,Demo,2026-07-10,2026-07-10,2026-07-10,1.0,Registro inicial
10,Sprain,Esguince,Condiciones,Musculoesquelético,,,,/sprayn/,Lesión de uno o más ligamentos alrededor de una articulación.,The X-ray ruled out a fracture; it is a sprain.,,MedlinePlus,https://medlineplus.gov/spanish/,Borrador,,,,Término,,,,,,,Alta,Frecuente,Básica,Demo,2026-07-10,2026-07-10,2026-07-10,1.0,Registro inicial
11,Numbness,Entumecimiento,Síntomas,Neurológico,,,,/num-nes/,Pérdida total o parcial de la sensibilidad.,Tell us if you feel numbness or tingling.,,MedlinePlus,https://medlineplus.gov/spanish/,Borrador,,,,Término,,,,,,,Alta,Frecuente,Básica,Demo,2026-07-10,2026-07-10,2026-07-10,1.0,Registro inicial
12,Discharge,Secreción / alta médica,Contexto,Ambiguo,,,,/dis-charj/,Puede referirse a una secreción corporal o al alta de un centro médico.,The meaning depends on the clinical context.,Verifica el contexto antes de interpretar.,MedlinePlus,https://medlineplus.gov/spanish/,Borrador,,,,Término,,,,,,,Alta,Frecuente,Básica,Demo,2026-07-10,2026-07-10,2026-07-10,1.0,Registro inicial
13,leak (verb),salir líquido / supurar,Síntomas,Heridas,,oozing; seeping,drenar; rezumar,/liik/,Salida involuntaria de líquido de una herida o zona corporal.,Did you notice whether the wound was leaking?,Evitar «fuga» cuando se habla de una herida.,Glosario QA — Equipo de Interpretación Español · CQ Fluency (PDF proporcionado),documento-local:fde0305e-efcc-426d-beee-ed3fba56ebc9.pdf,Pendiente,,,Adaptado del glosario QA proporcionado por el usuario.,Frase,OPI,Uso frecuente en interpretación remota.,salir líquido,,,drenar; rezumar,Alta,Frecuente,Intermedia,Demo,2026-07-15,2026-07-15,2026-07-15,1.0,Importado y enriquecido desde glosario QA
14,bowel movement,defecación / evacuación,Síntomas,Digestivo,BM,stool movement,deposición; evacuación intestinal,/bau-el muuv-ment/,Acto de expulsar heces del organismo.,How many bowel movements are you having per day?,"Según el registro, también puede expresarse con el verbo defecar o evacuar.",Glosario QA — Equipo de Interpretación Español · CQ Fluency (PDF proporcionado),documento-local:fde0305e-efcc-426d-beee-ed3fba56ebc9.pdf,Pendiente,,,Adaptado del glosario QA proporcionado por el usuario.,Término,OPI,Uso frecuente en interpretación remota.,defecación,,,deposición; evacuación intestinal,Alta,Frecuente,Intermedia,Demo,2026-07-15,2026-07-15,2026-07-15,1.0,Importado y enriquecido desde glosario QA
15,heart murmur,soplo cardíaco,Condiciones,Cardiovascular,,cardiac murmur,soplo en el corazón,/hart mer-mer/,Sonido adicional que se escucha durante el latido cardíaco.,No heart murmur was detected.,No traducir literalmente como «murmullo cardíaco».,Glosario QA — Equipo de Interpretación Español · CQ Fluency (PDF proporcionado),documento-local:fde0305e-efcc-426d-beee-ed3fba56ebc9.pdf,Pendiente,,,Adaptado del glosario QA proporcionado por el usuario.,Término,OPI,Uso frecuente en interpretación remota.,soplo cardíaco,,,soplo en el corazón,Alta,Frecuente,Intermedia,Demo,2026-07-15,2026-07-15,2026-07-15,1.0,Importado y enriquecido desde glosario QA
16,heart failure,insuficiencia cardíaca,Condiciones,Cardiovascular,HF,cardiac failure,falla del corazón,/hart feil-yer/,Afección en la que el corazón no bombea sangre con la eficacia necesaria.,This condition puts you at risk of heart failure.,"«Falla cardíaca» se entiende regionalmente, pero «insuficiencia cardíaca» es el término clínico preferido.",Glosario QA — Equipo de Interpretación Español · CQ Fluency (PDF proporcionado),documento-local:fde0305e-efcc-426d-beee-ed3fba56ebc9.pdf,Pendiente,,,Adaptado del glosario QA proporcionado por el usuario.,Término,OPI,Uso frecuente en interpretación remota.,insuficiencia cardíaca,,,falla del corazón,Alta,Frecuente,Intermedia,Demo,2026-07-15,2026-07-15,2026-07-15,1.0,Importado y enriquecido desde glosario QA
17,spine,columna vertebral,Anatomía,Musculoesquelético,,spinal column; backbone,espina dorsal,/spain/,Estructura ósea formada por vértebras que sostiene el cuerpo y protege la médula espinal.,We also give a dose through the spine.,No usar «espina» sin aclarar el contexto anatómico.,Glosario QA — Equipo de Interpretación Español · CQ Fluency (PDF proporcionado),documento-local:fde0305e-efcc-426d-beee-ed3fba56ebc9.pdf,Pendiente,,,Adaptado del glosario QA proporcionado por el usuario.,Término,OPI,Uso frecuente en interpretación remota.,columna vertebral,,,espina dorsal,Alta,Frecuente,Intermedia,Demo,2026-07-15,2026-07-15,2026-07-15,1.0,Importado y enriquecido desde glosario QA
18,constipation,estreñimiento,Síntomas,Digestivo,,,constipación (regional),/con-sti-pei-shon/,Dificultad para evacuar o evacuaciones menos frecuentes de lo habitual.,Are you having diarrhea or constipation?,«Constipación» puede significar congestión nasal en algunos países.,Glosario QA — Equipo de Interpretación Español · CQ Fluency (PDF proporcionado),documento-local:fde0305e-efcc-426d-beee-ed3fba56ebc9.pdf,Pendiente,,,Adaptado del glosario QA proporcionado por el usuario.,Término,OPI,Uso frecuente en interpretación remota.,estreñimiento,,,constipación (regional),Alta,Frecuente,Intermedia,Demo,2026-07-15,2026-07-15,2026-07-15,1.0,Importado y enriquecido desde glosario QA
19,drainage,secreción / drenaje,Síntomas,Secreciones,,discharge,flujo; líquido drenado,/drei-nij/,Líquido que sale de una herida o cavidad; también puede referirse al proceso de drenarlo.,Have you noticed any vaginal drainage?,Elegir «secreción» para flujo corporal y «drenaje» para el procedimiento o dispositivo.,Glosario QA — Equipo de Interpretación Español · CQ Fluency (PDF proporcionado),documento-local:fde0305e-efcc-426d-beee-ed3fba56ebc9.pdf,Pendiente,,,Adaptado del glosario QA proporcionado por el usuario.,Término,OPI,Uso frecuente en interpretación remota.,secreción,,,flujo; líquido drenado,Alta,Frecuente,Intermedia,Demo,2026-07-15,2026-07-15,2026-07-15,1.0,Importado y enriquecido desde glosario QA
20,medical disorder,trastorno médico,Condiciones,General,,condition; disease,afección; enfermedad,/me-di-cal dis-or-der/,Alteración de la salud o del funcionamiento normal del organismo.,Do you have any autoimmune disorder?,Evitar el calco «desorden» en contexto clínico.,Glosario QA — Equipo de Interpretación Español · CQ Fluency (PDF proporcionado),documento-local:fde0305e-efcc-426d-beee-ed3fba56ebc9.pdf,Pendiente,,,Adaptado del glosario QA proporcionado por el usuario.,Término,OPI,Uso frecuente en interpretación remota.,trastorno médico,,,afección; enfermedad,Alta,Frecuente,Intermedia,Demo,2026-07-15,2026-07-15,2026-07-15,1.0,Importado y enriquecido desde glosario QA
21,lightheaded,aturdido / con sensación de desmayo,Síntomas,Neurológico,,faint; woozy,mareado; desfallecido,/lait-he-did/,"Sensación de que podría desmayarse, con debilidad o inestabilidad.",Do you feel lightheaded or dizzy?,Distinguir de dizzy: puede ser mareo o vértigo según el contexto.,Glosario QA — Equipo de Interpretación Español · CQ Fluency (PDF proporcionado),documento-local:fde0305e-efcc-426d-beee-ed3fba56ebc9.pdf,Pendiente,,,Adaptado del glosario QA proporcionado por el usuario.,Término,OPI,Uso frecuente en interpretación remota.,aturdido,,,mareado; desfallecido,Alta,Frecuente,Intermedia,Demo,2026-07-15,2026-07-15,2026-07-15,1.0,Importado y enriquecido desde glosario QA
22,feeling,sensación,Síntomas,General,,sensation,molestia; percepción,/fii-ling/,Percepción física o emocional descrita por la persona.,A sore feeling is normal after the procedure.,"En síntomas físicos suele ser «sensación», no «sentimiento».",Glosario QA — Equipo de Interpretación Español · CQ Fluency (PDF proporcionado),documento-local:fde0305e-efcc-426d-beee-ed3fba56ebc9.pdf,Pendiente,,,Adaptado del glosario QA proporcionado por el usuario.,Término,OPI,Uso frecuente en interpretación remota.,sensación,,,molestia; percepción,Alta,Frecuente,Intermedia,Demo,2026-07-15,2026-07-15,2026-07-15,1.0,Importado y enriquecido desde glosario QA
23,feeling down,sentirse decaído(a),Síntomas,Salud mental,,low mood,sentirse desanimado(a),/fii-ling daun/,"Estado de ánimo bajo, con tristeza o desánimo.","Have you felt down, depressed, or hopeless?",No traducir literalmente como «sentirse bajo».,Glosario QA — Equipo de Interpretación Español · CQ Fluency (PDF proporcionado),documento-local:fde0305e-efcc-426d-beee-ed3fba56ebc9.pdf,Pendiente,,,Adaptado del glosario QA proporcionado por el usuario.,Término,OPI,Uso frecuente en interpretación remota.,sentirse decaído(a),,,sentirse desanimado(a),Alta,Frecuente,Intermedia,Demo,2026-07-15,2026-07-15,2026-07-15,1.0,Importado y enriquecido desde glosario QA
24,stress test,prueba de esfuerzo,Procedimientos,Cardiología,,exercise stress test,ergometría,/stres test/,Prueba que evalúa el funcionamiento del corazón durante el esfuerzo físico o farmacológico.,You will be scheduled for a stress test.,«Prueba de estrés» es un calco; use «prueba de esfuerzo» en cardiología.,Glosario QA — Equipo de Interpretación Español · CQ Fluency (PDF proporcionado),documento-local:fde0305e-efcc-426d-beee-ed3fba56ebc9.pdf,Pendiente,,,Adaptado del glosario QA proporcionado por el usuario.,Término,OPI,Uso frecuente en interpretación remota.,prueba de esfuerzo,,,ergometría,Alta,Frecuente,Intermedia,Demo,2026-07-15,2026-07-15,2026-07-15,1.0,Importado y enriquecido desde glosario QA
25,swab (verb),tomar una muestra con hisopo / hacer un hisopado,Procedimientos,Muestras,,collect a swab,hisopar,/suab/,Recoger una muestra frotando una zona con un hisopo.,You are due for a vaginal swab.,"Como verbo, no basta con decir «hisopo».",Glosario QA — Equipo de Interpretación Español · CQ Fluency (PDF proporcionado),documento-local:fde0305e-efcc-426d-beee-ed3fba56ebc9.pdf,Pendiente,,,Adaptado del glosario QA proporcionado por el usuario.,Frase,OPI,Uso frecuente en interpretación remota.,tomar una muestra con hisopo,,,hisopar,Alta,Frecuente,Intermedia,Demo,2026-07-15,2026-07-15,2026-07-15,1.0,Importado y enriquecido desde glosario QA
26,G-tube,sonda de gastrostomía,Procedimientos,Alimentación enteral,G-tube,gastrostomy tube; feeding tube,sonda de alimentación,/yii tuub/,Tubo que atraviesa el abdomen hasta el estómago para administrar alimento o medicamentos.,Have you given the medication through his G-tube?,Puede decirse «sonda de alimentación» si el contexto ya identifica el tipo.,Glosario QA — Equipo de Interpretación Español · CQ Fluency (PDF proporcionado),documento-local:fde0305e-efcc-426d-beee-ed3fba56ebc9.pdf,Pendiente,,,Adaptado del glosario QA proporcionado por el usuario.,Término,OPI,Uso frecuente en interpretación remota.,sonda de gastrostomía,,,sonda de alimentación,Alta,Frecuente,Intermedia,Demo,2026-07-15,2026-07-15,2026-07-15,1.0,Importado y enriquecido desde glosario QA
27,stitches,puntos / suturas,Procedimientos,Heridas,,sutures,puntos de sutura,/sti-chez/,Hilos o grapas empleados para cerrar una herida.,They put stitches in two of my fingers.,"En dirección ES→EN, «puntos» se interpreta como stitches o sutures, no points.",Glosario QA — Equipo de Interpretación Español · CQ Fluency (PDF proporcionado),documento-local:fde0305e-efcc-426d-beee-ed3fba56ebc9.pdf,Pendiente,,,Adaptado del glosario QA proporcionado por el usuario.,Término,OPI,Uso frecuente en interpretación remota.,puntos,,,puntos de sutura,Alta,Frecuente,Intermedia,Demo,2026-07-15,2026-07-15,2026-07-15,1.0,Importado y enriquecido desde glosario QA
28,breast pump,extractor de leche materna,Maternidad y pediatría,Lactancia,,milk pump,sacaleches,/brest pamp/,Dispositivo manual o eléctrico para extraer leche materna.,Do you need help learning how to use the breast pump?,Evitar «bomba de seno» o traducciones literales.,Glosario QA — Equipo de Interpretación Español · CQ Fluency (PDF proporcionado),documento-local:fde0305e-efcc-426d-beee-ed3fba56ebc9.pdf,Pendiente,,,"Adaptado del glosario QA proporcionado por el usuario. Supplies 1, fila 25: Breast pump = Extractor de leche materna.",Término,OPI,Uso frecuente en interpretación remota.,extractor de leche materna,,,sacaleches,Alta,Frecuente,Intermedia,Demo,2026-07-15,2026-07-15,2026-07-28,1.1,Importado y enriquecido desde glosario QA; consolidado sin duplicar con Supplies 1
29,pump (breast milk),extraer leche / sacarse leche,Maternidad y pediatría,Lactancia,,express milk,bombear (coloquial),/pamp/,Extraer leche materna con un extractor o manualmente.,How often are you pumping?,El contexto de lactancia determina el significado.,Glosario QA — Equipo de Interpretación Español · CQ Fluency (PDF proporcionado),documento-local:fde0305e-efcc-426d-beee-ed3fba56ebc9.pdf,Pendiente,,,Adaptado del glosario QA proporcionado por el usuario.,Frase,OPI,Uso frecuente en interpretación remota.,extraer leche,,,bombear (coloquial),Alta,Frecuente,Intermedia,Demo,2026-07-15,2026-07-15,2026-07-15,1.0,Importado y enriquecido desde glosario QA
30,breastfeeding,lactancia materna / amamantar,Maternidad y pediatría,Lactancia,,nursing; Breastfeed,dar pecho,/brest-fii-ding/,Alimentación del bebé directamente con leche materna.,Are you breastfeeding or pumping?,"Como verbo puede traducirse «amamantar»; como sustantivo, «lactancia materna».",Glosario QA — Equipo de Interpretación Español · CQ Fluency (PDF proporcionado),documento-local:fde0305e-efcc-426d-beee-ed3fba56ebc9.pdf,Pendiente,,,"Adaptado del glosario QA proporcionado por el usuario. Lista Medical Verbs, fila 35: Breastfeed = Dar pecho.",Término,OPI,Uso frecuente en interpretación remota.,lactancia materna,,,dar pecho,Alta,Frecuente,Intermedia,Demo,2026-07-15,2026-07-15,2026-07-28,1.1,Importado y enriquecido desde glosario QA; consolidado sin duplicar con Medical Verbs
31,bottle-feed / baby bottle,dar biberón / biberón,Maternidad y pediatría,Alimentación infantil,,feed by bottle; Bottle Feed; Baby bottle,dar pacha; mamadera; tetero; Dar biberón; Biberón,/bo-tl fiid/,Alimentar a un bebé mediante un recipiente con tetina.,We can bottle-feed the baby and pump afterward.,La variante regional debe adaptarse al paciente; «biberón» es neutral.,Glosario QA — Equipo de Interpretación Español · CQ Fluency (PDF proporcionado),documento-local:fde0305e-efcc-426d-beee-ed3fba56ebc9.pdf,Pendiente,,,"Adaptado del glosario QA proporcionado por el usuario. Lista Medical Verbs, fila 34: Bottle Feed = Dar biberón. Supplies 1, fila 15: Baby bottle = Biberón.",Frase,OPI,Uso frecuente en interpretación remota.,dar biberón,,,dar pacha; mamadera; tetero,Alta,Frecuente,Intermedia,Demo,2026-07-15,2026-07-15,2026-07-28,1.2,Importado y enriquecido desde glosario QA; consolidado sin duplicar con Medical Verbs; consolidado sin duplicar con Supplies 1
32,baby teeth,dientes de leche,Maternidad y pediatría,Odontología pediátrica,,primary teeth; deciduous teeth,dientes temporales,/bei-bi tiith/,Primer conjunto de dientes que aparece en la infancia y luego se reemplaza.,We will wait until all the baby teeth come out.,Evitar el calco «dientes de bebé».,Glosario QA — Equipo de Interpretación Español · CQ Fluency (PDF proporcionado),documento-local:fde0305e-efcc-426d-beee-ed3fba56ebc9.pdf,Pendiente,,,Adaptado del glosario QA proporcionado por el usuario.,Término,OPI,Uso frecuente en interpretación remota.,dientes de leche,,,dientes temporales,Alta,Frecuente,Intermedia,Demo,2026-07-15,2026-07-15,2026-07-15,1.0,Importado y enriquecido desde glosario QA
33,front desk,recepción,Atención médica,Citas y registro,,reception desk,mostrador de recepción,/front desk/,"Área donde se registra, orienta o atiende inicialmente a los pacientes.",You can schedule your next appointment at the front desk.,No traducir como «escritorio frontal».,Glosario QA — Equipo de Interpretación Español · CQ Fluency (PDF proporcionado),documento-local:fde0305e-efcc-426d-beee-ed3fba56ebc9.pdf,Pendiente,,,Adaptado del glosario QA proporcionado por el usuario.,Término,OPI,Uso frecuente en interpretación remota.,recepción,,,mostrador de recepción,Alta,Frecuente,Intermedia,Demo,2026-07-15,2026-07-15,2026-07-15,1.0,Importado y enriquecido desde glosario QA
34,admit (to a hospital),ingresar / internar,Atención médica,Hospitalización,,hospitalize,admitir al hospital,/ad-mit/,Registrar y aceptar a una persona para recibir atención hospitalaria.,We need to get you admitted to the hospital.,«Admitir» solo puede resultar ambiguo fuera del contexto hospitalario.,Glosario QA — Equipo de Interpretación Español · CQ Fluency (PDF proporcionado),documento-local:fde0305e-efcc-426d-beee-ed3fba56ebc9.pdf,Pendiente,,,Adaptado del glosario QA proporcionado por el usuario.,Frase,OPI,Uso frecuente en interpretación remota.,ingresar,,,admitir al hospital,Alta,Frecuente,Intermedia,Demo,2026-07-15,2026-07-15,2026-07-15,1.0,Importado y enriquecido desde glosario QA
35,medical practice,consultorio / clínica,Atención médica,Consultas,,doctor's office; Medical Office,práctica médica; Consultorio médico,/me-di-cal prac-tis/,Lugar o actividad profesional donde uno o más proveedores atienden pacientes.,Will this be his first visit to the practice?,No usar «práctica» si se refiere al establecimiento.,Glosario QA — Equipo de Interpretación Español · CQ Fluency (PDF proporcionado),documento-local:fde0305e-efcc-426d-beee-ed3fba56ebc9.pdf,Pendiente,,,"Adaptado del glosario QA proporcionado por el usuario. Supplies 1, fila 83: Medical Office = Consultorio médico.",Término,OPI,Uso frecuente en interpretación remota.,consultorio,,,práctica médica,Alta,Frecuente,Intermedia,Demo,2026-07-15,2026-07-15,2026-07-28,1.1,Importado y enriquecido desde glosario QA; consolidado sin duplicar con Supplies 1
36,operating room,sala de operaciones / quirófano,Atención médica,Cirugía,OR,surgical suite,sala quirúrgica,/o-pe-rei-ting ruum/,Sala equipada donde se realizan procedimientos quirúrgicos.,We are ready to take her to the operating room.,OR es la abreviatura inglesa habitual.,Glosario QA — Equipo de Interpretación Español · CQ Fluency (PDF proporcionado),documento-local:fde0305e-efcc-426d-beee-ed3fba56ebc9.pdf,Pendiente,,,Adaptado del glosario QA proporcionado por el usuario.,Término,OPI,Uso frecuente en interpretación remota.,sala de operaciones,,,sala quirúrgica,Alta,Frecuente,Intermedia,Demo,2026-07-15,2026-07-15,2026-07-15,1.0,Importado y enriquecido desde glosario QA
37,location,ubicación / sede,Atención médica,Citas y centros,,site,localización,/lou-kei-shon/,Lugar físico donde se presta un servicio o se encuentra un centro.,Do you have a preferred location?,«Locación» no es la opción neutral recomendada.,Glosario QA — Equipo de Interpretación Español · CQ Fluency (PDF proporcionado),documento-local:fde0305e-efcc-426d-beee-ed3fba56ebc9.pdf,Pendiente,,,Adaptado del glosario QA proporcionado por el usuario.,Término,OPI,Uso frecuente en interpretación remota.,ubicación,,,localización,Alta,Frecuente,Intermedia,Demo,2026-07-15,2026-07-15,2026-07-15,1.0,Importado y enriquecido desde glosario QA
38,parking,estacionamiento,Atención médica,Acceso,,parking lot,parqueo,/par-king/,Área destinada a estacionar vehículos.,Were you able to find parking?,«Parqueo» es común regionalmente; «estacionamiento» es más neutral.,Glosario QA — Equipo de Interpretación Español · CQ Fluency (PDF proporcionado),documento-local:fde0305e-efcc-426d-beee-ed3fba56ebc9.pdf,Pendiente,,,Adaptado del glosario QA proporcionado por el usuario.,Término,OPI,Uso frecuente en interpretación remota.,estacionamiento,,,parqueo,Alta,Frecuente,Intermedia,Demo,2026-07-15,2026-07-15,2026-07-15,1.0,Importado y enriquecido desde glosario QA
39,schedule (verb),programar / agendar,Atención médica,Citas,,book; arrange; Schedule,concertar una cita; Programar / Calendario,/ske-yul/,Fijar una fecha y hora para una cita o procedimiento.,They are good about scheduling newborn visits.,Evitar convertirlo innecesariamente en el sustantivo «agendamiento».,Glosario QA — Equipo de Interpretación Español · CQ Fluency (PDF proporcionado),documento-local:fde0305e-efcc-426d-beee-ed3fba56ebc9.pdf,Pendiente,,,"Adaptado del glosario QA proporcionado por el usuario. Lista Medical Verbs, fila 20: Schedule = Programar / Calendario.",Frase,OPI,Uso frecuente en interpretación remota.,programar,,,concertar una cita,Alta,Frecuente,Intermedia,Demo,2026-07-15,2026-07-15,2026-07-28,1.1,Importado y enriquecido desde glosario QA; consolidado sin duplicar con Medical Verbs
40,take care of,cuidar / atender,Atención médica,Cuidados,,care for,ocuparse de,/teik ker ov/,Proporcionar los cuidados necesarios a una persona o zona del cuerpo.,You need to take care of your incision at home.,"La equivalencia cambia según si se cuida una persona, herida o trámite.",Glosario QA — Equipo de Interpretación Español · CQ Fluency (PDF proporcionado),documento-local:fde0305e-efcc-426d-beee-ed3fba56ebc9.pdf,Pendiente,,,Adaptado del glosario QA proporcionado por el usuario.,Término,OPI,Uso frecuente en interpretación remota.,cuidar,,,ocuparse de,Alta,Frecuente,Intermedia,Demo,2026-07-15,2026-07-15,2026-07-15,1.0,Importado y enriquecido desde glosario QA
41,walk around,caminar / caminar por ahí,Atención médica,Movilidad,,ambulate,deambular,/uok a-raund/,"Moverse caminando, a menudo como parte de la recuperación.",Have you walked around since the procedure?,No requiere la traducción literal «caminar alrededor».,Glosario QA — Equipo de Interpretación Español · CQ Fluency (PDF proporcionado),documento-local:fde0305e-efcc-426d-beee-ed3fba56ebc9.pdf,Pendiente,,,Adaptado del glosario QA proporcionado por el usuario.,Término,OPI,Uso frecuente en interpretación remota.,caminar,,,deambular,Alta,Frecuente,Intermedia,Demo,2026-07-15,2026-07-15,2026-07-15,1.0,Importado y enriquecido desde glosario QA
42,personal care assistant,asistente de cuidado personal,Cuidado domiciliario,Personal,PCA,personal care aide,auxiliar de cuidado personal,/per-so-nal ker a-sis-tant/,Persona que ayuda con actividades diarias y cuidado personal en el hogar.,They can help you choose your PCA.,Desarrollar la sigla la primera vez si el contexto lo permite.,Glosario QA — Equipo de Interpretación Español · CQ Fluency (PDF proporcionado),documento-local:fde0305e-efcc-426d-beee-ed3fba56ebc9.pdf,Pendiente,,,Adaptado del glosario QA proporcionado por el usuario.,Término,OPI,Uso frecuente en interpretación remota.,asistente de cuidado personal,,,auxiliar de cuidado personal,Alta,Frecuente,Intermedia,Demo,2026-07-15,2026-07-15,2026-07-15,1.0,Importado y enriquecido desde glosario QA
43,home attendant,cuidador(a) en casa / auxiliar domiciliario(a),Cuidado domiciliario,Personal,,home care aide,asistente domiciliario,/houm a-ten-dant/,Persona que presta apoyo cotidiano o cuidado no hospitalario en el domicilio.,How many hours per week does your home attendant visit?,El cargo exacto puede variar por programa y estado.,Glosario QA — Equipo de Interpretación Español · CQ Fluency (PDF proporcionado),documento-local:fde0305e-efcc-426d-beee-ed3fba56ebc9.pdf,Pendiente,,,Adaptado del glosario QA proporcionado por el usuario.,Término,OPI,Uso frecuente en interpretación remota.,cuidador(a) en casa,,,asistente domiciliario,Alta,Frecuente,Intermedia,Demo,2026-07-15,2026-07-15,2026-07-15,1.0,Importado y enriquecido desde glosario QA
44,case manager,administrador(a) de casos / gestor(a) de casos,Cuidado domiciliario,Coordinación,CM,care manager,gerente de casos,/keis ma-na-yer/,"Profesional que coordina servicios, recursos y seguimiento de un caso.",The case manager can review those files.,Evitar «manejador de casos».,Glosario QA — Equipo de Interpretación Español · CQ Fluency (PDF proporcionado),documento-local:fde0305e-efcc-426d-beee-ed3fba56ebc9.pdf,Pendiente,,,Adaptado del glosario QA proporcionado por el usuario.,Término,OPI,Uso frecuente en interpretación remota.,administrador(a) de casos,,,gerente de casos,Alta,Frecuente,Intermedia,Demo,2026-07-15,2026-07-15,2026-07-15,1.0,Importado y enriquecido desde glosario QA
45,care partner,compañero(a) de cuidados / persona de apoyo,Cuidado domiciliario,Red de apoyo,,caregiver partner,acompañante de cuidados,/ker part-ner/,Persona que colabora en el cuidado y apoyo de un paciente.,Are you returning a call from your care partner?,Confirmar si es un cargo formal del programa o un familiar de apoyo.,Glosario QA — Equipo de Interpretación Español · CQ Fluency (PDF proporcionado),documento-local:fde0305e-efcc-426d-beee-ed3fba56ebc9.pdf,Pendiente,,,Adaptado del glosario QA proporcionado por el usuario.,Término,OPI,Uso frecuente en interpretación remota.,compañero(a) de cuidados,,,acompañante de cuidados,Alta,Frecuente,Intermedia,Demo,2026-07-15,2026-07-15,2026-07-15,1.0,Importado y enriquecido desde glosario QA
46,supplies,suministros,Atención médica,Materiales,,medical supplies,insumos,/so-plais/,"Materiales necesarios para cuidado, tratamiento o procedimientos.",His medical supplies are not being covered.,No confundir supplies con supplements (suplementos).,Glosario QA — Equipo de Interpretación Español · CQ Fluency (PDF proporcionado),documento-local:fde0305e-efcc-426d-beee-ed3fba56ebc9.pdf,Pendiente,,,Adaptado del glosario QA proporcionado por el usuario.,Término,OPI,Uso frecuente en interpretación remota.,suministros,,,insumos,Alta,Frecuente,Intermedia,Demo,2026-07-15,2026-07-15,2026-07-15,1.0,Importado y enriquecido desde glosario QA
47,medical tape,cinta adhesiva médica,Atención médica,Materiales,,surgical tape; Adhesive Tape,esparadrapo; Cinta Adhesiva,/me-di-cal teip/,"Cinta diseñada para fijar gasas, vendajes u otros materiales sobre la piel.","Do you need gauze, medical tape, or adult diapers?",«Tape médico» es un anglicismo; esparadrapo es regional.,Glosario QA — Equipo de Interpretación Español · CQ Fluency (PDF proporcionado),documento-local:fde0305e-efcc-426d-beee-ed3fba56ebc9.pdf,Pendiente,,,"Adaptado del glosario QA proporcionado por el usuario. Supplies 1, fila 12: Adhesive Tape = Cinta Adhesiva.",Término,OPI,Uso frecuente en interpretación remota.,cinta adhesiva médica,,,esparadrapo,Alta,Frecuente,Intermedia,Demo,2026-07-15,2026-07-15,2026-07-28,1.1,Importado y enriquecido desde glosario QA; consolidado sin duplicar con Supplies 1
48,go to the ER,ir a emergencias / ir a urgencias,Atención médica,Emergencias,ER,go to the emergency room,acudir a urgencias,/gou tu dhi ii-ar/,Acudir al servicio hospitalario para recibir atención inmediata.,My mother went to the ER last Friday.,"En dirección ES→EN, use ER o emergency room; no «go to emergency».",Glosario QA — Equipo de Interpretación Español · CQ Fluency (PDF proporcionado),documento-local:fde0305e-efcc-426d-beee-ed3fba56ebc9.pdf,Pendiente,,,Adaptado del glosario QA proporcionado por el usuario.,Término,OPI,Uso frecuente en interpretación remota.,ir a emergencias,,,acudir a urgencias,Alta,Frecuente,Intermedia,Demo,2026-07-15,2026-07-15,2026-07-15,1.0,Importado y enriquecido desde glosario QA
49,see / examine (a patient),atender / examinar,Atención médica,Consulta,,check; evaluate; Examine,ver al paciente; Examinar,/sii; ig-za-min/,Evaluar o prestar atención médica a una persona.,The doctor who saw me at my previous appointment...,«Attend» normalmente no equivale a atender a un paciente en inglés estadounidense.,Glosario QA — Equipo de Interpretación Español · CQ Fluency (PDF proporcionado),documento-local:fde0305e-efcc-426d-beee-ed3fba56ebc9.pdf,Pendiente,,,"Adaptado del glosario QA proporcionado por el usuario. Lista Medical Verbs, fila 48: Examine = Examinar.",Frase,OPI,Uso frecuente en interpretación remota.,atender,,,ver al paciente,Alta,Frecuente,Intermedia,Demo,2026-07-15,2026-07-15,2026-07-28,1.1,Importado y enriquecido desde glosario QA; consolidado sin duplicar con Medical Verbs
50,run / perform lab tests,hacer pruebas de laboratorio,Procedimientos,Laboratorio,,do lab work,hacer laboratorios,/ran lab tests/,"Solicitar, tomar o procesar pruebas de laboratorio según el contexto.",My doctor ran some lab tests.,"Evitar «made me labs»; precisar si el proveedor ordered, ran o performed las pruebas.",Glosario QA — Equipo de Interpretación Español · CQ Fluency (PDF proporcionado),documento-local:fde0305e-efcc-426d-beee-ed3fba56ebc9.pdf,Pendiente,,,Adaptado del glosario QA proporcionado por el usuario.,Frase,OPI,Uso frecuente en interpretación remota.,hacer pruebas de laboratorio,,,hacer laboratorios,Alta,Frecuente,Intermedia,Demo,2026-07-15,2026-07-15,2026-07-15,1.0,Importado y enriquecido desde glosario QA
51,prescription / prescribe,receta / recetar,Medicamentos,Farmacia,Rx,medication order; Prescription,prescripción (técnico); Receta médica,/pri-skrip-shon; pri-skraib/,Indicación escrita para obtener un medicamento y acción de ordenarlo.,Check whether the pharmacy filled the prescription; take it as prescribed.,Distinguir prescription (sustantivo) de prescribe (verbo).,Glosario QA — Equipo de Interpretación Español · CQ Fluency (PDF proporcionado),documento-local:fde0305e-efcc-426d-beee-ed3fba56ebc9.pdf,Pendiente,,,"Adaptado del glosario QA proporcionado por el usuario. Lista Medical Verbs, fila 8: Prescription = Receta médica.",Frase,OPI,Uso frecuente en interpretación remota.,receta,,,prescripción (técnico),Alta,Frecuente,Intermedia,Demo,2026-07-15,2026-07-15,2026-07-28,1.1,Importado y enriquecido desde glosario QA; consolidado sin duplicar con Medical Verbs
52,drug (prescribed medication),medicamento,Medicamentos,General,,medicine,fármaco,/drag/,"Sustancia utilizada para prevenir, diagnosticar o tratar una afección.",Do you have any drug allergies?,"En contexto terapéutico suele ser «medicamento», no «droga».",Glosario QA — Equipo de Interpretación Español · CQ Fluency (PDF proporcionado),documento-local:fde0305e-efcc-426d-beee-ed3fba56ebc9.pdf,Pendiente,,,Adaptado del glosario QA proporcionado por el usuario.,Frase,OPI,Uso frecuente en interpretación remota.,medicamento,,,fármaco,Alta,Frecuente,Intermedia,Demo,2026-07-15,2026-07-15,2026-07-15,1.0,Importado y enriquecido desde glosario QA
53,fill a prescription,surtir / preparar una receta,Medicamentos,Farmacia,,dispense a prescription; Fill medications; Dispense medications,despachar una receta; Surtir / Abastecer medicamentos,/fil a pri-skrip-shon/,Preparar y entregar el medicamento indicado en una receta.,"If you do not need it now, you do not have to fill it.",No traducir literalmente como «llenar».,Glosario QA — Equipo de Interpretación Español · CQ Fluency (PDF proporcionado),documento-local:fde0305e-efcc-426d-beee-ed3fba56ebc9.pdf,Pendiente,,,"Adaptado del glosario QA proporcionado por el usuario. Lista Medical Verbs, fila 52: Fill medications = Surtir / Abastecer medicamentos.",Término,OPI,Uso frecuente en interpretación remota.,surtir,,,despachar una receta,Alta,Frecuente,Intermedia,Demo,2026-07-15,2026-07-15,2026-07-28,1.1,Importado y enriquecido desde glosario QA; consolidado sin duplicar con Medical Verbs
54,refill a prescription,resurtir / reabastecer un medicamento,Medicamentos,Farmacia,,renew a supply; Refill,repetir la receta; Reabastecer,/rii-fil a pri-skrip-shon/,Obtener otra cantidad autorizada de un medicamento.,They may send reminders when it is time to refill it.,Distinguir refill autorizado de una receta nueva o renovación médica.,Glosario QA — Equipo de Interpretación Español · CQ Fluency (PDF proporcionado),documento-local:fde0305e-efcc-426d-beee-ed3fba56ebc9.pdf,Pendiente,,,"Adaptado del glosario QA proporcionado por el usuario. Lista Medical Verbs, fila 14: Refill = Reabastecer.",Término,OPI,Uso frecuente en interpretación remota.,resurtir,,,repetir la receta,Alta,Frecuente,Intermedia,Demo,2026-07-15,2026-07-15,2026-07-28,1.1,Importado y enriquecido desde glosario QA; consolidado sin duplicar con Medical Verbs
55,be on medication,tomar / estar tomando medicamentos,Medicamentos,Uso,,take medication,estar bajo medicación,/bii on me-di-kei-shon/,Usar uno o más medicamentos como parte del tratamiento.,Is she on two medications?,No traducir literalmente como «estar en medicamentos».,Glosario QA — Equipo de Interpretación Español · CQ Fluency (PDF proporcionado),documento-local:fde0305e-efcc-426d-beee-ed3fba56ebc9.pdf,Pendiente,,,Adaptado del glosario QA proporcionado por el usuario.,Término,OPI,Uso frecuente en interpretación remota.,tomar,,,estar bajo medicación,Alta,Frecuente,Intermedia,Demo,2026-07-15,2026-07-15,2026-07-15,1.0,Importado y enriquecido desde glosario QA
56,avoid,evitar,Medicamentos,Indicaciones,,stay away from,no consumir,/a-void/,"Mantenerse alejado de una sustancia, alimento o actividad indicada.",You must avoid foods that contain too much sugar.,"No confundir con evade, que significa evadir una responsabilidad o autoridad.",Glosario QA — Equipo de Interpretación Español · CQ Fluency (PDF proporcionado),documento-local:fde0305e-efcc-426d-beee-ed3fba56ebc9.pdf,Pendiente,,,Adaptado del glosario QA proporcionado por el usuario.,Término,OPI,Uso frecuente en interpretación remota.,evitar,,,no consumir,Alta,Frecuente,Intermedia,Demo,2026-07-15,2026-07-15,2026-07-15,1.0,Importado y enriquecido desde glosario QA
57,insurance,seguro,Seguros y trámites,Cobertura,,coverage,aseguranza (regional),/in-shu-rans/,Contrato o programa que cubre determinados costos o riesgos.,What is the name of your insurance plan?,«Aseguranza» es regional; «seguro» es neutral.,Glosario QA — Equipo de Interpretación Español · CQ Fluency (PDF proporcionado),documento-local:fde0305e-efcc-426d-beee-ed3fba56ebc9.pdf,Pendiente,,,Adaptado del glosario QA proporcionado por el usuario.,Término,OPI,Uso frecuente en interpretación remota.,seguro,,,aseguranza (regional),Alta,Frecuente,Intermedia,Demo,2026-07-15,2026-07-15,2026-07-15,1.0,Importado y enriquecido desde glosario QA
58,insurance marketplace,mercado de seguros médicos,Seguros y trámites,Inscripción,Marketplace,health insurance marketplace,mercado de seguros,/in-shu-rans mar-ket-pleis/,Servicio donde las personas comparan y solicitan planes de seguro médico.,Do you need the number for the insurance marketplace?,Puede conservarse Marketplace como nombre propio y explicarse la primera vez.,Glosario QA — Equipo de Interpretación Español · CQ Fluency (PDF proporcionado),documento-local:fde0305e-efcc-426d-beee-ed3fba56ebc9.pdf,Pendiente,,,Adaptado del glosario QA proporcionado por el usuario.,Término,OPI,Uso frecuente en interpretación remota.,mercado de seguros médicos,,,mercado de seguros,Alta,Frecuente,Intermedia,Demo,2026-07-15,2026-07-15,2026-07-15,1.0,Importado y enriquecido desde glosario QA
59,application,solicitud,Seguros y trámites,Inscripción,,enrollment application,formulario de solicitud,/a-pli-kei-shon/,"Documento o proceso para pedir inscripción, cobertura, ayuda o un servicio.",Did you complete the application?,En este contexto no significa aplicación informática.,Glosario QA — Equipo de Interpretación Español · CQ Fluency (PDF proporcionado),documento-local:fde0305e-efcc-426d-beee-ed3fba56ebc9.pdf,Pendiente,,,Adaptado del glosario QA proporcionado por el usuario.,Término,OPI,Uso frecuente en interpretación remota.,solicitud,,,formulario de solicitud,Alta,Frecuente,Intermedia,Demo,2026-07-15,2026-07-15,2026-07-15,1.0,Importado y enriquecido desde glosario QA
60,charge (verb),cobrar,Banca y pagos,Cobros,,bill,cargar a la cuenta,/chary/,Exigir o registrar el pago de una cantidad.,How much will they charge for the medication?,«Cargar» solo corresponde cuando se carga un importe a una cuenta o tarjeta.,Glosario QA — Equipo de Interpretación Español · CQ Fluency (PDF proporcionado),documento-local:fde0305e-efcc-426d-beee-ed3fba56ebc9.pdf,Pendiente,,,Adaptado del glosario QA proporcionado por el usuario.,Frase,OPI,Uso frecuente en interpretación remota.,cobrar,,,cargar a la cuenta,Alta,Frecuente,Intermedia,Demo,2026-07-15,2026-07-15,2026-07-15,1.0,Importado y enriquecido desde glosario QA
61,balance,saldo,Banca y pagos,Cuentas,,amount due,balance (regional),/ba-lans/,"Cantidad pendiente, disponible o registrada en una cuenta.",Your account shows a twenty-five-dollar balance.,Aclarar si es saldo adeudado o disponible.,Glosario QA — Equipo de Interpretación Español · CQ Fluency (PDF proporcionado),documento-local:fde0305e-efcc-426d-beee-ed3fba56ebc9.pdf,Pendiente,,,Adaptado del glosario QA proporcionado por el usuario.,Término,OPI,Uso frecuente en interpretación remota.,saldo,,,balance (regional),Alta,Frecuente,Intermedia,Demo,2026-07-15,2026-07-15,2026-07-15,1.0,Importado y enriquecido desde glosario QA
62,decline (a transaction),rechazar una transacción,Banca y pagos,Transacciones,,deny,denegar,/di-klain/,No aprobar o no procesar una transacción.,Some transactions were declined.,En este contexto no usar «declinar».,Glosario QA — Equipo de Interpretación Español · CQ Fluency (PDF proporcionado),documento-local:fde0305e-efcc-426d-beee-ed3fba56ebc9.pdf,Pendiente,,,Adaptado del glosario QA proporcionado por el usuario.,Frase,OPI,Uso frecuente en interpretación remota.,rechazar una transacción,,,denegar,Alta,Frecuente,Intermedia,Demo,2026-07-15,2026-07-15,2026-07-15,1.0,Importado y enriquecido desde glosario QA
63,Social Security number,número de Seguro Social,Seguros y trámites,Identificación,SSN,social,número de seguridad social,/sou-shal se-kiu-ri-ti nam-ber/,Número de identificación emitido por la Administración del Seguro Social de EE. UU.,What are the last four digits of your Social Security number?,No repetir el número sensible; interprete únicamente lo necesario y siga el protocolo de privacidad.,Glosario QA — Equipo de Interpretación Español · CQ Fluency (PDF proporcionado),documento-local:fde0305e-efcc-426d-beee-ed3fba56ebc9.pdf,Pendiente,,,Adaptado del glosario QA proporcionado por el usuario.,Término,OPI,Uso frecuente en interpretación remota.,número de Seguro Social,,,número de seguridad social,Alta,Frecuente,Intermedia,Demo,2026-07-15,2026-07-15,2026-07-15,1.0,Importado y enriquecido desde glosario QA
64,Social Security,Seguro Social,Seguros y trámites,Beneficios,SSA,Social Security Administration,seguridad social,/sou-shal se-kiu-ri-ti/,"Programa federal estadounidense de jubilación, discapacidad y beneficios para sobrevivientes.",Have you applied for Social Security benefits?,"Puede referirse al programa, la administración o los beneficios; confirme el contexto.",Glosario QA — Equipo de Interpretación Español · CQ Fluency (PDF proporcionado),documento-local:fde0305e-efcc-426d-beee-ed3fba56ebc9.pdf,Pendiente,,,Adaptado del glosario QA proporcionado por el usuario.,Término,OPI,Uso frecuente en interpretación remota.,Seguro Social,,,seguridad social,Alta,Frecuente,Intermedia,Demo,2026-07-15,2026-07-15,2026-07-15,1.0,Importado y enriquecido desde glosario QA
66,utilities,servicios públicos,Servicios públicos,Facturas,,utility bills,"agua, electricidad y gas",/iu-ti-li-tis/,"Servicios esenciales como electricidad, agua, gas o alcantarillado.",We can help if you are having trouble paying your utilities.,No traducir como «utilidades».,Glosario QA — Equipo de Interpretación Español · CQ Fluency (PDF proporcionado),documento-local:fde0305e-efcc-426d-beee-ed3fba56ebc9.pdf,Pendiente,,,"Adaptado del glosario QA proporcionado por el usuario. Lista Medical Verbs, fila 26: Utilities = Servicios Públicos.",Término,OPI,Uso frecuente en interpretación remota.,servicios públicos,,,"agua, electricidad y gas",Alta,Frecuente,Intermedia,Demo,2026-07-15,2026-07-15,2026-07-28,1.1,Importado y enriquecido desde glosario QA; consolidado sin duplicar con Medical Verbs
67,record,registro,Seguros y trámites,Documentación,,documentation; file,expediente,/re-kord/,"Información conservada como constancia de una conversación, trámite o atención.",We are creating a record of the conversation.,"Según el contexto puede ser registro, expediente, historial o grabación.",Glosario QA — Equipo de Interpretación Español · CQ Fluency (PDF proporcionado),documento-local:fde0305e-efcc-426d-beee-ed3fba56ebc9.pdf,Pendiente,,,Adaptado del glosario QA proporcionado por el usuario.,Término,OPI,Uso frecuente en interpretación remota.,registro,,,expediente,Alta,Frecuente,Intermedia,Demo,2026-07-15,2026-07-15,2026-07-15,1.0,Importado y enriquecido desde glosario QA
68,form,formulario,Seguros y trámites,Documentación,,document,forma (regional),/form/,Documento con campos que deben completarse para un trámite.,Please sign the patient consent form.,«Forma» es un calco frecuente; «formulario» es neutral.,Glosario QA — Equipo de Interpretación Español · CQ Fluency (PDF proporcionado),documento-local:fde0305e-efcc-426d-beee-ed3fba56ebc9.pdf,Pendiente,,,Adaptado del glosario QA proporcionado por el usuario.,Término,OPI,Uso frecuente en interpretación remota.,formulario,,,forma (regional),Alta,Frecuente,Intermedia,Demo,2026-07-15,2026-07-15,2026-07-15,1.0,Importado y enriquecido desde glosario QA
69,P.O. box,apartado postal,Seguros y trámites,Direcciones,P.O. box,post office box,casilla postal,/pii-ou boks/,Compartimiento numerado en una oficina postal para recibir correspondencia.,What is your P.O. box number?,Puede conservarse la sigla al confirmar una dirección en EE. UU.,Glosario QA — Equipo de Interpretación Español · CQ Fluency (PDF proporcionado),documento-local:fde0305e-efcc-426d-beee-ed3fba56ebc9.pdf,Pendiente,,,Adaptado del glosario QA proporcionado por el usuario.,Término,OPI,Uso frecuente en interpretación remota.,apartado postal,,,casilla postal,Alta,Frecuente,Intermedia,Demo,2026-07-15,2026-07-15,2026-07-15,1.0,Importado y enriquecido desde glosario QA
70,supplemental benefits,beneficios complementarios / suplementarios,Seguros y trámites,Beneficios,,extra benefits,beneficios adicionales,/so-ple-men-tal be-ne-fits/,Beneficios adicionales que complementan la cobertura principal.,Contact your supplemental benefit provider.,No confundir supplemental con supplements (suplementos nutricionales).,Glosario QA — Equipo de Interpretación Español · CQ Fluency (PDF proporcionado),documento-local:fde0305e-efcc-426d-beee-ed3fba56ebc9.pdf,Pendiente,,,Adaptado del glosario QA proporcionado por el usuario.,Término,OPI,Uso frecuente en interpretación remota.,beneficios complementarios,,,beneficios adicionales,Alta,Frecuente,Intermedia,Demo,2026-07-15,2026-07-15,2026-07-15,1.0,Importado y enriquecido desde glosario QA
71,pull up an account / file,abrir / buscar una cuenta o expediente,Seguros y trámites,Sistemas,,retrieve; access,localizar en el sistema,/pul ap an a-kaunt/,Localizar y mostrar información almacenada en un sistema.,May I have the member ID so I can pull up the profile?,No traducir literalmente como «sacar».,Glosario QA — Equipo de Interpretación Español · CQ Fluency (PDF proporcionado),documento-local:fde0305e-efcc-426d-beee-ed3fba56ebc9.pdf,Pendiente,,,Adaptado del glosario QA proporcionado por el usuario.,Frase,OPI,Uso frecuente en interpretación remota.,abrir,,,localizar en el sistema,Alta,Frecuente,Intermedia,Demo,2026-07-15,2026-07-15,2026-07-15,1.0,Importado y enriquecido desde glosario QA
72,pieces of information,datos / elementos de información,Seguros y trámites,Verificación,,information items,datos de verificación,/pii-siz ov in-for-mei-shon/,Conjunto de datos solicitados para identificar o verificar a una persona.,We need three pieces of information.,Evitar el calco «pedazos de información».,Glosario QA — Equipo de Interpretación Español · CQ Fluency (PDF proporcionado),documento-local:fde0305e-efcc-426d-beee-ed3fba56ebc9.pdf,Pendiente,,,Adaptado del glosario QA proporcionado por el usuario.,Término,OPI,Uso frecuente en interpretación remota.,datos,,,datos de verificación,Alta,Frecuente,Intermedia,Demo,2026-07-15,2026-07-15,2026-07-15,1.0,Importado y enriquecido desde glosario QA
73,middle name,segundo nombre,Seguros y trámites,Datos personales,,middle initial,nombre intermedio,/mi-dl neim/,Nombre que aparece entre el primer nombre y el apellido en muchos documentos estadounidenses.,How do you spell your middle name?,No traducir como «nombre del medio».,Glosario QA — Equipo de Interpretación Español · CQ Fluency (PDF proporcionado),documento-local:fde0305e-efcc-426d-beee-ed3fba56ebc9.pdf,Pendiente,,,Adaptado del glosario QA proporcionado por el usuario.,Término,OPI,Uso frecuente en interpretación remota.,segundo nombre,,,nombre intermedio,Alta,Frecuente,Intermedia,Demo,2026-07-15,2026-07-15,2026-07-15,1.0,Importado y enriquecido desde glosario QA
74,actually,en realidad / de hecho,Comunicación OPI,Falsos amigos,,in fact,realmente,/ak-chu-a-li/,"Adverbio usado para corregir, aclarar o indicar lo que verdaderamente ocurre.",I am actually calling because we need more information.,No significa «actualmente».,Glosario QA — Equipo de Interpretación Español · CQ Fluency (PDF proporcionado),documento-local:fde0305e-efcc-426d-beee-ed3fba56ebc9.pdf,Pendiente,,,Adaptado del glosario QA proporcionado por el usuario.,Término,OPI,Uso frecuente en interpretación remota.,en realidad,,,realmente,Alta,Frecuente,Intermedia,Demo,2026-07-15,2026-07-15,2026-07-15,1.0,Importado y enriquecido desde glosario QA
75,Are you positive?,¿Está seguro(a)?,Comunicación OPI,Confirmación,,Are you sure?,¿Tiene certeza?,/ar iu po-si-tiv/,Pregunta para confirmar que una persona tiene certeza sobre algo.,"You are positive you are not pregnant, correct?","Fuera de una prueba diagnóstica, positive suele significar seguro o convencido.",Glosario QA — Equipo de Interpretación Español · CQ Fluency (PDF proporcionado),documento-local:fde0305e-efcc-426d-beee-ed3fba56ebc9.pdf,Pendiente,,,Adaptado del glosario QA proporcionado por el usuario.,Frase,OPI,Uso frecuente en interpretación remota.,¿Está seguro(a)?,,,¿Tiene certeza?,Alta,Frecuente,Intermedia,Demo,2026-07-15,2026-07-15,2026-07-15,1.0,Importado y enriquecido desde glosario QA
76,based on,según / con base en / basado en,Comunicación OPI,Conectores,,according to,de acuerdo con,/beist on/,Expresión que introduce la información o criterio utilizado para una decisión.,"Based on your coverage, this service requires authorization.",Evitar «basado sobre».,Glosario QA — Equipo de Interpretación Español · CQ Fluency (PDF proporcionado),documento-local:fde0305e-efcc-426d-beee-ed3fba56ebc9.pdf,Pendiente,,,Adaptado del glosario QA proporcionado por el usuario.,Término,OPI,Uso frecuente en interpretación remota.,según,,,de acuerdo con,Alta,Frecuente,Intermedia,Demo,2026-07-15,2026-07-15,2026-07-15,1.0,Importado y enriquecido desde glosario QA
77,take that back,me corrijo / retiro lo dicho,Comunicación OPI,Autocorrección,,correct myself; retract,rectificar,/teik dhat bak/,Expresión usada para corregir o retirar algo que se acaba de decir.,Let me take that back; your sugar is well controlled.,No traducir literalmente como «tomar eso hacia atrás».,Glosario QA — Equipo de Interpretación Español · CQ Fluency (PDF proporcionado),documento-local:fde0305e-efcc-426d-beee-ed3fba56ebc9.pdf,Pendiente,,,Adaptado del glosario QA proporcionado por el usuario.,Término,OPI,Uso frecuente en interpretación remota.,me corrijo,,,rectificar,Alta,Frecuente,Intermedia,Demo,2026-07-15,2026-07-15,2026-07-15,1.0,Importado y enriquecido desde glosario QA
78,go ahead,proceder / continuar,Comunicación OPI,Instrucciones,,proceed,adelante,/gou a-hed/,Dar permiso o indicar que se continúe con una acción.,I will go ahead and transfer the call.,"La equivalencia depende de si concede permiso, continúa o inicia una acción.",Glosario QA — Equipo de Interpretación Español · CQ Fluency (PDF proporcionado),documento-local:fde0305e-efcc-426d-beee-ed3fba56ebc9.pdf,Pendiente,,,Adaptado del glosario QA proporcionado por el usuario.,Término,OPI,Uso frecuente en interpretación remota.,proceder,,,adelante,Alta,Frecuente,Intermedia,Demo,2026-07-15,2026-07-15,2026-07-15,1.0,Importado y enriquecido desde glosario QA
79,May I have...?,¿Me puede dar / proporcionar...?,Comunicación OPI,Solicitudes,,Could you provide...?,¿Me puede decir...?,/mei ai hav/,Forma cortés de solicitar información o un objeto.,"May I have your date of birth, please?","Evitar «¿Puedo tener...?», que suele sonar poco natural en español.",Glosario QA — Equipo de Interpretación Español · CQ Fluency (PDF proporcionado),documento-local:fde0305e-efcc-426d-beee-ed3fba56ebc9.pdf,Pendiente,,,Adaptado del glosario QA proporcionado por el usuario.,Frase,OPI,Uso frecuente en interpretación remota.,¿Me puede dar,,,¿Me puede decir...?,Alta,Frecuente,Intermedia,Demo,2026-07-15,2026-07-15,2026-07-15,1.0,Importado y enriquecido desde glosario QA
80,have (food or drink),comer / beber / tomar / consumir,Comunicación OPI,Contexto alimentario,,eat; drink; consume,ingerir,/hav/,Verbo cuyo significado cambia a consumir alimentos o bebidas.,"You had nothing to eat, only a glass of water?",No traducir automáticamente como «tener».,Glosario QA — Equipo de Interpretación Español · CQ Fluency (PDF proporcionado),documento-local:fde0305e-efcc-426d-beee-ed3fba56ebc9.pdf,Pendiente,,,Adaptado del glosario QA proporcionado por el usuario.,Frase,OPI,Uso frecuente en interpretación remota.,comer,,,ingerir,Alta,Frecuente,Intermedia,Demo,2026-07-15,2026-07-15,2026-07-15,1.0,Importado y enriquecido desde glosario QA
81,social support,apoyo social,Comunicación OPI,Red de apoyo,,support network,red de apoyo,/sou-shal so-port/,"Ayuda emocional, práctica o económica proporcionada por familiares, amistades o comunidad.",Do you have good social support from family and friends?,"En este contexto support es «apoyo», no «soporte».",Glosario QA — Equipo de Interpretación Español · CQ Fluency (PDF proporcionado),documento-local:fde0305e-efcc-426d-beee-ed3fba56ebc9.pdf,Pendiente,,,Adaptado del glosario QA proporcionado por el usuario.,Término,OPI,Uso frecuente en interpretación remota.,apoyo social,,,red de apoyo,Alta,Frecuente,Intermedia,Demo,2026-07-15,2026-07-15,2026-07-15,1.0,Importado y enriquecido desde glosario QA
82,tell / explain,indicar / decir / explicar,Comunicación OPI,Falsos amigos,,inform,señalar,/tel; eks-plein/,"Comunicar información, una instrucción o una explicación.",Can you tell me approximately what time it happened?,"En dirección ES→EN, «indicar» normalmente es tell, explain o provide, no indicate.",Glosario QA — Equipo de Interpretación Español · CQ Fluency (PDF proporcionado),documento-local:fde0305e-efcc-426d-beee-ed3fba56ebc9.pdf,Pendiente,,,Adaptado del glosario QA proporcionado por el usuario.,Frase,OPI,Uso frecuente en interpretación remota.,indicar,,,señalar,Alta,Frecuente,Intermedia,Demo,2026-07-15,2026-07-15,2026-07-15,1.0,Importado y enriquecido desde glosario QA
83,provide / give,facilitar / proporcionar / dar,Comunicación OPI,Falsos amigos,,supply,entregar,/pro-vaid; giv/,Poner algo a disposición o entregarlo a otra persona.,The front desk provided me with a wheelchair.,"En dirección ES→EN, «facilitar» suele ser provide o give, no facilitate.",Glosario QA — Equipo de Interpretación Español · CQ Fluency (PDF proporcionado),documento-local:fde0305e-efcc-426d-beee-ed3fba56ebc9.pdf,Pendiente,,,Adaptado del glosario QA proporcionado por el usuario.,Frase,OPI,Uso frecuente en interpretación remota.,facilitar,,,entregar,Alta,Frecuente,Intermedia,Demo,2026-07-15,2026-07-15,2026-07-15,1.0,Importado y enriquecido desde glosario QA
84,senior citizen / older adult,persona mayor / adulto(a) mayor,Comunicación OPI,Personas,,elderly person,persona de la tercera edad,/sii-nior si-ti-zen/,Persona de edad avanzada; older adult suele ser la opción respetuosa y neutral.,I care for an older adult who becomes very nervous.,Evitar el calco «person of the third age».,Glosario QA — Equipo de Interpretación Español · CQ Fluency (PDF proporcionado),documento-local:fde0305e-efcc-426d-beee-ed3fba56ebc9.pdf,Pendiente,,,Adaptado del glosario QA proporcionado por el usuario.,Frase,OPI,Uso frecuente en interpretación remota.,persona mayor,,,persona de la tercera edad,Alta,Frecuente,Intermedia,Demo,2026-07-15,2026-07-15,2026-07-15,1.0,Importado y enriquecido desde glosario QA
85,Air bag,Bolsa de aire,Partes de carros,Seguridad,,,,/er bag/,Dispositivo de seguridad que se infla durante una colisión para proteger a los ocupantes.,The air bag deployed during the collision.,También puede aparecer como “airbag”.,Car and Road Related Glossary (PDF proporcionado),documento-local:Car-and-Road-Related-Glossary.pdf,Pendiente,,,"Importado y enriquecido a partir del glosario automotriz proporcionado por el usuario. Fuente adicional: Finance and Insurance Vocabulary, página 8.",Término,Automotriz,"Uso frecuente en llamadas OPI relacionadas con vehículos, seguros y accidentes.",Bolsa de aire,,,,Alta,Frecuente,Intermedia,Demo,2026-07-16,2026-07-16,2026-07-16,1.0,Importado y enriquecido desde Car and Road Related Glossary
86,Blinkers / indicator lights,Luces direccionales / intermitentes,Partes de carros,Iluminación,,turn signals,direccionales; intermitentes,/blin-kers/,Luces que indican que el conductor pretende girar o cambiar de carril.,Please turn on your blinkers before changing lanes.,,Car and Road Related Glossary (PDF proporcionado),documento-local:Car-and-Road-Related-Glossary.pdf,Pendiente,,,Importado y enriquecido a partir del glosario automotriz proporcionado por el usuario.,Término,Automotriz,"Uso frecuente en llamadas OPI relacionadas con vehículos, seguros y accidentes.",Luces direccionales / intermitentes,,,direccionales; intermitentes,Alta,Frecuente,Intermedia,Demo,2026-07-16,2026-07-16,2026-07-16,1.0,Importado y enriquecido desde Car and Road Related Glossary
87,Booster seat,Asiento elevador,Partes de carros,Seguridad,,,asiento elevado,/buus-ter siit/,Asiento infantil que eleva al niño para que el cinturón se ajuste correctamente.,The child must ride in a booster seat.,,Car and Road Related Glossary (PDF proporcionado),documento-local:Car-and-Road-Related-Glossary.pdf,Pendiente,,,Importado y enriquecido a partir del glosario automotriz proporcionado por el usuario.,Término,Automotriz,"Uso frecuente en llamadas OPI relacionadas con vehículos, seguros y accidentes.",Asiento elevador,,,asiento elevado,Alta,Frecuente,Intermedia,Demo,2026-07-16,2026-07-16,2026-07-16,1.0,Importado y enriquecido desde Car and Road Related Glossary
88,Spark plug,Bujía,Partes de carros,Motor,,,,/spark plug/,Componente que produce la chispa necesaria para encender la mezcla de aire y combustible.,The mechanic replaced the spark plugs.,,Car and Road Related Glossary (PDF proporcionado),documento-local:Car-and-Road-Related-Glossary.pdf,Pendiente,,,Importado y enriquecido a partir del glosario automotriz proporcionado por el usuario.,Término,Automotriz,"Uso frecuente en llamadas OPI relacionadas con vehículos, seguros y accidentes.",Bujía,,,,Alta,Frecuente,Intermedia,Demo,2026-07-16,2026-07-16,2026-07-16,1.0,Importado y enriquecido desde Car and Road Related Glossary
89,Bumper,Parachoques,Partes de carros,Exterior,,,defensa,/bum-per/,Pieza situada en la parte delantera o trasera que ayuda a absorber impactos menores.,The rear bumper was damaged in the accident.,,Car and Road Related Glossary (PDF proporcionado),documento-local:Car-and-Road-Related-Glossary.pdf,Pendiente,,,"Importado y enriquecido a partir del glosario automotriz proporcionado por el usuario. Fuente adicional: Finance and Insurance Vocabulary, página 9.",Término,Automotriz,"Uso frecuente en llamadas OPI relacionadas con vehículos, seguros y accidentes.",Parachoques,,,defensa,Alta,Frecuente,Intermedia,Demo,2026-07-16,2026-07-16,2026-07-16,1.0,Importado y enriquecido desde Car and Road Related Glossary
90,Clutch,Embrague,Partes de carros,Transmisión,,,cloche (regional),/kluch/,Mecanismo que conecta y desconecta el motor de la transmisión en vehículos manuales.,Press the clutch before changing gears.,,Car and Road Related Glossary (PDF proporcionado),documento-local:Car-and-Road-Related-Glossary.pdf,Pendiente,,,Importado y enriquecido a partir del glosario automotriz proporcionado por el usuario.,Término,Automotriz,"Uso frecuente en llamadas OPI relacionadas con vehículos, seguros y accidentes.",Embrague,,,cloche (regional),Alta,Frecuente,Intermedia,Demo,2026-07-16,2026-07-16,2026-07-16,1.0,Importado y enriquecido desde Car and Road Related Glossary
91,Door handle,Manija de la puerta,Partes de carros,Exterior,,,manilla de la puerta,/dor han-dol/,Pieza utilizada para abrir o cerrar la puerta del vehículo.,The outside door handle is broken.,,Car and Road Related Glossary (PDF proporcionado),documento-local:Car-and-Road-Related-Glossary.pdf,Pendiente,,,"Importado y enriquecido a partir del glosario automotriz proporcionado por el usuario. Fuente adicional: Finance and Insurance Vocabulary, página 11.",Término,Automotriz,"Uso frecuente en llamadas OPI relacionadas con vehículos, seguros y accidentes.",Manija de la puerta,,,manilla de la puerta,Alta,Frecuente,Intermedia,Demo,2026-07-16,2026-07-16,2026-07-16,1.0,Importado y enriquecido desde Car and Road Related Glossary
92,Exhaust pipe,Tubo de escape,Partes de carros,Motor,,tailpipe,escape,/ig-zost paip/,Conducto por el que salen los gases producidos por el motor.,Smoke was coming from the exhaust pipe.,,Car and Road Related Glossary (PDF proporcionado),documento-local:Car-and-Road-Related-Glossary.pdf,Pendiente,,,"Importado y enriquecido a partir del glosario automotriz proporcionado por el usuario. Fuente adicional: Finance and Insurance Vocabulary, página 11.",Término,Automotriz,"Uso frecuente en llamadas OPI relacionadas con vehículos, seguros y accidentes.",Tubo de escape,,,escape,Alta,Frecuente,Intermedia,Demo,2026-07-16,2026-07-16,2026-07-16,1.0,Importado y enriquecido desde Car and Road Related Glossary
93,Fender,Guardabarros,Partes de carros,Exterior,,,guardafango; salpicadera,/fen-der/,Panel de la carrocería que rodea el área de una rueda.,The front fender has a large dent.,,Car and Road Related Glossary (PDF proporcionado),documento-local:Car-and-Road-Related-Glossary.pdf,Pendiente,,,"Importado y enriquecido a partir del glosario automotriz proporcionado por el usuario. Fuente adicional: Finance and Insurance Vocabulary, página 12.",Término,Automotriz,"Uso frecuente en llamadas OPI relacionadas con vehículos, seguros y accidentes.",Guardabarros,,,guardafango; salpicadera,Alta,Frecuente,Intermedia,Demo,2026-07-16,2026-07-16,2026-07-16,1.0,Importado y enriquecido desde Car and Road Related Glossary
94,First gear,Primera marcha,Partes de carros,Transmisión,,,primera velocidad,/ferst giir/,Primera relación de transmisión utilizada para iniciar la marcha.,Start the car in first gear.,,Car and Road Related Glossary (PDF proporcionado),documento-local:Car-and-Road-Related-Glossary.pdf,Pendiente,,,Importado y enriquecido a partir del glosario automotriz proporcionado por el usuario.,Término,Automotriz,"Uso frecuente en llamadas OPI relacionadas con vehículos, seguros y accidentes.",Primera marcha,,,primera velocidad,Alta,Frecuente,Intermedia,Demo,2026-07-16,2026-07-16,2026-07-16,1.0,Importado y enriquecido desde Car and Road Related Glossary
95,Second gear,Segunda marcha,Partes de carros,Transmisión,,,segunda velocidad,/se-kond giir/,Segunda relación de transmisión de una caja manual.,Shift into second gear.,,Car and Road Related Glossary (PDF proporcionado),documento-local:Car-and-Road-Related-Glossary.pdf,Pendiente,,,Importado y enriquecido a partir del glosario automotriz proporcionado por el usuario.,Término,Automotriz,"Uso frecuente en llamadas OPI relacionadas con vehículos, seguros y accidentes.",Segunda marcha,,,segunda velocidad,Alta,Frecuente,Intermedia,Demo,2026-07-16,2026-07-16,2026-07-16,1.0,Importado y enriquecido desde Car and Road Related Glossary
96,Third gear,Tercera marcha,Partes de carros,Transmisión,,,tercera velocidad,/therd giir/,Tercera relación de transmisión de una caja manual.,The vehicle was in third gear.,,Car and Road Related Glossary (PDF proporcionado),documento-local:Car-and-Road-Related-Glossary.pdf,Pendiente,,,Importado y enriquecido a partir del glosario automotriz proporcionado por el usuario.,Término,Automotriz,"Uso frecuente en llamadas OPI relacionadas con vehículos, seguros y accidentes.",Tercera marcha,,,tercera velocidad,Alta,Frecuente,Intermedia,Demo,2026-07-16,2026-07-16,2026-07-16,1.0,Importado y enriquecido desde Car and Road Related Glossary
97,Fourth gear,Cuarta marcha,Partes de carros,Transmisión,,,cuarta velocidad,/forth giir/,Cuarta relación de transmisión de una caja manual.,Use fourth gear at a steady speed.,,Car and Road Related Glossary (PDF proporcionado),documento-local:Car-and-Road-Related-Glossary.pdf,Pendiente,,,Importado y enriquecido a partir del glosario automotriz proporcionado por el usuario.,Término,Automotriz,"Uso frecuente en llamadas OPI relacionadas con vehículos, seguros y accidentes.",Cuarta marcha,,,cuarta velocidad,Alta,Frecuente,Intermedia,Demo,2026-07-16,2026-07-16,2026-07-16,1.0,Importado y enriquecido desde Car and Road Related Glossary
98,Fifth gear,Quinta marcha,Partes de carros,Transmisión,,,quinta velocidad,/fifth giir/,Quinta relación de transmisión de una caja manual.,The driver shifted into fifth gear.,,Car and Road Related Glossary (PDF proporcionado),documento-local:Car-and-Road-Related-Glossary.pdf,Pendiente,,,Importado y enriquecido a partir del glosario automotriz proporcionado por el usuario.,Término,Automotriz,"Uso frecuente en llamadas OPI relacionadas con vehículos, seguros y accidentes.",Quinta marcha,,,quinta velocidad,Alta,Frecuente,Intermedia,Demo,2026-07-16,2026-07-16,2026-07-16,1.0,Importado y enriquecido desde Car and Road Related Glossary
99,Gearbox,Caja de cambios,Partes de carros,Transmisión,,transmission,caja de velocidades; transmisión,/giir-boks/,Conjunto que modifica la relación entre la velocidad del motor y las ruedas.,The gearbox needs to be inspected.,,Car and Road Related Glossary (PDF proporcionado),documento-local:Car-and-Road-Related-Glossary.pdf,Pendiente,,,"Importado y enriquecido a partir del glosario automotriz proporcionado por el usuario. Fuente adicional: Finance and Insurance Vocabulary, página 12.",Término,Automotriz,"Uso frecuente en llamadas OPI relacionadas con vehículos, seguros y accidentes.",Caja de cambios,,,caja de velocidades; transmisión,Alta,Frecuente,Intermedia,Demo,2026-07-16,2026-07-16,2026-07-16,1.0,Importado y enriquecido desde Car and Road Related Glossary
100,Fog light,Faro antiniebla,Partes de carros,Iluminación,,fog lamp,luz antiniebla,/fog lait/,Luz diseñada para mejorar la visibilidad en niebla o lluvia intensa.,One of the fog lights is not working.,,Car and Road Related Glossary (PDF proporcionado),documento-local:Car-and-Road-Related-Glossary.pdf,Pendiente,,,Importado y enriquecido a partir del glosario automotriz proporcionado por el usuario.,Término,Automotriz,"Uso frecuente en llamadas OPI relacionadas con vehículos, seguros y accidentes.",Faro antiniebla,,,luz antiniebla,Alta,Frecuente,Intermedia,Demo,2026-07-16,2026-07-16,2026-07-16,1.0,Importado y enriquecido desde Car and Road Related Glossary
101,Gear shift / gear lever,Palanca de cambios,Partes de carros,Transmisión,,shifter,palanca de velocidades,/giir shift/,Palanca utilizada para seleccionar la marcha del vehículo.,The gear shift is stuck in park.,,Car and Road Related Glossary (PDF proporcionado),documento-local:Car-and-Road-Related-Glossary.pdf,Pendiente,,,Importado y enriquecido a partir del glosario automotriz proporcionado por el usuario.,Término,Automotriz,"Uso frecuente en llamadas OPI relacionadas con vehículos, seguros y accidentes.",Palanca de cambios,,,palanca de velocidades,Alta,Frecuente,Intermedia,Demo,2026-07-16,2026-07-16,2026-07-16,1.0,Importado y enriquecido desde Car and Road Related Glossary
102,Glove compartment,Guantera,Partes de carros,Interior,,glove box,compartimiento de guantes,/glov kom-part-ment/,Compartimiento de almacenamiento situado frente al asiento del pasajero.,The registration is in the glove compartment.,,Car and Road Related Glossary (PDF proporcionado),documento-local:Car-and-Road-Related-Glossary.pdf,Pendiente,,,Importado y enriquecido a partir del glosario automotriz proporcionado por el usuario.,Término,Automotriz,"Uso frecuente en llamadas OPI relacionadas con vehículos, seguros y accidentes.",Guantera,,,compartimiento de guantes,Alta,Frecuente,Intermedia,Demo,2026-07-16,2026-07-16,2026-07-16,1.0,Importado y enriquecido desde Car and Road Related Glossary
103,Grille,Parrilla,Partes de carros,Exterior,,grill,rejilla frontal,/gril/,Rejilla frontal que permite el paso de aire hacia el radiador.,The front grille was cracked.,,Car and Road Related Glossary (PDF proporcionado),documento-local:Car-and-Road-Related-Glossary.pdf,Pendiente,,,Importado y enriquecido a partir del glosario automotriz proporcionado por el usuario.,Término,Automotriz,"Uso frecuente en llamadas OPI relacionadas con vehículos, seguros y accidentes.",Parrilla,,,rejilla frontal,Alta,Frecuente,Intermedia,Demo,2026-07-16,2026-07-16,2026-07-16,1.0,Importado y enriquecido desde Car and Road Related Glossary
104,Handbrake,Freno de mano,Partes de carros,Frenos,,parking brake; emergency brake,freno de estacionamiento; freno de emergencia,/hand-breik/,Freno mecánico utilizado para mantener estacionado el vehículo.,Set the handbrake before leaving the car.,,Car and Road Related Glossary (PDF proporcionado),documento-local:Car-and-Road-Related-Glossary.pdf,Pendiente,,,Importado y enriquecido a partir del glosario automotriz proporcionado por el usuario.,Término,Automotriz,"Uso frecuente en llamadas OPI relacionadas con vehículos, seguros y accidentes.",Freno de mano,,,freno de estacionamiento; freno de emergencia,Alta,Frecuente,Intermedia,Demo,2026-07-16,2026-07-16,2026-07-16,1.0,Importado y enriquecido desde Car and Road Related Glossary
105,Hood,Capó,Partes de carros,Exterior,,bonnet,cofre; tapa del motor,/hud/,Cubierta que protege el motor en la parte delantera del vehículo.,Open the hood so I can check the engine.,En inglés británico puede aparecer como “bonnet”.,Car and Road Related Glossary (PDF proporcionado),documento-local:Car-and-Road-Related-Glossary.pdf,Pendiente,,,Importado y enriquecido a partir del glosario automotriz proporcionado por el usuario.,Término,Automotriz,"Uso frecuente en llamadas OPI relacionadas con vehículos, seguros y accidentes.",Capó,,,cofre; tapa del motor,Alta,Frecuente,Intermedia,Demo,2026-07-16,2026-07-16,2026-07-16,1.0,Importado y enriquecido desde Car and Road Related Glossary
106,Horn,Bocina,Partes de carros,Seguridad,,,claxon; pito,/horn/,Dispositivo sonoro utilizado para advertir a otros usuarios de la vía.,The driver honked the horn.,,Car and Road Related Glossary (PDF proporcionado),documento-local:Car-and-Road-Related-Glossary.pdf,Pendiente,,,"Importado y enriquecido a partir del glosario automotriz proporcionado por el usuario. Fuente adicional: Finance and Insurance Vocabulary, página 13.",Término,Automotriz,"Uso frecuente en llamadas OPI relacionadas con vehículos, seguros y accidentes.",Bocina,,,claxon; pito,Alta,Frecuente,Intermedia,Demo,2026-07-16,2026-07-16,2026-07-16,1.0,Importado y enriquecido desde Car and Road Related Glossary
107,Hubcap,Tapacubos,Partes de carros,Ruedas,,wheel cover,taparruedas,/hub-kap/,Cubierta decorativa o protectora colocada sobre el centro de una rueda.,The hubcap fell off on the highway.,,Car and Road Related Glossary (PDF proporcionado),documento-local:Car-and-Road-Related-Glossary.pdf,Pendiente,,,"Importado y enriquecido a partir del glosario automotriz proporcionado por el usuario. Fuente adicional: Finance and Insurance Vocabulary, página 13.",Término,Automotriz,"Uso frecuente en llamadas OPI relacionadas con vehículos, seguros y accidentes.",Tapacubos,,,taparruedas,Alta,Frecuente,Intermedia,Demo,2026-07-16,2026-07-16,2026-07-16,1.0,Importado y enriquecido desde Car and Road Related Glossary
108,"Make, year and model","Marca, año y modelo",Partes de carros,Identificación,,,"marca, modelo y año",/meik yiir and mo-dol/,Datos principales utilizados para identificar un vehículo.,"Please provide the make, year and model of the vehicle.",,Car and Road Related Glossary (PDF proporcionado),documento-local:Car-and-Road-Related-Glossary.pdf,Pendiente,,,Importado y enriquecido a partir del glosario automotriz proporcionado por el usuario.,Frase,Automotriz,"Uso frecuente en llamadas OPI relacionadas con vehículos, seguros y accidentes.","Marca, año y modelo",,,"marca, modelo y año",Alta,Frecuente,Intermedia,Demo,2026-07-16,2026-07-16,2026-07-16,1.0,Importado y enriquecido desde Car and Road Related Glossary
109,Trunk,Maletero,Partes de carros,Interior,,boot,baúl; cajuela,/trunk/,"Compartimiento de carga de un automóvil, normalmente situado en la parte trasera.",The luggage is in the trunk.,En inglés británico se usa “boot”.,Car and Road Related Glossary (PDF proporcionado),documento-local:Car-and-Road-Related-Glossary.pdf,Pendiente,,,Importado y enriquecido a partir del glosario automotriz proporcionado por el usuario.,Término,Automotriz,"Uso frecuente en llamadas OPI relacionadas con vehículos, seguros y accidentes.",Maletero,,,baúl; cajuela,Alta,Frecuente,Intermedia,Demo,2026-07-16,2026-07-16,2026-07-16,1.0,Importado y enriquecido desde Car and Road Related Glossary
110,Engine,Motor,Partes de carros,Motor,,motor,,/en-jin/,Máquina que genera la potencia necesaria para mover el vehículo.,The engine is making a strange noise.,,Car and Road Related Glossary (PDF proporcionado),documento-local:Car-and-Road-Related-Glossary.pdf,Pendiente,,,Importado y enriquecido a partir del glosario automotriz proporcionado por el usuario.,Término,Automotriz,"Uso frecuente en llamadas OPI relacionadas con vehículos, seguros y accidentes.",Motor,,,,Alta,Frecuente,Intermedia,Demo,2026-07-16,2026-07-16,2026-07-16,1.0,Importado y enriquecido desde Car and Road Related Glossary
111,Mudflap,Lodera,Partes de carros,Exterior,,mudguard,salpicadera,/mud-flap/,Pieza situada detrás de la rueda que reduce las salpicaduras de barro y agua.,The rear mudflap is loose.,,Car and Road Related Glossary (PDF proporcionado),documento-local:Car-and-Road-Related-Glossary.pdf,Pendiente,,,Importado y enriquecido a partir del glosario automotriz proporcionado por el usuario.,Término,Automotriz,"Uso frecuente en llamadas OPI relacionadas con vehículos, seguros y accidentes.",Lodera,,,salpicadera,Alta,Frecuente,Intermedia,Demo,2026-07-16,2026-07-16,2026-07-16,1.0,Importado y enriquecido desde Car and Road Related Glossary
112,Neutral,Punto muerto,Partes de carros,Transmisión,,,neutro,/nuu-tral/,Posición de la transmisión en la que el motor no transmite fuerza a las ruedas.,Put the car in neutral.,,Car and Road Related Glossary (PDF proporcionado),documento-local:Car-and-Road-Related-Glossary.pdf,Pendiente,,,Importado y enriquecido a partir del glosario automotriz proporcionado por el usuario.,Término,Automotriz,"Uso frecuente en llamadas OPI relacionadas con vehículos, seguros y accidentes.",Punto muerto,,,neutro,Alta,Frecuente,Intermedia,Demo,2026-07-16,2026-07-16,2026-07-16,1.0,Importado y enriquecido desde Car and Road Related Glossary
113,Pedal,Pedal,Partes de carros,Controles,,,,/pe-dol/,"Palanca accionada con el pie, como el acelerador, freno o embrague.",Press the brake pedal slowly.,,Car and Road Related Glossary (PDF proporcionado),documento-local:Car-and-Road-Related-Glossary.pdf,Pendiente,,,Importado y enriquecido a partir del glosario automotriz proporcionado por el usuario.,Término,Automotriz,"Uso frecuente en llamadas OPI relacionadas con vehículos, seguros y accidentes.",Pedal,,,,Alta,Frecuente,Intermedia,Demo,2026-07-16,2026-07-16,2026-07-16,1.0,Importado y enriquecido desde Car and Road Related Glossary
114,License plate number,Número de placa,Partes de carros,Identificación,,plate number; license tag,número de matrícula,/lai-sens pleit num-ber/,Número alfanumérico asignado a la matrícula de un vehículo.,What is the license plate number?,,Car and Road Related Glossary (PDF proporcionado),documento-local:Car-and-Road-Related-Glossary.pdf,Pendiente,,,Importado y enriquecido a partir del glosario automotriz proporcionado por el usuario.,Término,Automotriz,"Uso frecuente en llamadas OPI relacionadas con vehículos, seguros y accidentes.",Número de placa,,,número de matrícula,Alta,Frecuente,Intermedia,Demo,2026-07-16,2026-07-16,2026-07-16,1.0,Importado y enriquecido desde Car and Road Related Glossary
115,Rearview mirror,Espejo retrovisor,Partes de carros,Interior,,,,/riir-vyuu mi-ror/,Espejo interior que permite observar el tráfico detrás del vehículo.,Check the rearview mirror before backing up.,,Car and Road Related Glossary (PDF proporcionado),documento-local:Car-and-Road-Related-Glossary.pdf,Pendiente,,,"Importado y enriquecido a partir del glosario automotriz proporcionado por el usuario. Fuente adicional: Finance and Insurance Vocabulary, página 16.",Término,Automotriz,"Uso frecuente en llamadas OPI relacionadas con vehículos, seguros y accidentes.",Espejo retrovisor,,,,Alta,Frecuente,Intermedia,Demo,2026-07-16,2026-07-16,2026-07-16,1.0,Importado y enriquecido desde Car and Road Related Glossary
116,Reverse,Marcha atrás,Partes de carros,Transmisión,,,reversa,/ri-vers/,Marcha que permite mover el vehículo hacia atrás.,Shift into reverse carefully.,,Car and Road Related Glossary (PDF proporcionado),documento-local:Car-and-Road-Related-Glossary.pdf,Pendiente,,,Importado y enriquecido a partir del glosario automotriz proporcionado por el usuario.,Término,Automotriz,"Uso frecuente en llamadas OPI relacionadas con vehículos, seguros y accidentes.",Marcha atrás,,,reversa,Alta,Frecuente,Intermedia,Demo,2026-07-16,2026-07-16,2026-07-16,1.0,Importado y enriquecido desde Car and Road Related Glossary
117,Rim,Rin,Partes de carros,Ruedas,,wheel rim,aro de la llanta,/rim/,Parte metálica circular sobre la que se monta el neumático.,The rim was bent after hitting the pothole.,,Car and Road Related Glossary (PDF proporcionado),documento-local:Car-and-Road-Related-Glossary.pdf,Pendiente,,,Importado y enriquecido a partir del glosario automotriz proporcionado por el usuario.,Término,Automotriz,"Uso frecuente en llamadas OPI relacionadas con vehículos, seguros y accidentes.",Rin,,,aro de la llanta,Alta,Frecuente,Intermedia,Demo,2026-07-16,2026-07-16,2026-07-16,1.0,Importado y enriquecido desde Car and Road Related Glossary
118,Roof rack,Portaequipajes de techo,Partes de carros,Exterior,,,baca,/ruuf rak/,Estructura instalada sobre el techo para transportar carga.,The bicycles are secured to the roof rack.,,Car and Road Related Glossary (PDF proporcionado),documento-local:Car-and-Road-Related-Glossary.pdf,Pendiente,,,Importado y enriquecido a partir del glosario automotriz proporcionado por el usuario.,Término,Automotriz,"Uso frecuente en llamadas OPI relacionadas con vehículos, seguros y accidentes.",Portaequipajes de techo,,,baca,Alta,Frecuente,Intermedia,Demo,2026-07-16,2026-07-16,2026-07-16,1.0,Importado y enriquecido desde Car and Road Related Glossary
119,Seat belt,Cinturón de seguridad,Partes de carros,Seguridad,,safety belt,,/siit belt/,Sistema de sujeción que protege a los ocupantes durante una colisión.,Please fasten your seat belt.,,Car and Road Related Glossary (PDF proporcionado),documento-local:Car-and-Road-Related-Glossary.pdf,Pendiente,,,Importado y enriquecido a partir del glosario automotriz proporcionado por el usuario.,Término,Automotriz,"Uso frecuente en llamadas OPI relacionadas con vehículos, seguros y accidentes.",Cinturón de seguridad,,,,Alta,Frecuente,Intermedia,Demo,2026-07-16,2026-07-16,2026-07-16,1.0,Importado y enriquecido desde Car and Road Related Glossary
120,Spare tire,Llanta de repuesto,Partes de carros,Ruedas,,spare wheel,neumático de repuesto,/sper tai-er/,Neumático adicional utilizado temporalmente cuando otro se daña.,The spare tire is in the trunk.,,Car and Road Related Glossary (PDF proporcionado),documento-local:Car-and-Road-Related-Glossary.pdf,Pendiente,,,Importado y enriquecido a partir del glosario automotriz proporcionado por el usuario.,Término,Automotriz,"Uso frecuente en llamadas OPI relacionadas con vehículos, seguros y accidentes.",Llanta de repuesto,,,neumático de repuesto,Alta,Frecuente,Intermedia,Demo,2026-07-16,2026-07-16,2026-07-16,1.0,Importado y enriquecido desde Car and Road Related Glossary
121,Speedometer,Velocímetro,Partes de carros,Instrumentos,,,,/spi-do-mi-ter/,Instrumento que muestra la velocidad del vehículo.,The speedometer was not working.,,Car and Road Related Glossary (PDF proporcionado),documento-local:Car-and-Road-Related-Glossary.pdf,Pendiente,,,Importado y enriquecido a partir del glosario automotriz proporcionado por el usuario.,Término,Automotriz,"Uso frecuente en llamadas OPI relacionadas con vehículos, seguros y accidentes.",Velocímetro,,,,Alta,Frecuente,Intermedia,Demo,2026-07-16,2026-07-16,2026-07-16,1.0,Importado y enriquecido desde Car and Road Related Glossary
122,Steering wheel,Volante,Partes de carros,Controles,,,timón,/sti-ring wiil/,Control circular utilizado para dirigir el vehículo.,Keep both hands on the steering wheel.,,Car and Road Related Glossary (PDF proporcionado),documento-local:Car-and-Road-Related-Glossary.pdf,Pendiente,,,"Importado y enriquecido a partir del glosario automotriz proporcionado por el usuario. Fuente adicional: Finance and Insurance Vocabulary, página 17.",Término,Automotriz,"Uso frecuente en llamadas OPI relacionadas con vehículos, seguros y accidentes.",Volante,,,timón,Alta,Frecuente,Intermedia,Demo,2026-07-16,2026-07-16,2026-07-16,1.0,Importado y enriquecido desde Car and Road Related Glossary
123,Brake light,Luz de freno,Partes de carros,Iluminación,,stop light,luces de freno,/breik lait/,Luz trasera que se enciende cuando el conductor pisa el freno.,The left brake light is out.,,Car and Road Related Glossary (PDF proporcionado),documento-local:Car-and-Road-Related-Glossary.pdf,Pendiente,,,Importado y enriquecido a partir del glosario automotriz proporcionado por el usuario.,Término,Automotriz,"Uso frecuente en llamadas OPI relacionadas con vehículos, seguros y accidentes.",Luz de freno,,,luces de freno,Alta,Frecuente,Intermedia,Demo,2026-07-16,2026-07-16,2026-07-16,1.0,Importado y enriquecido desde Car and Road Related Glossary
124,Tire,Neumático,Partes de carros,Ruedas,,tyre,llanta,/tai-er/,Cubierta de caucho montada sobre la rueda del vehículo.,The front tire is flat.,,Car and Road Related Glossary (PDF proporcionado),documento-local:Car-and-Road-Related-Glossary.pdf,Pendiente,,,Importado y enriquecido a partir del glosario automotriz proporcionado por el usuario.,Término,Automotriz,"Uso frecuente en llamadas OPI relacionadas con vehículos, seguros y accidentes.",Neumático,,,llanta,Alta,Frecuente,Intermedia,Demo,2026-07-16,2026-07-16,2026-07-16,1.0,Importado y enriquecido desde Car and Road Related Glossary
125,Turn signal,Luz direccional,Partes de carros,Iluminación,,indicator light,intermitente; vía,/tern sig-nol/,Luz intermitente que indica la intención de girar o cambiar de carril.,Use your turn signal before merging.,,Car and Road Related Glossary (PDF proporcionado),documento-local:Car-and-Road-Related-Glossary.pdf,Pendiente,,,Importado y enriquecido a partir del glosario automotriz proporcionado por el usuario.,Término,Automotriz,"Uso frecuente en llamadas OPI relacionadas con vehículos, seguros y accidentes.",Luz direccional,,,intermitente; vía,Alta,Frecuente,Intermedia,Demo,2026-07-16,2026-07-16,2026-07-16,1.0,Importado y enriquecido desde Car and Road Related Glossary
126,Windshield wiper,Limpiaparabrisas,Partes de carros,Exterior,,windscreen wiper,,/wind-shiild wai-per/,"Dispositivo que limpia agua, suciedad o nieve del parabrisas.",The windshield wipers need to be replaced.,,Car and Road Related Glossary (PDF proporcionado),documento-local:Car-and-Road-Related-Glossary.pdf,Pendiente,,,Importado y enriquecido a partir del glosario automotriz proporcionado por el usuario.,Término,Automotriz,"Uso frecuente en llamadas OPI relacionadas con vehículos, seguros y accidentes.",Limpiaparabrisas,,,,Alta,Frecuente,Intermedia,Demo,2026-07-16,2026-07-16,2026-07-16,1.0,Importado y enriquecido desde Car and Road Related Glossary
127,Windshield,Parabrisas,Partes de carros,Exterior,,windscreen,,/wind-shiild/,Cristal delantero que protege a los ocupantes del viento y objetos.,The windshield was cracked by a rock.,,Car and Road Related Glossary (PDF proporcionado),documento-local:Car-and-Road-Related-Glossary.pdf,Pendiente,,,"Importado y enriquecido a partir del glosario automotriz proporcionado por el usuario. Fuente adicional: Finance and Insurance Vocabulary, página 19.",Término,Automotriz,"Uso frecuente en llamadas OPI relacionadas con vehículos, seguros y accidentes.",Parabrisas,,,,Alta,Frecuente,Intermedia,Demo,2026-07-16,2026-07-16,2026-07-16,1.0,Importado y enriquecido desde Car and Road Related Glossary
128,Side mirror,Espejo lateral,Partes de carros,Exterior,,wing mirror,retrovisor lateral,/said mi-ror/,Espejo exterior que permite observar los lados y la parte trasera del vehículo.,The passenger-side mirror was damaged.,,Car and Road Related Glossary (PDF proporcionado),documento-local:Car-and-Road-Related-Glossary.pdf,Pendiente,,,Importado y enriquecido a partir del glosario automotriz proporcionado por el usuario.,Término,Automotriz,"Uso frecuente en llamadas OPI relacionadas con vehículos, seguros y accidentes.",Espejo lateral,,,retrovisor lateral,Alta,Frecuente,Intermedia,Demo,2026-07-16,2026-07-16,2026-07-16,1.0,Importado y enriquecido desde Car and Road Related Glossary
129,Body shop,Taller de carrocería,Partes de carros,Servicios,,collision repair shop,taller de enderezado y pintura,/bo-di shop/,Taller especializado en reparar daños de la carrocería y pintura.,The insurance company sent the car to a body shop.,,Car and Road Related Glossary (PDF proporcionado),documento-local:Car-and-Road-Related-Glossary.pdf,Pendiente,,,"Importado y enriquecido a partir del glosario automotriz proporcionado por el usuario. Fuente adicional: Finance and Insurance Vocabulary, página 9.",Término,Automotriz,"Uso frecuente en llamadas OPI relacionadas con vehículos, seguros y accidentes.",Taller de carrocería,,,taller de enderezado y pintura,Alta,Frecuente,Intermedia,Demo,2026-07-16,2026-07-16,2026-07-16,1.0,Importado y enriquecido desde Car and Road Related Glossary
130,Taxicab,Taxi,Partes de carros,Tipos de vehículos,,cab; taxi,,/tak-si kab/,Vehículo que transporta pasajeros a cambio de una tarifa.,The passenger called a taxicab.,,Car and Road Related Glossary (PDF proporcionado),documento-local:Car-and-Road-Related-Glossary.pdf,Pendiente,,,Importado y enriquecido a partir del glosario automotriz proporcionado por el usuario.,Término,Automotriz,"Uso frecuente en llamadas OPI relacionadas con vehículos, seguros y accidentes.",Taxi,,,,Alta,Frecuente,Intermedia,Demo,2026-07-16,2026-07-16,2026-07-16,1.0,Importado y enriquecido desde Car and Road Related Glossary
131,Dead-end street,Calle sin salida,Partes de carros,Carreteras,,cul-de-sac,,/ded-end striit/,Calle que no tiene salida vehicular por uno de sus extremos.,The address is on a dead-end street.,,Car and Road Related Glossary (PDF proporcionado),documento-local:Car-and-Road-Related-Glossary.pdf,Pendiente,,,Importado y enriquecido a partir del glosario automotriz proporcionado por el usuario.,Término,Automotriz,"Uso frecuente en llamadas OPI relacionadas con vehículos, seguros y accidentes.",Calle sin salida,,,,Alta,Frecuente,Intermedia,Demo,2026-07-16,2026-07-16,2026-07-16,1.0,Importado y enriquecido desde Car and Road Related Glossary
132,Ditch / gutter,Zanja / cuneta,Partes de carros,Carreteras,,,,/dich / gu-ter/,Canal situado junto a la carretera para conducir agua o drenaje.,The vehicle slid into the roadside ditch.,,Car and Road Related Glossary (PDF proporcionado),documento-local:Car-and-Road-Related-Glossary.pdf,Pendiente,,,Importado y enriquecido a partir del glosario automotriz proporcionado por el usuario.,Término,Automotriz,"Uso frecuente en llamadas OPI relacionadas con vehículos, seguros y accidentes.",Zanja / cuneta,,,,Alta,Frecuente,Intermedia,Demo,2026-07-16,2026-07-16,2026-07-16,1.0,Importado y enriquecido desde Car and Road Related Glossary
133,Vehicle inspection station,Centro de inspección vehicular,Partes de carros,Servicios,,inspection facility,centro de inspecciones,/vii-i-kol in-spek-shon stei-shon/,Instalación donde se revisa el estado mecánico o legal de un vehículo.,Take the vehicle to an inspection station.,,Car and Road Related Glossary (PDF proporcionado),documento-local:Car-and-Road-Related-Glossary.pdf,Pendiente,,,Importado y enriquecido a partir del glosario automotriz proporcionado por el usuario.,Término,Automotriz,"Uso frecuente en llamadas OPI relacionadas con vehículos, seguros y accidentes.",Centro de inspección vehicular,,,centro de inspecciones,Alta,Frecuente,Intermedia,Demo,2026-07-16,2026-07-16,2026-07-16,1.0,Importado y enriquecido desde Car and Road Related Glossary
134,Fine,Multa,Partes de carros,Tránsito,,ticket,infracción (según contexto),/fain/,Cantidad de dinero que debe pagarse por cometer una infracción.,The driver received a fine for speeding.,,Car and Road Related Glossary (PDF proporcionado),documento-local:Car-and-Road-Related-Glossary.pdf,Pendiente,,,Importado y enriquecido a partir del glosario automotriz proporcionado por el usuario.,Término,Automotriz,"Uso frecuente en llamadas OPI relacionadas con vehículos, seguros y accidentes.",Multa,,,infracción (según contexto),Alta,Frecuente,Intermedia,Demo,2026-07-16,2026-07-16,2026-07-16,1.0,Importado y enriquecido desde Car and Road Related Glossary
135,Freeway / highway,Autopista / carretera,Partes de carros,Carreteras,,expressway; interstate,,/fri-wei / hai-wei/,Vía principal diseñada para desplazamientos rápidos entre zonas o ciudades.,The accident happened on the highway.,,Car and Road Related Glossary (PDF proporcionado),documento-local:Car-and-Road-Related-Glossary.pdf,Pendiente,,,Importado y enriquecido a partir del glosario automotriz proporcionado por el usuario.,Término,Automotriz,"Uso frecuente en llamadas OPI relacionadas con vehículos, seguros y accidentes.",Autopista / carretera,,,,Alta,Frecuente,Intermedia,Demo,2026-07-16,2026-07-16,2026-07-16,1.0,Importado y enriquecido desde Car and Road Related Glossary
136,Intersection,Intersección,Partes de carros,Carreteras,,crossroads,cruce,/in-ter-sek-shon/,Lugar donde se cruzan dos o más calles o carreteras.,Turn left at the next intersection.,,Car and Road Related Glossary (PDF proporcionado),documento-local:Car-and-Road-Related-Glossary.pdf,Pendiente,,,"Importado y enriquecido a partir del glosario automotriz proporcionado por el usuario. Fuente adicional: Finance and Insurance Vocabulary, página 13.",Término,Automotriz,"Uso frecuente en llamadas OPI relacionadas con vehículos, seguros y accidentes.",Intersección,,,cruce,Alta,Frecuente,Intermedia,Demo,2026-07-16,2026-07-16,2026-07-16,1.0,Importado y enriquecido desde Car and Road Related Glossary
137,Lane,Carril,Partes de carros,Carreteras,,,,/lein/,Franja de la calzada destinada a una fila de vehículos.,Stay in the right lane.,,Car and Road Related Glossary (PDF proporcionado),documento-local:Car-and-Road-Related-Glossary.pdf,Pendiente,,,"Importado y enriquecido a partir del glosario automotriz proporcionado por el usuario. Fuente adicional: Finance and Insurance Vocabulary, página 14.",Término,Automotriz,"Uso frecuente en llamadas OPI relacionadas con vehículos, seguros y accidentes.",Carril,,,,Alta,Frecuente,Intermedia,Demo,2026-07-16,2026-07-16,2026-07-16,1.0,Importado y enriquecido desde Car and Road Related Glossary
138,Main road,Carretera principal,Partes de carros,Carreteras,,,vía principal,/mein roud/,Vía de mayor importancia que conecta zonas o recibe más tráfico.,Continue until you reach the main road.,,Car and Road Related Glossary (PDF proporcionado),documento-local:Car-and-Road-Related-Glossary.pdf,Pendiente,,,Importado y enriquecido a partir del glosario automotriz proporcionado por el usuario.,Término,Automotriz,"Uso frecuente en llamadas OPI relacionadas con vehículos, seguros y accidentes.",Carretera principal,,,vía principal,Alta,Frecuente,Intermedia,Demo,2026-07-16,2026-07-16,2026-07-16,1.0,Importado y enriquecido desde Car and Road Related Glossary
139,One-way street,Calle de un solo sentido,Partes de carros,Carreteras,,,calle de dirección única,/wan-wei striit/,Calle en la que el tráfico circula únicamente en una dirección.,This is a one-way street.,,Car and Road Related Glossary (PDF proporcionado),documento-local:Car-and-Road-Related-Glossary.pdf,Pendiente,,,Importado y enriquecido a partir del glosario automotriz proporcionado por el usuario.,Término,Automotriz,"Uso frecuente en llamadas OPI relacionadas con vehículos, seguros y accidentes.",Calle de un solo sentido,,,calle de dirección única,Alta,Frecuente,Intermedia,Demo,2026-07-16,2026-07-16,2026-07-16,1.0,Importado y enriquecido desde Car and Road Related Glossary
140,Parking meter,Parquímetro,Partes de carros,Estacionamiento,,,,/par-king mi-ter/,Dispositivo utilizado para pagar por estacionar durante un tiempo determinado.,The parking meter has expired.,,Car and Road Related Glossary (PDF proporcionado),documento-local:Car-and-Road-Related-Glossary.pdf,Pendiente,,,Importado y enriquecido a partir del glosario automotriz proporcionado por el usuario.,Término,Automotriz,"Uso frecuente en llamadas OPI relacionadas con vehículos, seguros y accidentes.",Parquímetro,,,,Alta,Frecuente,Intermedia,Demo,2026-07-16,2026-07-16,2026-07-16,1.0,Importado y enriquecido desde Car and Road Related Glossary
141,Pedestrian,Peatón,Partes de carros,Tránsito,,,,/pe-des-tri-an/,Persona que se desplaza a pie por una vía o zona pública.,The driver failed to yield to a pedestrian.,,Car and Road Related Glossary (PDF proporcionado),documento-local:Car-and-Road-Related-Glossary.pdf,Pendiente,,,"Importado y enriquecido a partir del glosario automotriz proporcionado por el usuario. Fuente adicional: Finance and Insurance Vocabulary, página 15.",Término,Automotriz,"Uso frecuente en llamadas OPI relacionadas con vehículos, seguros y accidentes.",Peatón,,,,Alta,Frecuente,Intermedia,Demo,2026-07-16,2026-07-16,2026-07-16,1.0,Importado y enriquecido desde Car and Road Related Glossary
142,Property,Propiedad,Partes de carros,Contexto de accidente,,,,/pro-per-ti/,"Bien material, terreno o pertenencia que puede resultar dañada en un incidente.",Was any property damaged in the crash?,,Car and Road Related Glossary (PDF proporcionado),documento-local:Car-and-Road-Related-Glossary.pdf,Pendiente,,,Importado y enriquecido a partir del glosario automotriz proporcionado por el usuario.,Término,Automotriz,"Uso frecuente en llamadas OPI relacionadas con vehículos, seguros y accidentes.",Propiedad,,,,Alta,Frecuente,Intermedia,Demo,2026-07-16,2026-07-16,2026-07-16,1.0,Importado y enriquecido desde Car and Road Related Glossary
143,Roundabout,Rotonda,Partes de carros,Carreteras,,traffic circle,glorieta,/raund-a-baut/,Intersección circular en la que el tráfico gira alrededor de una isla central.,Take the second exit at the roundabout.,,Car and Road Related Glossary (PDF proporcionado),documento-local:Car-and-Road-Related-Glossary.pdf,Pendiente,,,Importado y enriquecido a partir del glosario automotriz proporcionado por el usuario.,Término,Automotriz,"Uso frecuente en llamadas OPI relacionadas con vehículos, seguros y accidentes.",Rotonda,,,glorieta,Alta,Frecuente,Intermedia,Demo,2026-07-16,2026-07-16,2026-07-16,1.0,Importado y enriquecido desde Car and Road Related Glossary
144,Rush hour,Hora pico,Partes de carros,Tránsito,,,hora punta,/rush au-er/,Periodo del día con mayor congestión vehicular.,Traffic is heavy during rush hour.,,Car and Road Related Glossary (PDF proporcionado),documento-local:Car-and-Road-Related-Glossary.pdf,Pendiente,,,Importado y enriquecido a partir del glosario automotriz proporcionado por el usuario.,Término,Automotriz,"Uso frecuente en llamadas OPI relacionadas con vehículos, seguros y accidentes.",Hora pico,,,hora punta,Alta,Frecuente,Intermedia,Demo,2026-07-16,2026-07-16,2026-07-16,1.0,Importado y enriquecido desde Car and Road Related Glossary
145,Sidewalk,Acera,Partes de carros,Carreteras,,pavement,banqueta; vereda,/said-wok/,Zona junto a la calle destinada al tránsito peatonal.,The pedestrian was walking on the sidewalk.,,Car and Road Related Glossary (PDF proporcionado),documento-local:Car-and-Road-Related-Glossary.pdf,Pendiente,,,Importado y enriquecido a partir del glosario automotriz proporcionado por el usuario.,Término,Automotriz,"Uso frecuente en llamadas OPI relacionadas con vehículos, seguros y accidentes.",Acera,,,banqueta; vereda,Alta,Frecuente,Intermedia,Demo,2026-07-16,2026-07-16,2026-07-16,1.0,Importado y enriquecido desde Car and Road Related Glossary
146,Skid marks,Marcas de frenado,Partes de carros,Accidentes,,tire marks,marcas de neumáticos,/skid marks/,Huellas que dejan los neumáticos al deslizarse o frenar bruscamente.,The officer photographed the skid marks.,,Car and Road Related Glossary (PDF proporcionado),documento-local:Car-and-Road-Related-Glossary.pdf,Pendiente,,,Importado y enriquecido a partir del glosario automotriz proporcionado por el usuario.,Término,Automotriz,"Uso frecuente en llamadas OPI relacionadas con vehículos, seguros y accidentes.",Marcas de frenado,,,marcas de neumáticos,Alta,Frecuente,Intermedia,Demo,2026-07-16,2026-07-16,2026-07-16,1.0,Importado y enriquecido desde Car and Road Related Glossary
147,Speed limit,Límite de velocidad,Partes de carros,Tránsito,,,,/spiid li-mit/,Velocidad máxima legal permitida en una vía.,The posted speed limit is 45 miles per hour.,,Car and Road Related Glossary (PDF proporcionado),documento-local:Car-and-Road-Related-Glossary.pdf,Pendiente,,,Importado y enriquecido a partir del glosario automotriz proporcionado por el usuario.,Término,Automotriz,"Uso frecuente en llamadas OPI relacionadas con vehículos, seguros y accidentes.",Límite de velocidad,,,,Alta,Frecuente,Intermedia,Demo,2026-07-16,2026-07-16,2026-07-16,1.0,Importado y enriquecido desde Car and Road Related Glossary
148,Streetlight,Alumbrado público,Partes de carros,Carreteras,,street lamp,farola,/striit-lait/,Luz instalada en una calle para iluminar la vía durante la noche.,The streetlight was not working.,,Car and Road Related Glossary (PDF proporcionado),documento-local:Car-and-Road-Related-Glossary.pdf,Pendiente,,,Importado y enriquecido a partir del glosario automotriz proporcionado por el usuario.,Término,Automotriz,"Uso frecuente en llamadas OPI relacionadas con vehículos, seguros y accidentes.",Alumbrado público,,,farola,Alta,Frecuente,Intermedia,Demo,2026-07-16,2026-07-16,2026-07-16,1.0,Importado y enriquecido desde Car and Road Related Glossary
149,Traffic jam,Embotellamiento,Partes de carros,Tránsito,,congestion,atasco,/tra-fik jam/,Congestión en la que los vehículos avanzan lentamente o se detienen.,We were delayed by a traffic jam.,,Car and Road Related Glossary (PDF proporcionado),documento-local:Car-and-Road-Related-Glossary.pdf,Pendiente,,,"Importado y enriquecido a partir del glosario automotriz proporcionado por el usuario. Fuente adicional: Finance and Insurance Vocabulary, página 18.",Término,Automotriz,"Uso frecuente en llamadas OPI relacionadas con vehículos, seguros y accidentes.",Embotellamiento,,,atasco,Alta,Frecuente,Intermedia,Demo,2026-07-16,2026-07-16,2026-07-16,1.0,Importado y enriquecido desde Car and Road Related Glossary
150,Traffic light,Semáforo,Partes de carros,Tránsito,,stoplight,,/tra-fik lait/,Señal luminosa que regula el paso de vehículos y peatones.,Stop at the red traffic light.,,Car and Road Related Glossary (PDF proporcionado),documento-local:Car-and-Road-Related-Glossary.pdf,Pendiente,,,"Importado y enriquecido a partir del glosario automotriz proporcionado por el usuario. Fuente adicional: Finance and Insurance Vocabulary, página 18.",Término,Automotriz,"Uso frecuente en llamadas OPI relacionadas con vehículos, seguros y accidentes.",Semáforo,,,,Alta,Frecuente,Intermedia,Demo,2026-07-16,2026-07-16,2026-07-16,1.0,Importado y enriquecido desde Car and Road Related Glossary
151,Car crash,Accidente automovilístico,Partes de carros,Accidentes,,collision; motor vehicle accident,choque; accidente de tránsito,/kar krash/,Colisión en la que participa uno o más vehículos.,Were you injured in the car crash?,,Car and Road Related Glossary (PDF proporcionado),documento-local:Car-and-Road-Related-Glossary.pdf,Pendiente,,,Importado y enriquecido a partir del glosario automotriz proporcionado por el usuario.,Término,Automotriz,"Uso frecuente en llamadas OPI relacionadas con vehículos, seguros y accidentes.",Accidente automovilístico,,,choque; accidente de tránsito,Alta,Frecuente,Intermedia,Demo,2026-07-16,2026-07-16,2026-07-16,1.0,Importado y enriquecido desde Car and Road Related Glossary
152,Dent / dented,Abolladura / abollado,Partes de carros,Daños,,ding,abollón,/dent / den-tid/,Hundimiento o deformación visible en la carrocería del vehículo.,The passenger door is dented.,,Car and Road Related Glossary (PDF proporcionado),documento-local:Car-and-Road-Related-Glossary.pdf,Pendiente,,,Importado y enriquecido a partir del glosario automotriz proporcionado por el usuario.,Término,Automotriz,"Uso frecuente en llamadas OPI relacionadas con vehículos, seguros y accidentes.",Abolladura / abollado,,,abollón,Alta,Frecuente,Intermedia,Demo,2026-07-16,2026-07-16,2026-07-16,1.0,Importado y enriquecido desde Car and Road Related Glossary
153,Deploy an air bag,Desplegarse una bolsa de aire,Partes de carros,Accidentes,,,activarse una bolsa de aire,/di-ploi an er bag/,Acción de inflarse automáticamente una bolsa de aire durante un impacto.,Did the air bags deploy?,,Car and Road Related Glossary (PDF proporcionado),documento-local:Car-and-Road-Related-Glossary.pdf,Pendiente,,,Importado y enriquecido a partir del glosario automotriz proporcionado por el usuario.,Frase,Automotriz,"Uso frecuente en llamadas OPI relacionadas con vehículos, seguros y accidentes.",Desplegarse una bolsa de aire,,,activarse una bolsa de aire,Alta,Frecuente,Intermedia,Demo,2026-07-16,2026-07-16,2026-07-16,1.0,Importado y enriquecido desde Car and Road Related Glossary
154,Detach,Desprenderse / desconectar,Partes de carros,Accidentes,,come off,destrabar (según contexto),/di-tach/,Separarse o soltarse una pieza de otra.,The bumper detached from the vehicle.,,Car and Road Related Glossary (PDF proporcionado),documento-local:Car-and-Road-Related-Glossary.pdf,Pendiente,,,Importado y enriquecido a partir del glosario automotriz proporcionado por el usuario.,Término,Automotriz,"Uso frecuente en llamadas OPI relacionadas con vehículos, seguros y accidentes.",Desprenderse / desconectar,,,destrabar (según contexto),Alta,Frecuente,Intermedia,Demo,2026-07-16,2026-07-16,2026-07-16,1.0,Importado y enriquecido desde Car and Road Related Glossary
155,Go past a stop sign,Pasarse una señal de alto,Partes de carros,Tránsito,,run a stop sign,pasarse un alto,/gou past a stop sain/,Continuar sin detenerse correctamente ante una señal de alto.,The driver went past the stop sign.,,Car and Road Related Glossary (PDF proporcionado),documento-local:Car-and-Road-Related-Glossary.pdf,Pendiente,,,Importado y enriquecido a partir del glosario automotriz proporcionado por el usuario.,Frase,Automotriz,"Uso frecuente en llamadas OPI relacionadas con vehículos, seguros y accidentes.",Pasarse una señal de alto,,,pasarse un alto,Alta,Frecuente,Intermedia,Demo,2026-07-16,2026-07-16,2026-07-16,1.0,Importado y enriquecido desde Car and Road Related Glossary
156,Head-on collision,Choque frontal,Partes de carros,Accidentes,,frontal collision,choque de frente,/hed-on ko-li-shon/,Colisión en la que la parte delantera de dos vehículos impacta directamente.,Two vehicles were involved in a head-on collision.,,Car and Road Related Glossary (PDF proporcionado),documento-local:Car-and-Road-Related-Glossary.pdf,Pendiente,,,"Importado y enriquecido a partir del glosario automotriz proporcionado por el usuario. Fuente adicional: Finance and Insurance Vocabulary, página 12.",Término,Automotriz,"Uso frecuente en llamadas OPI relacionadas con vehículos, seguros y accidentes.",Choque frontal,,,choque de frente,Alta,Frecuente,Intermedia,Demo,2026-07-16,2026-07-16,2026-07-16,1.0,Importado y enriquecido desde Car and Road Related Glossary
157,Honk / beep,Tocar la bocina,Partes de carros,Controles,,sound the horn,pitar,/honk / biip/,Accionar la bocina para emitir una advertencia sonora.,The driver honked before entering the intersection.,,Car and Road Related Glossary (PDF proporcionado),documento-local:Car-and-Road-Related-Glossary.pdf,Pendiente,,,Importado y enriquecido a partir del glosario automotriz proporcionado por el usuario.,Término,Automotriz,"Uso frecuente en llamadas OPI relacionadas con vehículos, seguros y accidentes.",Tocar la bocina,,,pitar,Alta,Frecuente,Intermedia,Demo,2026-07-16,2026-07-16,2026-07-16,1.0,Importado y enriquecido desde Car and Road Related Glossary
158,Jump-start,Pasar corriente,Partes de carros,Batería,,boost a battery,transferir corriente,/jump-start/,Arrancar un vehículo usando energía de la batería de otro vehículo o una fuente externa.,We had to jump-start the car.,,Car and Road Related Glossary (PDF proporcionado),documento-local:Car-and-Road-Related-Glossary.pdf,Pendiente,,,Importado y enriquecido a partir del glosario automotriz proporcionado por el usuario.,Término,Automotriz,"Uso frecuente en llamadas OPI relacionadas con vehículos, seguros y accidentes.",Pasar corriente,,,transferir corriente,Alta,Frecuente,Intermedia,Demo,2026-07-16,2026-07-16,2026-07-16,1.0,Importado y enriquecido desde Car and Road Related Glossary
159,Maneuver,Maniobra / maniobrar,Partes de carros,Conducción,,,,/ma-nuu-ver/,Movimiento controlado realizado para cambiar la posición o dirección del vehículo.,The driver made a sudden maneuver.,,Car and Road Related Glossary (PDF proporcionado),documento-local:Car-and-Road-Related-Glossary.pdf,Pendiente,,,Importado y enriquecido a partir del glosario automotriz proporcionado por el usuario.,Término,Automotriz,"Uso frecuente en llamadas OPI relacionadas con vehículos, seguros y accidentes.",Maniobra / maniobrar,,,,Alta,Frecuente,Intermedia,Demo,2026-07-16,2026-07-16,2026-07-16,1.0,Importado y enriquecido desde Car and Road Related Glossary
160,Overtake / pass,Rebasar,Partes de carros,Conducción,,overrun (menos habitual),adelantar,/ou-ver-teik / pas/,Adelantar a otro vehículo que circula en la misma dirección.,Do not pass on a solid yellow line.,,Car and Road Related Glossary (PDF proporcionado),documento-local:Car-and-Road-Related-Glossary.pdf,Pendiente,,,Importado y enriquecido a partir del glosario automotriz proporcionado por el usuario.,Término,Automotriz,"Uso frecuente en llamadas OPI relacionadas con vehículos, seguros y accidentes.",Rebasar,,,adelantar,Alta,Frecuente,Intermedia,Demo,2026-07-16,2026-07-16,2026-07-16,1.0,Importado y enriquecido desde Car and Road Related Glossary
161,Pull over,Orillarse,Partes de carros,Tránsito,,,hacerse a un lado,/pul ou-ver/,Mover el vehículo hacia un lado de la vía y detenerse.,The police officer asked the driver to pull over.,,Car and Road Related Glossary (PDF proporcionado),documento-local:Car-and-Road-Related-Glossary.pdf,Pendiente,,,Importado y enriquecido a partir del glosario automotriz proporcionado por el usuario.,Frase,Automotriz,"Uso frecuente en llamadas OPI relacionadas con vehículos, seguros y accidentes.",Orillarse,,,hacerse a un lado,Alta,Frecuente,Intermedia,Demo,2026-07-16,2026-07-16,2026-07-16,1.0,Importado y enriquecido desde Car and Road Related Glossary
162,Quote,Cotización,Partes de carros,Servicios,,estimate,presupuesto,/kwout/,"Estimación del precio de una reparación, seguro o servicio.",The body shop provided a repair quote.,,Car and Road Related Glossary (PDF proporcionado),documento-local:Car-and-Road-Related-Glossary.pdf,Pendiente,,,"Importado y enriquecido a partir del glosario automotriz proporcionado por el usuario. Fuente adicional: Finance and Insurance Vocabulary, página 16.",Término,Automotriz,"Uso frecuente en llamadas OPI relacionadas con vehículos, seguros y accidentes.",Cotización,,,presupuesto,Alta,Frecuente,Intermedia,Demo,2026-07-16,2026-07-16,2026-07-16,1.0,Importado y enriquecido desde Car and Road Related Glossary
163,Brake,Frenar,Partes de carros,Conducción,,to brake,,/breik/,Reducir la velocidad o detener el vehículo mediante los frenos.,Brake slowly on wet roads.,,Car and Road Related Glossary (PDF proporcionado),documento-local:Car-and-Road-Related-Glossary.pdf,Pendiente,,,"Importado y enriquecido a partir del glosario automotriz proporcionado por el usuario. Fuente adicional: Finance and Insurance Vocabulary, página 9.",Término,Automotriz,"Uso frecuente en llamadas OPI relacionadas con vehículos, seguros y accidentes.",Frenar,,,,Alta,Frecuente,Intermedia,Demo,2026-07-16,2026-07-16,2026-07-16,1.0,Importado y enriquecido desde Car and Road Related Glossary
164,Change / check the oil,Cambiar / revisar el aceite,Partes de carros,Mantenimiento,,,,/cheinj / chek the oil/,Realizar mantenimiento o verificar el nivel y condición del aceite del motor.,You should check the oil before a long trip.,,Car and Road Related Glossary (PDF proporcionado),documento-local:Car-and-Road-Related-Glossary.pdf,Pendiente,,,Importado y enriquecido a partir del glosario automotriz proporcionado por el usuario.,Frase,Automotriz,"Uso frecuente en llamadas OPI relacionadas con vehículos, seguros y accidentes.",Cambiar / revisar el aceite,,,,Alta,Frecuente,Intermedia,Demo,2026-07-16,2026-07-16,2026-07-16,1.0,Importado y enriquecido desde Car and Road Related Glossary
165,Crash into,Chocar contra,Partes de carros,Accidentes,,collide with,,/krash in-tu/,Impactar un vehículo u objeto durante un accidente.,The car crashed into a guardrail.,,Car and Road Related Glossary (PDF proporcionado),documento-local:Car-and-Road-Related-Glossary.pdf,Pendiente,,,Importado y enriquecido a partir del glosario automotriz proporcionado por el usuario.,Frase,Automotriz,"Uso frecuente en llamadas OPI relacionadas con vehículos, seguros y accidentes.",Chocar contra,,,,Alta,Frecuente,Intermedia,Demo,2026-07-16,2026-07-16,2026-07-16,1.0,Importado y enriquecido desde Car and Road Related Glossary
166,Run a red light,Pasarse un semáforo en rojo,Partes de carros,Tránsito,,go through a red light,saltarse un semáforo,/run a red lait/,Cruzar una intersección cuando el semáforo indica detenerse.,The driver ran a red light.,,Car and Road Related Glossary (PDF proporcionado),documento-local:Car-and-Road-Related-Glossary.pdf,Pendiente,,,Importado y enriquecido a partir del glosario automotriz proporcionado por el usuario.,Frase,Automotriz,"Uso frecuente en llamadas OPI relacionadas con vehículos, seguros y accidentes.",Pasarse un semáforo en rojo,,,saltarse un semáforo,Alta,Frecuente,Intermedia,Demo,2026-07-16,2026-07-16,2026-07-16,1.0,Importado y enriquecido desde Car and Road Related Glossary
167,Back up / reverse,Dar marcha atrás,Partes de carros,Conducción,,,retroceder,/bak up / ri-vers/,Mover el vehículo hacia atrás.,Back up slowly and check your mirrors.,,Car and Road Related Glossary (PDF proporcionado),documento-local:Car-and-Road-Related-Glossary.pdf,Pendiente,,,Importado y enriquecido a partir del glosario automotriz proporcionado por el usuario.,Frase,Automotriz,"Uso frecuente en llamadas OPI relacionadas con vehículos, seguros y accidentes.",Dar marcha atrás,,,retroceder,Alta,Frecuente,Intermedia,Demo,2026-07-16,2026-07-16,2026-07-16,1.0,Importado y enriquecido desde Car and Road Related Glossary
168,Run over,Atropellar,Partes de carros,Accidentes,,,arrollar,/run ou-ver/,"Golpear o pasar por encima de una persona, animal u objeto con un vehículo.",The driver nearly ran over a pedestrian.,,Car and Road Related Glossary (PDF proporcionado),documento-local:Car-and-Road-Related-Glossary.pdf,Pendiente,,,Importado y enriquecido a partir del glosario automotriz proporcionado por el usuario.,Término,Automotriz,"Uso frecuente en llamadas OPI relacionadas con vehículos, seguros y accidentes.",Atropellar,,,arrollar,Alta,Frecuente,Intermedia,Demo,2026-07-16,2026-07-16,2026-07-16,1.0,Importado y enriquecido desde Car and Road Related Glossary
169,Tow,Remolcar,Partes de carros,Servicios,,,,/tou/,Transportar un vehículo tirando de él con otro vehículo.,The damaged car had to be towed.,,Car and Road Related Glossary (PDF proporcionado),documento-local:Car-and-Road-Related-Glossary.pdf,Pendiente,,,Importado y enriquecido a partir del glosario automotriz proporcionado por el usuario.,Término,Automotriz,"Uso frecuente en llamadas OPI relacionadas con vehículos, seguros y accidentes.",Remolcar,,,,Alta,Frecuente,Intermedia,Demo,2026-07-16,2026-07-16,2026-07-16,1.0,Importado y enriquecido desde Car and Road Related Glossary
170,ATV (all-terrain vehicle),Vehículo todo terreno,Partes de carros,Tipos de vehículos,,quad; four-wheeler,cuatrimoto,/ei-tii-vii/,Vehículo motorizado diseñado para circular fuera de carreteras pavimentadas.,The rider was injured while driving an ATV.,,Car and Road Related Glossary (PDF proporcionado),documento-local:Car-and-Road-Related-Glossary.pdf,Pendiente,,,Importado y enriquecido a partir del glosario automotriz proporcionado por el usuario.,Acrónimo,Automotriz,"Uso frecuente en llamadas OPI relacionadas con vehículos, seguros y accidentes.",Vehículo todo terreno,,,cuatrimoto,Alta,Frecuente,Intermedia,Demo,2026-07-16,2026-07-16,2026-07-16,1.0,Importado y enriquecido desde Car and Road Related Glossary
171,Compact car,Automóvil compacto,Partes de carros,Tipos de vehículos,,,carro compacto,/kom-pakt kar/,Automóvil pequeño diseñado para transportar pasajeros con eficiencia.,They rented a compact car.,,Car and Road Related Glossary (PDF proporcionado),documento-local:Car-and-Road-Related-Glossary.pdf,Pendiente,,,Importado y enriquecido a partir del glosario automotriz proporcionado por el usuario.,Término,Automotriz,"Uso frecuente en llamadas OPI relacionadas con vehículos, seguros y accidentes.",Automóvil compacto,,,carro compacto,Alta,Frecuente,Intermedia,Demo,2026-07-16,2026-07-16,2026-07-16,1.0,Importado y enriquecido desde Car and Road Related Glossary
172,Convertible,Descapotable,Partes de carros,Tipos de vehículos,,,convertible,/kon-ver-ti-bol/,Automóvil cuyo techo puede retirarse o plegarse.,He was driving a convertible.,,Car and Road Related Glossary (PDF proporcionado),documento-local:Car-and-Road-Related-Glossary.pdf,Pendiente,,,Importado y enriquecido a partir del glosario automotriz proporcionado por el usuario.,Término,Automotriz,"Uso frecuente en llamadas OPI relacionadas con vehículos, seguros y accidentes.",Descapotable,,,convertible,Alta,Frecuente,Intermedia,Demo,2026-07-16,2026-07-16,2026-07-16,1.0,Importado y enriquecido desde Car and Road Related Glossary
173,Four-wheel drive,Tracción en las cuatro ruedas,Partes de carros,Tipos de vehículos,,4WD; four-by-four,doble tracción; tracción 4x4,/for-wiil draiv/,Sistema que transmite potencia a las cuatro ruedas del vehículo.,The truck has four-wheel drive.,,Car and Road Related Glossary (PDF proporcionado),documento-local:Car-and-Road-Related-Glossary.pdf,Pendiente,,,Importado y enriquecido a partir del glosario automotriz proporcionado por el usuario.,Término,Automotriz,"Uso frecuente en llamadas OPI relacionadas con vehículos, seguros y accidentes.",Tracción en las cuatro ruedas,,,doble tracción; tracción 4x4,Alta,Frecuente,Intermedia,Demo,2026-07-16,2026-07-16,2026-07-16,1.0,Importado y enriquecido desde Car and Road Related Glossary
174,Minivan,Miniván,Partes de carros,Tipos de vehículos,,,camioneta familiar; pequeña furgoneta,/mi-ni-van/,Vehículo familiar con mayor espacio interior y varias filas de asientos.,The family travels in a minivan.,,Car and Road Related Glossary (PDF proporcionado),documento-local:Car-and-Road-Related-Glossary.pdf,Pendiente,,,Importado y enriquecido a partir del glosario automotriz proporcionado por el usuario.,Término,Automotriz,"Uso frecuente en llamadas OPI relacionadas con vehículos, seguros y accidentes.",Miniván,,,camioneta familiar; pequeña furgoneta,Alta,Frecuente,Intermedia,Demo,2026-07-16,2026-07-16,2026-07-16,1.0,Importado y enriquecido desde Car and Road Related Glossary
175,Pickup truck,Camioneta pickup,Partes de carros,Tipos de vehículos,,pickup,camioneta de paila,/pik-up truk/,Vehículo con cabina para pasajeros y área de carga abierta en la parte trasera.,The tools were in the pickup truck.,,Car and Road Related Glossary (PDF proporcionado),documento-local:Car-and-Road-Related-Glossary.pdf,Pendiente,,,Importado y enriquecido a partir del glosario automotriz proporcionado por el usuario.,Término,Automotriz,"Uso frecuente en llamadas OPI relacionadas con vehículos, seguros y accidentes.",Camioneta pickup,,,camioneta de paila,Alta,Frecuente,Intermedia,Demo,2026-07-16,2026-07-16,2026-07-16,1.0,Importado y enriquecido desde Car and Road Related Glossary
176,Sedan,Sedán,Partes de carros,Tipos de vehículos,,saloon,turismo,/si-dan/,"Automóvil cerrado de pasajeros, normalmente con cuatro puertas y maletero separado.",The rental vehicle is a four-door sedan.,,Car and Road Related Glossary (PDF proporcionado),documento-local:Car-and-Road-Related-Glossary.pdf,Pendiente,,,Importado y enriquecido a partir del glosario automotriz proporcionado por el usuario.,Término,Automotriz,"Uso frecuente en llamadas OPI relacionadas con vehículos, seguros y accidentes.",Sedán,,,turismo,Alta,Frecuente,Intermedia,Demo,2026-07-16,2026-07-16,2026-07-16,1.0,Importado y enriquecido desde Car and Road Related Glossary
177,Sports car,Automóvil deportivo,Partes de carros,Tipos de vehículos,,,carro deportivo,/sports kar/,Automóvil diseñado para ofrecer alto rendimiento y conducción deportiva.,The sports car was traveling at high speed.,,Car and Road Related Glossary (PDF proporcionado),documento-local:Car-and-Road-Related-Glossary.pdf,Pendiente,,,Importado y enriquecido a partir del glosario automotriz proporcionado por el usuario.,Término,Automotriz,"Uso frecuente en llamadas OPI relacionadas con vehículos, seguros y accidentes.",Automóvil deportivo,,,carro deportivo,Alta,Frecuente,Intermedia,Demo,2026-07-16,2026-07-16,2026-07-16,1.0,Importado y enriquecido desde Car and Road Related Glossary
178,SUV (sport utility vehicle),Vehículo utilitario deportivo,Partes de carros,Tipos de vehículos,,sport utility vehicle,camioneta; todoterreno,/es-yuu-vii/,"Vehículo de pasajeros con mayor altura, espacio de carga y capacidad para distintas superficies.",The family was traveling in an SUV.,,Car and Road Related Glossary (PDF proporcionado),documento-local:Car-and-Road-Related-Glossary.pdf,Pendiente,,,Importado y enriquecido a partir del glosario automotriz proporcionado por el usuario.,Acrónimo,Automotriz,"Uso frecuente en llamadas OPI relacionadas con vehículos, seguros y accidentes.",Vehículo utilitario deportivo,,,camioneta; todoterreno,Alta,Frecuente,Intermedia,Demo,2026-07-16,2026-07-16,2026-07-16,1.0,Importado y enriquecido desde Car and Road Related Glossary
179,Van,Furgoneta,Partes de carros,Tipos de vehículos,,,camioneta; panel,/van/,Vehículo cerrado utilizado para transportar pasajeros o carga.,The company uses a van for deliveries.,,Car and Road Related Glossary (PDF proporcionado),documento-local:Car-and-Road-Related-Glossary.pdf,Pendiente,,,Importado y enriquecido a partir del glosario automotriz proporcionado por el usuario.,Término,Automotriz,"Uso frecuente en llamadas OPI relacionadas con vehículos, seguros y accidentes.",Furgoneta,,,camioneta; panel,Alta,Frecuente,Intermedia,Demo,2026-07-16,2026-07-16,2026-07-16,1.0,Importado y enriquecido desde Car and Road Related Glossary
180,12th month term,Plazo a 12 meses,Banca y pagos,Finanzas y operaciones bancarias,,,,,Término bilingüe utilizado en contextos de finanzas y operaciones bancarias.,,,Finance and Insurance Vocabulary,documento-local:finance-insurance-vocabulary-source,Borrador,,,"Importado del glosario proporcionado por el usuario, página 1.",Término,,,Plazo a 12 meses,,,,Media,,Intermedia,Demo,2026-07-17,2026-07-17,2026-07-17,1.0,"Importación de vocabulario financiero, bancario, seguros, automotriz y asistencia pública"
181,Accounts payable,Cuentas por pagar,Banca y pagos,Finanzas y operaciones bancarias,,,,,Término bilingüe utilizado en contextos de finanzas y operaciones bancarias.,,,Finance and Insurance Vocabulary,documento-local:finance-insurance-vocabulary-source,Borrador,,,"Importado del glosario proporcionado por el usuario, página 1.",Término,,,Cuentas por pagar,,,,Media,,Intermedia,Demo,2026-07-17,2026-07-17,2026-07-17,1.0,"Importación de vocabulario financiero, bancario, seguros, automotriz y asistencia pública"
182,Accrued interest,Intereses devengados,Banca y pagos,Finanzas y operaciones bancarias,,,,,Término bilingüe utilizado en contextos de finanzas y operaciones bancarias.,,,Finance and Insurance Vocabulary,documento-local:finance-insurance-vocabulary-source,Borrador,,,"Importado del glosario proporcionado por el usuario, página 1.",Término,,,Intereses devengados,,,,Media,,Intermedia,Demo,2026-07-17,2026-07-17,2026-07-17,1.0,"Importación de vocabulario financiero, bancario, seguros, automotriz y asistencia pública"
183,Acquisition fee,Cuota de adquisición,Banca y pagos,Finanzas y operaciones bancarias,,,,,Término bilingüe utilizado en contextos de finanzas y operaciones bancarias.,,,Finance and Insurance Vocabulary,documento-local:finance-insurance-vocabulary-source,Borrador,,,"Importado del glosario proporcionado por el usuario, página 1.",Término,,,Cuota de adquisición,,,,Media,,Intermedia,Demo,2026-07-17,2026-07-17,2026-07-17,1.0,"Importación de vocabulario financiero, bancario, seguros, automotriz y asistencia pública"
184,Acts of God,Actos de fuerza mayor,Legal,Documentos y procedimientos,,,,,Término bilingüe utilizado en contextos de documentos y procedimientos.,,,Finance and Insurance Vocabulary,documento-local:finance-insurance-vocabulary-source,Borrador,,,"Importado del glosario proporcionado por el usuario, página 1.",Término,,,Actos de fuerza mayor,,,,Media,,Intermedia,Demo,2026-07-17,2026-07-17,2026-07-17,1.0,"Importación de vocabulario financiero, bancario, seguros, automotriz y asistencia pública"
185,Added value,Valor agregado,Banca y pagos,Finanzas y operaciones bancarias,,,,,Término bilingüe utilizado en contextos de finanzas y operaciones bancarias.,,,Finance and Insurance Vocabulary,documento-local:finance-insurance-vocabulary-source,Borrador,,,"Importado del glosario proporcionado por el usuario, página 1.",Término,,,Valor agregado,,,,Media,,Intermedia,Demo,2026-07-17,2026-07-17,2026-07-17,1.0,"Importación de vocabulario financiero, bancario, seguros, automotriz y asistencia pública"
186,Adjustable rate mortgage (ARM),Tasa hipotecaria ajustable,Banca y pagos,Hipotecas y bienes raíces,ARM,,,,Término bilingüe utilizado en contextos de hipotecas y bienes raíces.,,,Finance and Insurance Vocabulary,documento-local:finance-insurance-vocabulary-source,Borrador,,,"Importado del glosario proporcionado por el usuario, página 1.",Término,,,Tasa hipotecaria ajustable,,,,Media,,Intermedia,Demo,2026-07-17,2026-07-17,2026-07-17,1.0,"Importación de vocabulario financiero, bancario, seguros, automotriz y asistencia pública"
187,Adjusted gross income,Ingreso bruto ajustado,Banca y pagos,Finanzas y operaciones bancarias,,,,,Término bilingüe utilizado en contextos de finanzas y operaciones bancarias.,,,Finance and Insurance Vocabulary,documento-local:finance-insurance-vocabulary-source,Borrador,,,"Importado del glosario proporcionado por el usuario, página 1.",Término,,,Ingreso bruto ajustado,,,,Media,,Intermedia,Demo,2026-07-17,2026-07-17,2026-07-17,1.0,"Importación de vocabulario financiero, bancario, seguros, automotriz y asistencia pública"
188,Administration fees,Gastos de administración,Banca y pagos,Finanzas y operaciones bancarias,,,,,Término bilingüe utilizado en contextos de finanzas y operaciones bancarias.,,,Finance and Insurance Vocabulary,documento-local:finance-insurance-vocabulary-source,Borrador,,,"Importado del glosario proporcionado por el usuario, página 1.",Término,,,Gastos de administración,,,,Media,,Intermedia,Demo,2026-07-17,2026-07-17,2026-07-17,1.0,"Importación de vocabulario financiero, bancario, seguros, automotriz y asistencia pública"
189,Affidavit,Declaración jurada,Legal,Documentos y procedimientos,,,,,Término bilingüe utilizado en contextos de documentos y procedimientos.,,,Finance and Insurance Vocabulary,documento-local:finance-insurance-vocabulary-source,Borrador,,,"Importado del glosario proporcionado por el usuario, página 1.",Término,,,Declaración jurada,,,,Media,,Intermedia,Demo,2026-07-17,2026-07-17,2026-07-17,1.0,"Importación de vocabulario financiero, bancario, seguros, automotriz y asistencia pública"
190,Annual interest rate,Tasa de interés anual,Banca y pagos,Crédito y préstamos,,,,,Término bilingüe utilizado en contextos de crédito y préstamos.,,,Finance and Insurance Vocabulary,documento-local:finance-insurance-vocabulary-source,Borrador,,,"Importado del glosario proporcionado por el usuario, página 1.",Término,,,Tasa de interés anual,,,,Media,,Intermedia,Demo,2026-07-17,2026-07-17,2026-07-17,1.0,"Importación de vocabulario financiero, bancario, seguros, automotriz y asistencia pública"
191,Appraisal,Avalúo,Banca y pagos,Hipotecas y bienes raíces,,,,,Término bilingüe utilizado en contextos de hipotecas y bienes raíces.,,,Finance and Insurance Vocabulary,documento-local:finance-insurance-vocabulary-source,Borrador,,,"Importado del glosario proporcionado por el usuario, página 1.",Término,,,Avalúo,,,,Media,,Intermedia,Demo,2026-07-17,2026-07-17,2026-07-17,1.0,"Importación de vocabulario financiero, bancario, seguros, automotriz y asistencia pública"
192,Appraised value,Valor del avalúo,Banca y pagos,Finanzas y operaciones bancarias,,,,,Término bilingüe utilizado en contextos de finanzas y operaciones bancarias.,,,Finance and Insurance Vocabulary,documento-local:finance-insurance-vocabulary-source,Borrador,,,"Importado del glosario proporcionado por el usuario, página 1.",Término,,,Valor del avalúo,,,,Media,,Intermedia,Demo,2026-07-17,2026-07-17,2026-07-17,1.0,"Importación de vocabulario financiero, bancario, seguros, automotriz y asistencia pública"
193,Assets,Activos; bienes,Banca y pagos,Finanzas y operaciones bancarias,,,,,Término bilingüe utilizado en contextos de finanzas y operaciones bancarias.,,,Finance and Insurance Vocabulary,documento-local:finance-insurance-vocabulary-source,Borrador,,,"Importado del glosario proporcionado por el usuario, página 1.",Término,,,Activos; bienes,,,,Media,,Intermedia,Demo,2026-07-17,2026-07-17,2026-07-17,1.0,"Importación de vocabulario financiero, bancario, seguros, automotriz y asistencia pública"
194,Attorney fees,Honorarios de abogado,Legal,Documentos y procedimientos,,,,,Término bilingüe utilizado en contextos de documentos y procedimientos.,,,Finance and Insurance Vocabulary,documento-local:finance-insurance-vocabulary-source,Borrador,,,"Importado del glosario proporcionado por el usuario, página 1.",Término,,,Honorarios de abogado,,,,Media,,Intermedia,Demo,2026-07-17,2026-07-17,2026-07-17,1.0,"Importación de vocabulario financiero, bancario, seguros, automotriz y asistencia pública"
195,Average market price,Precio promedio en el mercado,Banca y pagos,Inversiones,,,,,Término bilingüe utilizado en contextos de inversiones.,,,Finance and Insurance Vocabulary,documento-local:finance-insurance-vocabulary-source,Borrador,,,"Importado del glosario proporcionado por el usuario, página 1.",Término,,,Precio promedio en el mercado,,,,Media,,Intermedia,Demo,2026-07-17,2026-07-17,2026-07-17,1.0,"Importación de vocabulario financiero, bancario, seguros, automotriz y asistencia pública"
196,Bank branch,Sucursal de un banco,Banca y pagos,Finanzas y operaciones bancarias,,,,,Término bilingüe utilizado en contextos de finanzas y operaciones bancarias.,,,Finance and Insurance Vocabulary,documento-local:finance-insurance-vocabulary-source,Borrador,,,"Importado del glosario proporcionado por el usuario, página 1.",Término,,,Sucursal de un banco,,,,Media,,Intermedia,Demo,2026-07-17,2026-07-17,2026-07-17,1.0,"Importación de vocabulario financiero, bancario, seguros, automotriz y asistencia pública"
197,Bank statements,Estados de cuenta bancarios,Banca y pagos,Finanzas y operaciones bancarias,,,,,Término bilingüe utilizado en contextos de finanzas y operaciones bancarias.,,,Finance and Insurance Vocabulary,documento-local:finance-insurance-vocabulary-source,Borrador,,,"Importado del glosario proporcionado por el usuario, página 1.",Término,,,Estados de cuenta bancarios,,,,Media,,Intermedia,Demo,2026-07-17,2026-07-17,2026-07-17,1.0,"Importación de vocabulario financiero, bancario, seguros, automotriz y asistencia pública"
198,Bankruptcy,Quiebra; bancarrota,Legal,Documentos y procedimientos,,,,,Término bilingüe utilizado en contextos de documentos y procedimientos.,,,Finance and Insurance Vocabulary,documento-local:finance-insurance-vocabulary-source,Borrador,,,"Importado del glosario proporcionado por el usuario, página 1.",Término,,,Quiebra; bancarrota,,,,Media,,Intermedia,Demo,2026-07-17,2026-07-17,2026-07-17,1.0,"Importación de vocabulario financiero, bancario, seguros, automotriz y asistencia pública"
199,Becoming (get) current,Poniendo al corriente,Banca y pagos,Finanzas y operaciones bancarias,,,,,Término bilingüe utilizado en contextos de finanzas y operaciones bancarias.,,,Finance and Insurance Vocabulary,documento-local:finance-insurance-vocabulary-source,Borrador,,,"Importado del glosario proporcionado por el usuario, página 1.",Término,,,Poniendo al corriente,,,,Media,,Intermedia,Demo,2026-07-17,2026-07-17,2026-07-17,1.0,"Importación de vocabulario financiero, bancario, seguros, automotriz y asistencia pública"
200,Bill consolidation,Consolidación de cuentas,Banca y pagos,Finanzas y operaciones bancarias,,,,,Término bilingüe utilizado en contextos de finanzas y operaciones bancarias.,,,Finance and Insurance Vocabulary,documento-local:finance-insurance-vocabulary-source,Borrador,,,"Importado del glosario proporcionado por el usuario, página 1.",Término,,,Consolidación de cuentas,,,,Media,,Intermedia,Demo,2026-07-17,2026-07-17,2026-07-17,1.0,"Importación de vocabulario financiero, bancario, seguros, automotriz y asistencia pública"
201,Bond,Fianza,Banca y pagos,Inversiones,,,,,Término bilingüe utilizado en contextos de inversiones.,,,Finance and Insurance Vocabulary,documento-local:finance-insurance-vocabulary-source,Borrador,,,"Importado del glosario proporcionado por el usuario, página 1.",Término,,,Fianza,,,,Media,,Intermedia,Demo,2026-07-17,2026-07-17,2026-07-17,1.0,"Importación de vocabulario financiero, bancario, seguros, automotriz y asistencia pública"
202,Borrower,Prestatario,Banca y pagos,Crédito y préstamos,,,,,Término bilingüe utilizado en contextos de crédito y préstamos.,,,Finance and Insurance Vocabulary,documento-local:finance-insurance-vocabulary-source,Borrador,,,"Importado del glosario proporcionado por el usuario, página 1.",Término,,,Prestatario,,,,Media,,Intermedia,Demo,2026-07-17,2026-07-17,2026-07-17,1.0,"Importación de vocabulario financiero, bancario, seguros, automotriz y asistencia pública"
203,Business days,Días hábiles,Banca y pagos,Finanzas y operaciones bancarias,,,,,Término bilingüe utilizado en contextos de finanzas y operaciones bancarias.,,,Finance and Insurance Vocabulary,documento-local:finance-insurance-vocabulary-source,Borrador,,,"Importado del glosario proporcionado por el usuario, página 1.",Término,,,Días hábiles,,,,Media,,Intermedia,Demo,2026-07-17,2026-07-17,2026-07-17,1.0,"Importación de vocabulario financiero, bancario, seguros, automotriz y asistencia pública"
204,Buying power,Poder adquisitivo,Legal,Documentos y procedimientos,,,,,Término bilingüe utilizado en contextos de documentos y procedimientos.,,,Finance and Insurance Vocabulary,documento-local:finance-insurance-vocabulary-source,Borrador,,,"Importado del glosario proporcionado por el usuario, página 1.",Término,,,Poder adquisitivo,,,,Media,,Intermedia,Demo,2026-07-17,2026-07-17,2026-07-17,1.0,"Importación de vocabulario financiero, bancario, seguros, automotriz y asistencia pública"
205,Cap,Tope,Banca y pagos,Finanzas y operaciones bancarias,,,,,Término bilingüe utilizado en contextos de finanzas y operaciones bancarias.,,,Finance and Insurance Vocabulary,documento-local:finance-insurance-vocabulary-source,Borrador,,,"Importado del glosario proporcionado por el usuario, página 1.",Término,,,Tope,,,,Media,,Intermedia,Demo,2026-07-17,2026-07-17,2026-07-17,1.0,"Importación de vocabulario financiero, bancario, seguros, automotriz y asistencia pública"
206,Capital gains,Ganancias de capital,Banca y pagos,Inversiones,,,,,Término bilingüe utilizado en contextos de inversiones.,,,Finance and Insurance Vocabulary,documento-local:finance-insurance-vocabulary-source,Borrador,,,"Importado del glosario proporcionado por el usuario, página 1.",Término,,,Ganancias de capital,,,,Media,,Intermedia,Demo,2026-07-17,2026-07-17,2026-07-17,1.0,"Importación de vocabulario financiero, bancario, seguros, automotriz y asistencia pública"
207,Capital loss,Pérdida de capital,Banca y pagos,Finanzas y operaciones bancarias,,,,,Término bilingüe utilizado en contextos de finanzas y operaciones bancarias.,,,Finance and Insurance Vocabulary,documento-local:finance-insurance-vocabulary-source,Borrador,,,"Importado del glosario proporcionado por el usuario, página 1.",Término,,,Pérdida de capital,,,,Media,,Intermedia,Demo,2026-07-17,2026-07-17,2026-07-17,1.0,"Importación de vocabulario financiero, bancario, seguros, automotriz y asistencia pública"
208,Cash advance,Adelanto de dinero en efectivo,Banca y pagos,Finanzas y operaciones bancarias,,,,,Término bilingüe utilizado en contextos de finanzas y operaciones bancarias.,,,Finance and Insurance Vocabulary,documento-local:finance-insurance-vocabulary-source,Borrador,,,"Importado del glosario proporcionado por el usuario, página 1.",Término,,,Adelanto de dinero en efectivo,,,,Media,,Intermedia,Demo,2026-07-17,2026-07-17,2026-07-17,1.0,"Importación de vocabulario financiero, bancario, seguros, automotriz y asistencia pública"
209,Cash assets,Activo en efectivo,Banca y pagos,Finanzas y operaciones bancarias,,,,,Término bilingüe utilizado en contextos de finanzas y operaciones bancarias.,,,Finance and Insurance Vocabulary,documento-local:finance-insurance-vocabulary-source,Borrador,,,"Importado del glosario proporcionado por el usuario, página 1.",Término,,,Activo en efectivo,,,,Media,,Intermedia,Demo,2026-07-17,2026-07-17,2026-07-17,1.0,"Importación de vocabulario financiero, bancario, seguros, automotriz y asistencia pública"
210,Cash inflow,Flujo en efectivo; flujo de caja,Banca y pagos,Finanzas y operaciones bancarias,,,,,Término bilingüe utilizado en contextos de finanzas y operaciones bancarias.,,,Finance and Insurance Vocabulary,documento-local:finance-insurance-vocabulary-source,Borrador,,,"Importado del glosario proporcionado por el usuario, página 1.",Término,,,Flujo en efectivo; flujo de caja,,,,Media,,Intermedia,Demo,2026-07-17,2026-07-17,2026-07-17,1.0,"Importación de vocabulario financiero, bancario, seguros, automotriz y asistencia pública"
211,Cash purchase,Compra en efectivo; al contado,Banca y pagos,Finanzas y operaciones bancarias,,,,,Término bilingüe utilizado en contextos de finanzas y operaciones bancarias.,,,Finance and Insurance Vocabulary,documento-local:finance-insurance-vocabulary-source,Borrador,,,"Importado del glosario proporcionado por el usuario, página 1.",Término,,,Compra en efectivo; al contado,,,,Media,,Intermedia,Demo,2026-07-17,2026-07-17,2026-07-17,1.0,"Importación de vocabulario financiero, bancario, seguros, automotriz y asistencia pública"
212,Cash transaction,Transacción en efectivo,Legal,Documentos y procedimientos,,,,,Término bilingüe utilizado en contextos de documentos y procedimientos.,,,Finance and Insurance Vocabulary,documento-local:finance-insurance-vocabulary-source,Borrador,,,"Importado del glosario proporcionado por el usuario, página 1.",Término,,,Transacción en efectivo,,,,Media,,Intermedia,Demo,2026-07-17,2026-07-17,2026-07-17,1.0,"Importación de vocabulario financiero, bancario, seguros, automotriz y asistencia pública"
213,Cash value,Valor en efectivo,Banca y pagos,Finanzas y operaciones bancarias,,,,,Término bilingüe utilizado en contextos de finanzas y operaciones bancarias.,,,Finance and Insurance Vocabulary,documento-local:finance-insurance-vocabulary-source,Borrador,,,"Importado del glosario proporcionado por el usuario, página 1.",Término,,,Valor en efectivo,,,,Media,,Intermedia,Demo,2026-07-17,2026-07-17,2026-07-17,1.0,"Importación de vocabulario financiero, bancario, seguros, automotriz y asistencia pública"
214,Cashier’s check,"Cheque certificado, cheque de caja",Banca y pagos,Finanzas y operaciones bancarias,,,,,Término bilingüe utilizado en contextos de finanzas y operaciones bancarias.,,,Finance and Insurance Vocabulary,documento-local:finance-insurance-vocabulary-source,Borrador,,,"Importado del glosario proporcionado por el usuario, página 1.",Término,,,"Cheque certificado, cheque de caja",,,,Media,,Intermedia,Demo,2026-07-17,2026-07-17,2026-07-17,1.0,"Importación de vocabulario financiero, bancario, seguros, automotriz y asistencia pública"
215,Cashless hold,Retención sin efectivo,Banca y pagos,Finanzas y operaciones bancarias,,,,,Término bilingüe utilizado en contextos de finanzas y operaciones bancarias.,,,Finance and Insurance Vocabulary,documento-local:finance-insurance-vocabulary-source,Borrador,,,"Importado del glosario proporcionado por el usuario, página 2.",Término,,,Retención sin efectivo,,,,Media,,Intermedia,Demo,2026-07-17,2026-07-17,2026-07-17,1.0,"Importación de vocabulario financiero, bancario, seguros, automotriz y asistencia pública"
216,Cashless sale,Venta sin efectivo,Banca y pagos,Finanzas y operaciones bancarias,,,,,Término bilingüe utilizado en contextos de finanzas y operaciones bancarias.,,,Finance and Insurance Vocabulary,documento-local:finance-insurance-vocabulary-source,Borrador,,,"Importado del glosario proporcionado por el usuario, página 2.",Término,,,Venta sin efectivo,,,,Media,,Intermedia,Demo,2026-07-17,2026-07-17,2026-07-17,1.0,"Importación de vocabulario financiero, bancario, seguros, automotriz y asistencia pública"
217,Ceiling price,Precio tope,Banca y pagos,Finanzas y operaciones bancarias,,,,,Término bilingüe utilizado en contextos de finanzas y operaciones bancarias.,,,Finance and Insurance Vocabulary,documento-local:finance-insurance-vocabulary-source,Borrador,,,"Importado del glosario proporcionado por el usuario, página 2.",Término,,,Precio tope,,,,Media,,Intermedia,Demo,2026-07-17,2026-07-17,2026-07-17,1.0,"Importación de vocabulario financiero, bancario, seguros, automotriz y asistencia pública"
218,Certificates of Deposit,Certificados de depósito,Legal,Documentos y procedimientos,,,,,Término bilingüe utilizado en contextos de documentos y procedimientos.,,,Finance and Insurance Vocabulary,documento-local:finance-insurance-vocabulary-source,Borrador,,,"Importado del glosario proporcionado por el usuario, página 2.",Término,,,Certificados de depósito,,,,Media,,Intermedia,Demo,2026-07-17,2026-07-17,2026-07-17,1.0,"Importación de vocabulario financiero, bancario, seguros, automotriz y asistencia pública"
219,Charge-off (debt0,Pérdidas en préstamos; deuda castigada,Legal,Documentos y procedimientos,,,,,Término bilingüe utilizado en contextos de documentos y procedimientos.,,,Finance and Insurance Vocabulary,documento-local:finance-insurance-vocabulary-source,Borrador,,,"Importado del glosario proporcionado por el usuario, página 2.",Término,,,Pérdidas en préstamos; deuda castigada,,,,Media,,Intermedia,Demo,2026-07-17,2026-07-17,2026-07-17,1.0,"Importación de vocabulario financiero, bancario, seguros, automotriz y asistencia pública"
220,Check has cleared,Cheque ha sido cobrado,Banca y pagos,Finanzas y operaciones bancarias,,,,,Término bilingüe utilizado en contextos de finanzas y operaciones bancarias.,,,Finance and Insurance Vocabulary,documento-local:finance-insurance-vocabulary-source,Borrador,,,"Importado del glosario proporcionado por el usuario, página 2.",Término,,,Cheque ha sido cobrado,,,,Media,,Intermedia,Demo,2026-07-17,2026-07-17,2026-07-17,1.0,"Importación de vocabulario financiero, bancario, seguros, automotriz y asistencia pública"
221,"Closing costs, closing fee",Gastos de cierre,Banca y pagos,Finanzas y operaciones bancarias,,,,,Término bilingüe utilizado en contextos de finanzas y operaciones bancarias.,,,Finance and Insurance Vocabulary,documento-local:finance-insurance-vocabulary-source,Borrador,,,"Importado del glosario proporcionado por el usuario, página 2.",Término,,,Gastos de cierre,,,,Media,,Intermedia,Demo,2026-07-17,2026-07-17,2026-07-17,1.0,"Importación de vocabulario financiero, bancario, seguros, automotriz y asistencia pública"
222,Co-applicant,Co-solicitante,Banca y pagos,Finanzas y operaciones bancarias,,,,,Término bilingüe utilizado en contextos de finanzas y operaciones bancarias.,,,Finance and Insurance Vocabulary,documento-local:finance-insurance-vocabulary-source,Borrador,,,"Importado del glosario proporcionado por el usuario, página 2.",Término,,,Co-solicitante,,,,Media,,Intermedia,Demo,2026-07-17,2026-07-17,2026-07-17,1.0,"Importación de vocabulario financiero, bancario, seguros, automotriz y asistencia pública"
223,Co-owner,Copropietaria,Banca y pagos,Finanzas y operaciones bancarias,,,,,Término bilingüe utilizado en contextos de finanzas y operaciones bancarias.,,,Finance and Insurance Vocabulary,documento-local:finance-insurance-vocabulary-source,Borrador,,,"Importado del glosario proporcionado por el usuario, página 2.",Término,,,Copropietaria,,,,Media,,Intermedia,Demo,2026-07-17,2026-07-17,2026-07-17,1.0,"Importación de vocabulario financiero, bancario, seguros, automotriz y asistencia pública"
224,Co-sign,Firmar como aval o fiador,Banca y pagos,Finanzas y operaciones bancarias,,,,,Término bilingüe utilizado en contextos de finanzas y operaciones bancarias.,,,Finance and Insurance Vocabulary,documento-local:finance-insurance-vocabulary-source,Borrador,,,"Importado del glosario proporcionado por el usuario, página 2.",Término,,,Firmar como aval o fiador,,,,Media,,Intermedia,Demo,2026-07-17,2026-07-17,2026-07-17,1.0,"Importación de vocabulario financiero, bancario, seguros, automotriz y asistencia pública"
225,Co-signer,Fiador,Banca y pagos,Crédito y préstamos,,,,,Término bilingüe utilizado en contextos de crédito y préstamos.,,,Finance and Insurance Vocabulary,documento-local:finance-insurance-vocabulary-source,Borrador,,,"Importado del glosario proporcionado por el usuario, página 2.",Término,,,Fiador,,,,Media,,Intermedia,Demo,2026-07-17,2026-07-17,2026-07-17,1.0,"Importación de vocabulario financiero, bancario, seguros, automotriz y asistencia pública"
226,Collateral,"Garantía, propiedad en garantía",Banca y pagos,Crédito y préstamos,,,,,Término bilingüe utilizado en contextos de crédito y préstamos.,,,Finance and Insurance Vocabulary,documento-local:finance-insurance-vocabulary-source,Borrador,,,"Importado del glosario proporcionado por el usuario, página 2.",Término,,,"Garantía, propiedad en garantía",,,,Media,,Intermedia,Demo,2026-07-17,2026-07-17,2026-07-17,1.0,"Importación de vocabulario financiero, bancario, seguros, automotriz y asistencia pública"
227,Collections agency,Agencia de cobranzas,Banca y pagos,Finanzas y operaciones bancarias,,,,,Término bilingüe utilizado en contextos de finanzas y operaciones bancarias.,,,Finance and Insurance Vocabulary,documento-local:finance-insurance-vocabulary-source,Borrador,,,"Importado del glosario proporcionado por el usuario, página 2.",Término,,,Agencia de cobranzas,,,,Media,,Intermedia,Demo,2026-07-17,2026-07-17,2026-07-17,1.0,"Importación de vocabulario financiero, bancario, seguros, automotriz y asistencia pública"
228,Common stocks,Acciones comunes,Banca y pagos,Inversiones,,,,,Término bilingüe utilizado en contextos de inversiones.,,,Finance and Insurance Vocabulary,documento-local:finance-insurance-vocabulary-source,Borrador,,,"Importado del glosario proporcionado por el usuario, página 2.",Término,,,Acciones comunes,,,,Media,,Intermedia,Demo,2026-07-17,2026-07-17,2026-07-17,1.0,"Importación de vocabulario financiero, bancario, seguros, automotriz y asistencia pública"
229,Compound interest,Interés compuesto,Banca y pagos,Finanzas y operaciones bancarias,,,,,Término bilingüe utilizado en contextos de finanzas y operaciones bancarias.,,,Finance and Insurance Vocabulary,documento-local:finance-insurance-vocabulary-source,Borrador,,,"Importado del glosario proporcionado por el usuario, página 2.",Término,,,Interés compuesto,,,,Media,,Intermedia,Demo,2026-07-17,2026-07-17,2026-07-17,1.0,"Importación de vocabulario financiero, bancario, seguros, automotriz y asistencia pública"
230,Compound interest rate,Tasa de interés compuesto,Banca y pagos,Crédito y préstamos,,,,,Término bilingüe utilizado en contextos de crédito y préstamos.,,,Finance and Insurance Vocabulary,documento-local:finance-insurance-vocabulary-source,Borrador,,,"Importado del glosario proporcionado por el usuario, página 2.",Término,,,Tasa de interés compuesto,,,,Media,,Intermedia,Demo,2026-07-17,2026-07-17,2026-07-17,1.0,"Importación de vocabulario financiero, bancario, seguros, automotriz y asistencia pública"
231,Consumer Credit Report,Reporte de crédito del consumidor,Banca y pagos,Crédito y préstamos,,,,,Término bilingüe utilizado en contextos de crédito y préstamos.,,,Finance and Insurance Vocabulary,documento-local:finance-insurance-vocabulary-source,Borrador,,,"Importado del glosario proporcionado por el usuario, página 2.",Término,,,Reporte de crédito del consumidor,,,,Media,,Intermedia,Demo,2026-07-17,2026-07-17,2026-07-17,1.0,"Importación de vocabulario financiero, bancario, seguros, automotriz y asistencia pública"
232,Consumer Price Index,Índice de precios al consumidor,Banca y pagos,Finanzas y operaciones bancarias,,,,,Término bilingüe utilizado en contextos de finanzas y operaciones bancarias.,,,Finance and Insurance Vocabulary,documento-local:finance-insurance-vocabulary-source,Borrador,,,"Importado del glosario proporcionado por el usuario, página 2.",Término,,,Índice de precios al consumidor,,,,Media,,Intermedia,Demo,2026-07-17,2026-07-17,2026-07-17,1.0,"Importación de vocabulario financiero, bancario, seguros, automotriz y asistencia pública"
233,Contribute (to),Aportar,Banca y pagos,Finanzas y operaciones bancarias,,,,,Término bilingüe utilizado en contextos de finanzas y operaciones bancarias.,,,Finance and Insurance Vocabulary,documento-local:finance-insurance-vocabulary-source,Borrador,,,"Importado del glosario proporcionado por el usuario, página 2.",Término,,,Aportar,,,,Media,,Intermedia,Demo,2026-07-17,2026-07-17,2026-07-17,1.0,"Importación de vocabulario financiero, bancario, seguros, automotriz y asistencia pública"
234,Contributions,Aportaciones,Banca y pagos,Finanzas y operaciones bancarias,,,,,Término bilingüe utilizado en contextos de finanzas y operaciones bancarias.,,,Finance and Insurance Vocabulary,documento-local:finance-insurance-vocabulary-source,Borrador,,,"Importado del glosario proporcionado por el usuario, página 2.",Término,,,Aportaciones,,,,Media,,Intermedia,Demo,2026-07-17,2026-07-17,2026-07-17,1.0,"Importación de vocabulario financiero, bancario, seguros, automotriz y asistencia pública"
235,Conventional loan,Préstamo corriente; acostumbrado,Banca y pagos,Crédito y préstamos,,,,,Término bilingüe utilizado en contextos de crédito y préstamos.,,,Finance and Insurance Vocabulary,documento-local:finance-insurance-vocabulary-source,Borrador,,,"Importado del glosario proporcionado por el usuario, página 2.",Término,,,Préstamo corriente; acostumbrado,,,,Media,,Intermedia,Demo,2026-07-17,2026-07-17,2026-07-17,1.0,"Importación de vocabulario financiero, bancario, seguros, automotriz y asistencia pública"
236,Credit bureau rating,Clasificación crediticia,Banca y pagos,Crédito y préstamos,,,,,Término bilingüe utilizado en contextos de crédito y préstamos.,,,Finance and Insurance Vocabulary,documento-local:finance-insurance-vocabulary-source,Borrador,,,"Importado del glosario proporcionado por el usuario, página 2.",Término,,,Clasificación crediticia,,,,Media,,Intermedia,Demo,2026-07-17,2026-07-17,2026-07-17,1.0,"Importación de vocabulario financiero, bancario, seguros, automotriz y asistencia pública"
237,Credit Bureau.,Agencia de información de crédito,Banca y pagos,Crédito y préstamos,,,,,Término bilingüe utilizado en contextos de crédito y préstamos.,,,Finance and Insurance Vocabulary,documento-local:finance-insurance-vocabulary-source,Borrador,,,"Importado del glosario proporcionado por el usuario, página 2.",Término,,,Agencia de información de crédito,,,,Media,,Intermedia,Demo,2026-07-17,2026-07-17,2026-07-17,1.0,"Importación de vocabulario financiero, bancario, seguros, automotriz y asistencia pública"
238,"Credit check, (to do)",Investigación de crédito (realizar una),Banca y pagos,Crédito y préstamos,,,,,Término bilingüe utilizado en contextos de crédito y préstamos.,,,Finance and Insurance Vocabulary,documento-local:finance-insurance-vocabulary-source,Borrador,,,"Importado del glosario proporcionado por el usuario, página 2.",Término,,,Investigación de crédito (realizar una),,,,Media,,Intermedia,Demo,2026-07-17,2026-07-17,2026-07-17,1.0,"Importación de vocabulario financiero, bancario, seguros, automotriz y asistencia pública"
239,Credit grantor,Otorgante de crédito,Banca y pagos,Crédito y préstamos,,,,,Término bilingüe utilizado en contextos de crédito y préstamos.,,,Finance and Insurance Vocabulary,documento-local:finance-insurance-vocabulary-source,Borrador,,,"Importado del glosario proporcionado por el usuario, página 2.",Término,,,Otorgante de crédito,,,,Media,,Intermedia,Demo,2026-07-17,2026-07-17,2026-07-17,1.0,"Importación de vocabulario financiero, bancario, seguros, automotriz y asistencia pública"
240,Credit rating,Clasificación de crédito,Banca y pagos,Crédito y préstamos,,,,,Término bilingüe utilizado en contextos de crédito y préstamos.,,,Finance and Insurance Vocabulary,documento-local:finance-insurance-vocabulary-source,Borrador,,,"Importado del glosario proporcionado por el usuario, página 2.",Término,,,Clasificación de crédito,,,,Media,,Intermedia,Demo,2026-07-17,2026-07-17,2026-07-17,1.0,"Importación de vocabulario financiero, bancario, seguros, automotriz y asistencia pública"
241,Credit report,Reporte de crédito,Banca y pagos,Crédito y préstamos,,,,,Término bilingüe utilizado en contextos de crédito y préstamos.,,,Finance and Insurance Vocabulary,documento-local:finance-insurance-vocabulary-source,Borrador,,,"Importado del glosario proporcionado por el usuario, página 2.",Término,,,Reporte de crédito,,,,Media,,Intermedia,Demo,2026-07-17,2026-07-17,2026-07-17,1.0,"Importación de vocabulario financiero, bancario, seguros, automotriz y asistencia pública"
242,Credit scoring,Puntaje de crédito,Banca y pagos,Crédito y préstamos,,,,,Término bilingüe utilizado en contextos de crédito y préstamos.,,,Finance and Insurance Vocabulary,documento-local:finance-insurance-vocabulary-source,Borrador,,,"Importado del glosario proporcionado por el usuario, página 2.",Término,,,Puntaje de crédito,,,,Media,,Intermedia,Demo,2026-07-17,2026-07-17,2026-07-17,1.0,"Importación de vocabulario financiero, bancario, seguros, automotriz y asistencia pública"
243,Credit standing,Reputación crediticia,Banca y pagos,Crédito y préstamos,,,,,Término bilingüe utilizado en contextos de crédito y préstamos.,,,Finance and Insurance Vocabulary,documento-local:finance-insurance-vocabulary-source,Borrador,,,"Importado del glosario proporcionado por el usuario, página 2.",Término,,,Reputación crediticia,,,,Media,,Intermedia,Demo,2026-07-17,2026-07-17,2026-07-17,1.0,"Importación de vocabulario financiero, bancario, seguros, automotriz y asistencia pública"
244,Creditworthiness,Reputación en materia de crédito,Banca y pagos,Crédito y préstamos,,,,,Término bilingüe utilizado en contextos de crédito y préstamos.,,,Finance and Insurance Vocabulary,documento-local:finance-insurance-vocabulary-source,Borrador,,,"Importado del glosario proporcionado por el usuario, página 2.",Término,,,Reputación en materia de crédito,,,,Media,,Intermedia,Demo,2026-07-17,2026-07-17,2026-07-17,1.0,"Importación de vocabulario financiero, bancario, seguros, automotriz y asistencia pública"
245,Currency,Moneda,Banca y pagos,Finanzas y operaciones bancarias,,,,,Término bilingüe utilizado en contextos de finanzas y operaciones bancarias.,,,Finance and Insurance Vocabulary,documento-local:finance-insurance-vocabulary-source,Borrador,,,"Importado del glosario proporcionado por el usuario, página 2.",Término,,,Moneda,,,,Media,,Intermedia,Demo,2026-07-17,2026-07-17,2026-07-17,1.0,"Importación de vocabulario financiero, bancario, seguros, automotriz y asistencia pública"
246,Currency conversion loss,Pérdida en la transferencia de la moneda,Banca y pagos,Finanzas y operaciones bancarias,,,,,Término bilingüe utilizado en contextos de finanzas y operaciones bancarias.,,,Finance and Insurance Vocabulary,documento-local:finance-insurance-vocabulary-source,Borrador,,,"Importado del glosario proporcionado por el usuario, página 2.",Término,,,Pérdida en la transferencia de la moneda,,,,Media,,Intermedia,Demo,2026-07-17,2026-07-17,2026-07-17,1.0,"Importación de vocabulario financiero, bancario, seguros, automotriz y asistencia pública"
247,Currency devaluation,Devaluación de la moneda,Banca y pagos,Finanzas y operaciones bancarias,,,,,Término bilingüe utilizado en contextos de finanzas y operaciones bancarias.,,,Finance and Insurance Vocabulary,documento-local:finance-insurance-vocabulary-source,Borrador,,,"Importado del glosario proporcionado por el usuario, página 2.",Término,,,Devaluación de la moneda,,,,Media,,Intermedia,Demo,2026-07-17,2026-07-17,2026-07-17,1.0,"Importación de vocabulario financiero, bancario, seguros, automotriz y asistencia pública"
248,Current yield,Rendimiento actual,Banca y pagos,Inversiones,,,,,Término bilingüe utilizado en contextos de inversiones.,,,Finance and Insurance Vocabulary,documento-local:finance-insurance-vocabulary-source,Borrador,,,"Importado del glosario proporcionado por el usuario, página 2.",Término,,,Rendimiento actual,,,,Media,,Intermedia,Demo,2026-07-17,2026-07-17,2026-07-17,1.0,"Importación de vocabulario financiero, bancario, seguros, automotriz y asistencia pública"
249,Customs broker,Agente aduanal,Banca y pagos,Finanzas y operaciones bancarias,,,,,Término bilingüe utilizado en contextos de finanzas y operaciones bancarias.,,,Finance and Insurance Vocabulary,documento-local:finance-insurance-vocabulary-source,Borrador,,,"Importado del glosario proporcionado por el usuario, página 2.",Término,,,Agente aduanal,,,,Media,,Intermedia,Demo,2026-07-17,2026-07-17,2026-07-17,1.0,"Importación de vocabulario financiero, bancario, seguros, automotriz y asistencia pública"
250,Debit balance,Saldo deudor,Banca y pagos,Finanzas y operaciones bancarias,,,,,Término bilingüe utilizado en contextos de finanzas y operaciones bancarias.,,,Finance and Insurance Vocabulary,documento-local:finance-insurance-vocabulary-source,Borrador,,,"Importado del glosario proporcionado por el usuario, página 2.",Término,,,Saldo deudor,,,,Media,,Intermedia,Demo,2026-07-17,2026-07-17,2026-07-17,1.0,"Importación de vocabulario financiero, bancario, seguros, automotriz y asistencia pública"
251,Deed,Escritura (casa),Legal,Documentos y procedimientos,,,,,Término bilingüe utilizado en contextos de documentos y procedimientos.,,,Finance and Insurance Vocabulary,documento-local:finance-insurance-vocabulary-source,Borrador,,,"Importado del glosario proporcionado por el usuario, página 3.",Término,,,Escritura (casa),,,,Media,,Intermedia,Demo,2026-07-17,2026-07-17,2026-07-17,1.0,"Importación de vocabulario financiero, bancario, seguros, automotriz y asistencia pública"
252,Default (in payment),"Incumplimiento, mora, falta de pago",Banca y pagos,Finanzas y operaciones bancarias,,,,,Término bilingüe utilizado en contextos de finanzas y operaciones bancarias.,,,Finance and Insurance Vocabulary,documento-local:finance-insurance-vocabulary-source,Borrador,,,"Importado del glosario proporcionado por el usuario, página 3.",Término,,,"Incumplimiento, mora, falta de pago",,,,Media,,Intermedia,Demo,2026-07-17,2026-07-17,2026-07-17,1.0,"Importación de vocabulario financiero, bancario, seguros, automotriz y asistencia pública"
253,Deferred payment,Pago diferido,Banca y pagos,Finanzas y operaciones bancarias,,,,,Término bilingüe utilizado en contextos de finanzas y operaciones bancarias.,,,Finance and Insurance Vocabulary,documento-local:finance-insurance-vocabulary-source,Borrador,,,"Importado del glosario proporcionado por el usuario, página 3.",Término,,,Pago diferido,,,,Media,,Intermedia,Demo,2026-07-17,2026-07-17,2026-07-17,1.0,"Importación de vocabulario financiero, bancario, seguros, automotriz y asistencia pública"
254,Delay in paying a bill or account,Demorarse en pagar una cuenta,Banca y pagos,Finanzas y operaciones bancarias,,,,,Término bilingüe utilizado en contextos de finanzas y operaciones bancarias.,,,Finance and Insurance Vocabulary,documento-local:finance-insurance-vocabulary-source,Borrador,,,"Importado del glosario proporcionado por el usuario, página 3.",Término,,,Demorarse en pagar una cuenta,,,,Media,,Intermedia,Demo,2026-07-17,2026-07-17,2026-07-17,1.0,"Importación de vocabulario financiero, bancario, seguros, automotriz y asistencia pública"
255,Delinquent payment,"Pago moroso, con atrasos",Banca y pagos,Crédito y préstamos,,,,,Término bilingüe utilizado en contextos de crédito y préstamos.,,,Finance and Insurance Vocabulary,documento-local:finance-insurance-vocabulary-source,Borrador,,,"Importado del glosario proporcionado por el usuario, página 3.",Término,,,"Pago moroso, con atrasos",,,,Media,,Intermedia,Demo,2026-07-17,2026-07-17,2026-07-17,1.0,"Importación de vocabulario financiero, bancario, seguros, automotriz y asistencia pública"
256,Derogatory report,Reporte que desacredita; malas referencias,Banca y pagos,Finanzas y operaciones bancarias,,,,,Término bilingüe utilizado en contextos de finanzas y operaciones bancarias.,,,Finance and Insurance Vocabulary,documento-local:finance-insurance-vocabulary-source,Borrador,,,"Importado del glosario proporcionado por el usuario, página 3.",Término,,,Reporte que desacredita; malas referencias,,,,Media,,Intermedia,Demo,2026-07-17,2026-07-17,2026-07-17,1.0,"Importación de vocabulario financiero, bancario, seguros, automotriz y asistencia pública"
257,Disability,Incapacidad,Banca y pagos,Finanzas y operaciones bancarias,,,,,Término bilingüe utilizado en contextos de finanzas y operaciones bancarias.,,,Finance and Insurance Vocabulary,documento-local:finance-insurance-vocabulary-source,Borrador,,,"Importado del glosario proporcionado por el usuario, página 3.",Término,,,Incapacidad,,,,Media,,Intermedia,Demo,2026-07-17,2026-07-17,2026-07-17,1.0,"Importación de vocabulario financiero, bancario, seguros, automotriz y asistencia pública"
258,Disclaimer,Declinación de responsabilidad,Legal,Documentos y procedimientos,,,,,Término bilingüe utilizado en contextos de documentos y procedimientos.,,,Finance and Insurance Vocabulary,documento-local:finance-insurance-vocabulary-source,Borrador,,,"Importado del glosario proporcionado por el usuario, página 3.",Término,,,Declinación de responsabilidad,,,,Media,,Intermedia,Demo,2026-07-17,2026-07-17,2026-07-17,1.0,"Importación de vocabulario financiero, bancario, seguros, automotriz y asistencia pública"
259,Disclosure,Declaración,Legal,Documentos y procedimientos,,,,,Término bilingüe utilizado en contextos de documentos y procedimientos.,,,Finance and Insurance Vocabulary,documento-local:finance-insurance-vocabulary-source,Borrador,,,"Importado del glosario proporcionado por el usuario, página 3.",Término,,,Declaración,,,,Media,,Intermedia,Demo,2026-07-17,2026-07-17,2026-07-17,1.0,"Importación de vocabulario financiero, bancario, seguros, automotriz y asistencia pública"
260,Down payment,Enganche,Banca y pagos,Hipotecas y bienes raíces,,,,,Término bilingüe utilizado en contextos de hipotecas y bienes raíces.,,,Finance and Insurance Vocabulary,documento-local:finance-insurance-vocabulary-source,Borrador,,,"Importado del glosario proporcionado por el usuario, página 3.",Término,,,Enganche,,,,Media,,Intermedia,Demo,2026-07-17,2026-07-17,2026-07-17,1.0,"Importación de vocabulario financiero, bancario, seguros, automotriz y asistencia pública"
261,Early withdrawal penalty,Multa por retiro prematuro,Banca y pagos,Finanzas y operaciones bancarias,,,,,Término bilingüe utilizado en contextos de finanzas y operaciones bancarias.,,,Finance and Insurance Vocabulary,documento-local:finance-insurance-vocabulary-source,Borrador,,,"Importado del glosario proporcionado por el usuario, página 3.",Término,,,Multa por retiro prematuro,,,,Media,,Intermedia,Demo,2026-07-17,2026-07-17,2026-07-17,1.0,"Importación de vocabulario financiero, bancario, seguros, automotriz y asistencia pública"
262,Earned income,Ingreso devengado,Banca y pagos,Finanzas y operaciones bancarias,,,,,Término bilingüe utilizado en contextos de finanzas y operaciones bancarias.,,,Finance and Insurance Vocabulary,documento-local:finance-insurance-vocabulary-source,Borrador,,,"Importado del glosario proporcionado por el usuario, página 3.",Término,,,Ingreso devengado,,,,Media,,Intermedia,Demo,2026-07-17,2026-07-17,2026-07-17,1.0,"Importación de vocabulario financiero, bancario, seguros, automotriz y asistencia pública"
263,Earning power,Poder adquisitivo,Legal,Documentos y procedimientos,,,,,Término bilingüe utilizado en contextos de documentos y procedimientos.,,,Finance and Insurance Vocabulary,documento-local:finance-insurance-vocabulary-source,Borrador,,,"Importado del glosario proporcionado por el usuario, página 3.",Término,,,Poder adquisitivo,,,,Media,,Intermedia,Demo,2026-07-17,2026-07-17,2026-07-17,1.0,"Importación de vocabulario financiero, bancario, seguros, automotriz y asistencia pública"
264,"Earnings, profit; income","Ingresos, ganancias",Legal,Documentos y procedimientos,,,,,Término bilingüe utilizado en contextos de documentos y procedimientos.,,,Finance and Insurance Vocabulary,documento-local:finance-insurance-vocabulary-source,Borrador,,,"Importado del glosario proporcionado por el usuario, página 3.",Término,,,"Ingresos, ganancias",,,,Media,,Intermedia,Demo,2026-07-17,2026-07-17,2026-07-17,1.0,"Importación de vocabulario financiero, bancario, seguros, automotriz y asistencia pública"
265,Earnings/debt ratio,Porcentaje de ingresos comparado con deudas,Banca y pagos,Crédito y préstamos,,,,,Término bilingüe utilizado en contextos de crédito y préstamos.,,,Finance and Insurance Vocabulary,documento-local:finance-insurance-vocabulary-source,Borrador,,,"Importado del glosario proporcionado por el usuario, página 3.",Término,,,Porcentaje de ingresos comparado con deudas,,,,Media,,Intermedia,Demo,2026-07-17,2026-07-17,2026-07-17,1.0,"Importación de vocabulario financiero, bancario, seguros, automotriz y asistencia pública"
266,Endorse,Endosar,Banca y pagos,Finanzas y operaciones bancarias,,,,,Término bilingüe utilizado en contextos de finanzas y operaciones bancarias.,,,Finance and Insurance Vocabulary,documento-local:finance-insurance-vocabulary-source,Borrador,,,"Importado del glosario proporcionado por el usuario, página 3.",Término,,,Endosar,,,,Media,,Intermedia,Demo,2026-07-17,2026-07-17,2026-07-17,1.0,"Importación de vocabulario financiero, bancario, seguros, automotriz y asistencia pública"
267,Equity,Capital; valor no comprometido de una propiedad,Banca y pagos,Finanzas y operaciones bancarias,,,,,Término bilingüe utilizado en contextos de finanzas y operaciones bancarias.,,,Finance and Insurance Vocabulary,documento-local:finance-insurance-vocabulary-source,Borrador,,,"Importado del glosario proporcionado por el usuario, página 3.",Término,,,Capital; valor no comprometido de una propiedad,,,,Media,,Intermedia,Demo,2026-07-17,2026-07-17,2026-07-17,1.0,"Importación de vocabulario financiero, bancario, seguros, automotriz y asistencia pública"
268,Equity funds,Fondo de inversión en acciones,Banca y pagos,Finanzas y operaciones bancarias,,,,,Término bilingüe utilizado en contextos de finanzas y operaciones bancarias.,,,Finance and Insurance Vocabulary,documento-local:finance-insurance-vocabulary-source,Borrador,,,"Importado del glosario proporcionado por el usuario, página 3.",Término,,,Fondo de inversión en acciones,,,,Media,,Intermedia,Demo,2026-07-17,2026-07-17,2026-07-17,1.0,"Importación de vocabulario financiero, bancario, seguros, automotriz y asistencia pública"
269,Escrow account,Fondo o cuenta de depósito en garantía; en custodia,Banca y pagos,Hipotecas y bienes raíces,,,,,Término bilingüe utilizado en contextos de hipotecas y bienes raíces.,,,Finance and Insurance Vocabulary,documento-local:finance-insurance-vocabulary-source,Borrador,,,"Importado del glosario proporcionado por el usuario, página 3.",Término,,,Fondo o cuenta de depósito en garantía; en custodia,,,,Media,,Intermedia,Demo,2026-07-17,2026-07-17,2026-07-17,1.0,"Importación de vocabulario financiero, bancario, seguros, automotriz y asistencia pública"
270,Estate,Patrimonio; sucesión de bienes; capital testado,Banca y pagos,Finanzas y operaciones bancarias,,,,,Término bilingüe utilizado en contextos de finanzas y operaciones bancarias.,,,Finance and Insurance Vocabulary,documento-local:finance-insurance-vocabulary-source,Borrador,,,"Importado del glosario proporcionado por el usuario, página 3.",Término,,,Patrimonio; sucesión de bienes; capital testado,,,,Media,,Intermedia,Demo,2026-07-17,2026-07-17,2026-07-17,1.0,"Importación de vocabulario financiero, bancario, seguros, automotriz y asistencia pública"
271,Estate tax,Impuesto por sucesión o herencia,Banca y pagos,Impuestos,,,,,Término bilingüe utilizado en contextos de impuestos.,,,Finance and Insurance Vocabulary,documento-local:finance-insurance-vocabulary-source,Borrador,,,"Importado del glosario proporcionado por el usuario, página 3.",Término,,,Impuesto por sucesión o herencia,,,,Media,,Intermedia,Demo,2026-07-17,2026-07-17,2026-07-17,1.0,"Importación de vocabulario financiero, bancario, seguros, automotriz y asistencia pública"
272,Exchange,Cambio,Banca y pagos,Finanzas y operaciones bancarias,,,,,Término bilingüe utilizado en contextos de finanzas y operaciones bancarias.,,,Finance and Insurance Vocabulary,documento-local:finance-insurance-vocabulary-source,Borrador,,,"Importado del glosario proporcionado por el usuario, página 3.",Término,,,Cambio,,,,Media,,Intermedia,Demo,2026-07-17,2026-07-17,2026-07-17,1.0,"Importación de vocabulario financiero, bancario, seguros, automotriz y asistencia pública"
273,Exchange rate,Tipo de cambio,Banca y pagos,Finanzas y operaciones bancarias,,,,,Término bilingüe utilizado en contextos de finanzas y operaciones bancarias.,,,Finance and Insurance Vocabulary,documento-local:finance-insurance-vocabulary-source,Borrador,,,"Importado del glosario proporcionado por el usuario, página 3.",Término,,,Tipo de cambio,,,,Media,,Intermedia,Demo,2026-07-17,2026-07-17,2026-07-17,1.0,"Importación de vocabulario financiero, bancario, seguros, automotriz y asistencia pública"
274,Executor under will,Albacea en un testamento,Legal,Documentos y procedimientos,,,,,Término bilingüe utilizado en contextos de documentos y procedimientos.,,,Finance and Insurance Vocabulary,documento-local:finance-insurance-vocabulary-source,Borrador,,,"Importado del glosario proporcionado por el usuario, página 3.",Término,,,Albacea en un testamento,,,,Media,,Intermedia,Demo,2026-07-17,2026-07-17,2026-07-17,1.0,"Importación de vocabulario financiero, bancario, seguros, automotriz y asistencia pública"
275,Exercise,"Ejercicio, ejercer",Banca y pagos,Finanzas y operaciones bancarias,,,,,Término bilingüe utilizado en contextos de finanzas y operaciones bancarias.,,,Finance and Insurance Vocabulary,documento-local:finance-insurance-vocabulary-source,Borrador,,,"Importado del glosario proporcionado por el usuario, página 3.",Término,,,"Ejercicio, ejercer",,,,Media,,Intermedia,Demo,2026-07-17,2026-07-17,2026-07-17,1.0,"Importación de vocabulario financiero, bancario, seguros, automotriz y asistencia pública"
276,Exercise fees,Cargos de ejercicio,Banca y pagos,Finanzas y operaciones bancarias,,,,,Término bilingüe utilizado en contextos de finanzas y operaciones bancarias.,,,Finance and Insurance Vocabulary,documento-local:finance-insurance-vocabulary-source,Borrador,,,"Importado del glosario proporcionado por el usuario, página 3.",Término,,,Cargos de ejercicio,,,,Media,,Intermedia,Demo,2026-07-17,2026-07-17,2026-07-17,1.0,"Importación de vocabulario financiero, bancario, seguros, automotriz y asistencia pública"
277,Expenditures,Gastos; desembolsos,Banca y pagos,Finanzas y operaciones bancarias,,,,,Término bilingüe utilizado en contextos de finanzas y operaciones bancarias.,,,Finance and Insurance Vocabulary,documento-local:finance-insurance-vocabulary-source,Borrador,,,"Importado del glosario proporcionado por el usuario, página 3.",Término,,,Gastos; desembolsos,,,,Media,,Intermedia,Demo,2026-07-17,2026-07-17,2026-07-17,1.0,"Importación de vocabulario financiero, bancario, seguros, automotriz y asistencia pública"
278,Expenses,Gastos,Banca y pagos,Finanzas y operaciones bancarias,,,,,Término bilingüe utilizado en contextos de finanzas y operaciones bancarias.,,,Finance and Insurance Vocabulary,documento-local:finance-insurance-vocabulary-source,Borrador,,,"Importado del glosario proporcionado por el usuario, página 3.",Término,,,Gastos,,,,Media,,Intermedia,Demo,2026-07-17,2026-07-17,2026-07-17,1.0,"Importación de vocabulario financiero, bancario, seguros, automotriz y asistencia pública"
279,Expire,vence,Banca y pagos,Finanzas y operaciones bancarias,,,,,Término bilingüe utilizado en contextos de finanzas y operaciones bancarias.,,,Finance and Insurance Vocabulary,documento-local:finance-insurance-vocabulary-source,Borrador,,,"Importado del glosario proporcionado por el usuario, página 3.",Término,,,vence,,,,Media,,Intermedia,Demo,2026-07-17,2026-07-17,2026-07-17,1.0,"Importación de vocabulario financiero, bancario, seguros, automotriz y asistencia pública"
280,Export carrier,Compañía de exportación,Banca y pagos,Finanzas y operaciones bancarias,,,,,Término bilingüe utilizado en contextos de finanzas y operaciones bancarias.,,,Finance and Insurance Vocabulary,documento-local:finance-insurance-vocabulary-source,Borrador,,,"Importado del glosario proporcionado por el usuario, página 3.",Término,,,Compañía de exportación,,,,Media,,Intermedia,Demo,2026-07-17,2026-07-17,2026-07-17,1.0,"Importación de vocabulario financiero, bancario, seguros, automotriz y asistencia pública"
281,Face value,Valor nominal,Banca y pagos,Finanzas y operaciones bancarias,,,,,Término bilingüe utilizado en contextos de finanzas y operaciones bancarias.,,,Finance and Insurance Vocabulary,documento-local:finance-insurance-vocabulary-source,Borrador,,,"Importado del glosario proporcionado por el usuario, página 3.",Término,,,Valor nominal,,,,Media,,Intermedia,Demo,2026-07-17,2026-07-17,2026-07-17,1.0,"Importación de vocabulario financiero, bancario, seguros, automotriz y asistencia pública"
282,Fair Market,"Valor (justo, razonable) en el mercado",Legal,Documentos y procedimientos,,,,,Término bilingüe utilizado en contextos de documentos y procedimientos.,,,Finance and Insurance Vocabulary,documento-local:finance-insurance-vocabulary-source,Borrador,,,"Importado del glosario proporcionado por el usuario, página 3.",Término,,,"Valor (justo, razonable) en el mercado",,,,Media,,Intermedia,Demo,2026-07-17,2026-07-17,2026-07-17,1.0,"Importación de vocabulario financiero, bancario, seguros, automotriz y asistencia pública"
283,Fees,Cargos; honorarios,Banca y pagos,Finanzas y operaciones bancarias,,,,,Término bilingüe utilizado en contextos de finanzas y operaciones bancarias.,,,Finance and Insurance Vocabulary,documento-local:finance-insurance-vocabulary-source,Borrador,,,"Importado del glosario proporcionado por el usuario, página 3.",Término,,,Cargos; honorarios,,,,Media,,Intermedia,Demo,2026-07-17,2026-07-17,2026-07-17,1.0,"Importación de vocabulario financiero, bancario, seguros, automotriz y asistencia pública"
284,Filing,Declarar; presentar una declaración,Banca y pagos,Finanzas y operaciones bancarias,,,,,Término bilingüe utilizado en contextos de finanzas y operaciones bancarias.,,,Finance and Insurance Vocabulary,documento-local:finance-insurance-vocabulary-source,Borrador,,,"Importado del glosario proporcionado por el usuario, página 3.",Término,,,Declarar; presentar una declaración,,,,Media,,Intermedia,Demo,2026-07-17,2026-07-17,2026-07-17,1.0,"Importación de vocabulario financiero, bancario, seguros, automotriz y asistencia pública"
285,Finance statement,Estado de cuenta financiero,Banca y pagos,Finanzas y operaciones bancarias,,,,,Término bilingüe utilizado en contextos de finanzas y operaciones bancarias.,,,Finance and Insurance Vocabulary,documento-local:finance-insurance-vocabulary-source,Borrador,,,"Importado del glosario proporcionado por el usuario, página 3.",Término,,,Estado de cuenta financiero,,,,Media,,Intermedia,Demo,2026-07-17,2026-07-17,2026-07-17,1.0,"Importación de vocabulario financiero, bancario, seguros, automotriz y asistencia pública"
286,Financial goal,Meta financiera,Banca y pagos,Finanzas y operaciones bancarias,,,,,Término bilingüe utilizado en contextos de finanzas y operaciones bancarias.,,,Finance and Insurance Vocabulary,documento-local:finance-insurance-vocabulary-source,Borrador,,,"Importado del glosario proporcionado por el usuario, página 4.",Término,,,Meta financiera,,,,Media,,Intermedia,Demo,2026-07-17,2026-07-17,2026-07-17,1.0,"Importación de vocabulario financiero, bancario, seguros, automotriz y asistencia pública"
287,Financial status,Estado financiero,Banca y pagos,Finanzas y operaciones bancarias,,,,,Término bilingüe utilizado en contextos de finanzas y operaciones bancarias.,,,Finance and Insurance Vocabulary,documento-local:finance-insurance-vocabulary-source,Borrador,,,"Importado del glosario proporcionado por el usuario, página 4.",Término,,,Estado financiero,,,,Media,,Intermedia,Demo,2026-07-17,2026-07-17,2026-07-17,1.0,"Importación de vocabulario financiero, bancario, seguros, automotriz y asistencia pública"
288,Fixed interest rate,Tasa de interés fijo,Banca y pagos,Crédito y préstamos,,,,,Término bilingüe utilizado en contextos de crédito y préstamos.,,,Finance and Insurance Vocabulary,documento-local:finance-insurance-vocabulary-source,Borrador,,,"Importado del glosario proporcionado por el usuario, página 4.",Término,,,Tasa de interés fijo,,,,Media,,Intermedia,Demo,2026-07-17,2026-07-17,2026-07-17,1.0,"Importación de vocabulario financiero, bancario, seguros, automotriz y asistencia pública"
289,Fixed monthly payment,Pago mensual fijo,Banca y pagos,Finanzas y operaciones bancarias,,,,,Término bilingüe utilizado en contextos de finanzas y operaciones bancarias.,,,Finance and Insurance Vocabulary,documento-local:finance-insurance-vocabulary-source,Borrador,,,"Importado del glosario proporcionado por el usuario, página 4.",Término,,,Pago mensual fijo,,,,Media,,Intermedia,Demo,2026-07-17,2026-07-17,2026-07-17,1.0,"Importación de vocabulario financiero, bancario, seguros, automotriz y asistencia pública"
290,Flat-fee refinance,Refinanciamiento con cuota fija,Banca y pagos,Crédito y préstamos,,,,,Término bilingüe utilizado en contextos de crédito y préstamos.,,,Finance and Insurance Vocabulary,documento-local:finance-insurance-vocabulary-source,Borrador,,,"Importado del glosario proporcionado por el usuario, página 4.",Término,,,Refinanciamiento con cuota fija,,,,Media,,Intermedia,Demo,2026-07-17,2026-07-17,2026-07-17,1.0,"Importación de vocabulario financiero, bancario, seguros, automotriz y asistencia pública"
291,Foreclosure,Ejecución de una hipoteca,Banca y pagos,Hipotecas y bienes raíces,,,,,Término bilingüe utilizado en contextos de hipotecas y bienes raíces.,,,Finance and Insurance Vocabulary,documento-local:finance-insurance-vocabulary-source,Borrador,,,"Importado del glosario proporcionado por el usuario, página 4.",Término,,,Ejecución de una hipoteca,,,,Media,,Intermedia,Demo,2026-07-17,2026-07-17,2026-07-17,1.0,"Importación de vocabulario financiero, bancario, seguros, automotriz y asistencia pública"
292,Foreign currency,Moneda extranjera,Banca y pagos,Finanzas y operaciones bancarias,,,,,Término bilingüe utilizado en contextos de finanzas y operaciones bancarias.,,,Finance and Insurance Vocabulary,documento-local:finance-insurance-vocabulary-source,Borrador,,,"Importado del glosario proporcionado por el usuario, página 4.",Término,,,Moneda extranjera,,,,Media,,Intermedia,Demo,2026-07-17,2026-07-17,2026-07-17,1.0,"Importación de vocabulario financiero, bancario, seguros, automotriz y asistencia pública"
293,Fully vested,Plenamente transferidas o adquiridas,Banca y pagos,Finanzas y operaciones bancarias,,,,,Término bilingüe utilizado en contextos de finanzas y operaciones bancarias.,,,Finance and Insurance Vocabulary,documento-local:finance-insurance-vocabulary-source,Borrador,,,"Importado del glosario proporcionado por el usuario, página 4.",Término,,,Plenamente transferidas o adquiridas,,,,Media,,Intermedia,Demo,2026-07-17,2026-07-17,2026-07-17,1.0,"Importación de vocabulario financiero, bancario, seguros, automotriz y asistencia pública"
294,Fund,Fondo,Banca y pagos,Finanzas y operaciones bancarias,,,,,Término bilingüe utilizado en contextos de finanzas y operaciones bancarias.,,,Finance and Insurance Vocabulary,documento-local:finance-insurance-vocabulary-source,Borrador,,,"Importado del glosario proporcionado por el usuario, página 4.",Término,,,Fondo,,,,Media,,Intermedia,Demo,2026-07-17,2026-07-17,2026-07-17,1.0,"Importación de vocabulario financiero, bancario, seguros, automotriz y asistencia pública"
295,Good standing,Buen crédito,Banca y pagos,Finanzas y operaciones bancarias,,,,,Término bilingüe utilizado en contextos de finanzas y operaciones bancarias.,,,Finance and Insurance Vocabulary,documento-local:finance-insurance-vocabulary-source,Borrador,,,"Importado del glosario proporcionado por el usuario, página 4.",Término,,,Buen crédito,,,,Media,,Intermedia,Demo,2026-07-17,2026-07-17,2026-07-17,1.0,"Importación de vocabulario financiero, bancario, seguros, automotriz y asistencia pública"
296,"Goods, commodities",Bienes,Banca y pagos,Finanzas y operaciones bancarias,,,,,Término bilingüe utilizado en contextos de finanzas y operaciones bancarias.,,,Finance and Insurance Vocabulary,documento-local:finance-insurance-vocabulary-source,Borrador,,,"Importado del glosario proporcionado por el usuario, página 4.",Término,,,Bienes,,,,Media,,Intermedia,Demo,2026-07-17,2026-07-17,2026-07-17,1.0,"Importación de vocabulario financiero, bancario, seguros, automotriz y asistencia pública"
297,Grant costs,Costo por otorgamiento,Banca y pagos,Finanzas y operaciones bancarias,,,,,Término bilingüe utilizado en contextos de finanzas y operaciones bancarias.,,,Finance and Insurance Vocabulary,documento-local:finance-insurance-vocabulary-source,Borrador,,,"Importado del glosario proporcionado por el usuario, página 4.",Término,,,Costo por otorgamiento,,,,Media,,Intermedia,Demo,2026-07-17,2026-07-17,2026-07-17,1.0,"Importación de vocabulario financiero, bancario, seguros, automotriz y asistencia pública"
298,Grant fees,Gastos por otorgamiento,Banca y pagos,Finanzas y operaciones bancarias,,,,,Término bilingüe utilizado en contextos de finanzas y operaciones bancarias.,,,Finance and Insurance Vocabulary,documento-local:finance-insurance-vocabulary-source,Borrador,,,"Importado del glosario proporcionado por el usuario, página 4.",Término,,,Gastos por otorgamiento,,,,Media,,Intermedia,Demo,2026-07-17,2026-07-17,2026-07-17,1.0,"Importación de vocabulario financiero, bancario, seguros, automotriz y asistencia pública"
299,Granted,Otorgado,Banca y pagos,Finanzas y operaciones bancarias,,,,,Término bilingüe utilizado en contextos de finanzas y operaciones bancarias.,,,Finance and Insurance Vocabulary,documento-local:finance-insurance-vocabulary-source,Borrador,,,"Importado del glosario proporcionado por el usuario, página 4.",Término,,,Otorgado,,,,Media,,Intermedia,Demo,2026-07-17,2026-07-17,2026-07-17,1.0,"Importación de vocabulario financiero, bancario, seguros, automotriz y asistencia pública"
300,Grantor,Otorgante,Banca y pagos,Finanzas y operaciones bancarias,,,,,Término bilingüe utilizado en contextos de finanzas y operaciones bancarias.,,,Finance and Insurance Vocabulary,documento-local:finance-insurance-vocabulary-source,Borrador,,,"Importado del glosario proporcionado por el usuario, página 4.",Término,,,Otorgante,,,,Media,,Intermedia,Demo,2026-07-17,2026-07-17,2026-07-17,1.0,"Importación de vocabulario financiero, bancario, seguros, automotriz y asistencia pública"
301,Gross annual income,Ingreso anual bruto,Banca y pagos,Finanzas y operaciones bancarias,,,,,Término bilingüe utilizado en contextos de finanzas y operaciones bancarias.,,,Finance and Insurance Vocabulary,documento-local:finance-insurance-vocabulary-source,Borrador,,,"Importado del glosario proporcionado por el usuario, página 4.",Término,,,Ingreso anual bruto,,,,Media,,Intermedia,Demo,2026-07-17,2026-07-17,2026-07-17,1.0,"Importación de vocabulario financiero, bancario, seguros, automotriz y asistencia pública"
302,Gross earnings,Ganancias brutas,Banca y pagos,Finanzas y operaciones bancarias,,,,,Término bilingüe utilizado en contextos de finanzas y operaciones bancarias.,,,Finance and Insurance Vocabulary,documento-local:finance-insurance-vocabulary-source,Borrador,,,"Importado del glosario proporcionado por el usuario, página 4.",Término,,,Ganancias brutas,,,,Media,,Intermedia,Demo,2026-07-17,2026-07-17,2026-07-17,1.0,"Importación de vocabulario financiero, bancario, seguros, automotriz y asistencia pública"
303,Gross income,Ingreso bruto,Banca y pagos,Finanzas y operaciones bancarias,,,,,Término bilingüe utilizado en contextos de finanzas y operaciones bancarias.,,,Finance and Insurance Vocabulary,documento-local:finance-insurance-vocabulary-source,Borrador,,,"Importado del glosario proporcionado por el usuario, página 4.",Término,,,Ingreso bruto,,,,Media,,Intermedia,Demo,2026-07-17,2026-07-17,2026-07-17,1.0,"Importación de vocabulario financiero, bancario, seguros, automotriz y asistencia pública"
304,Gross proceeds,Ganancias brutas,Banca y pagos,Finanzas y operaciones bancarias,,,,,Término bilingüe utilizado en contextos de finanzas y operaciones bancarias.,,,Finance and Insurance Vocabulary,documento-local:finance-insurance-vocabulary-source,Borrador,,,"Importado del glosario proporcionado por el usuario, página 4.",Término,,,Ganancias brutas,,,,Media,,Intermedia,Demo,2026-07-17,2026-07-17,2026-07-17,1.0,"Importación de vocabulario financiero, bancario, seguros, automotriz y asistencia pública"
305,Growth & income fund,Fondo de crecimiento con altos dividendos,Banca y pagos,Finanzas y operaciones bancarias,,,,,Término bilingüe utilizado en contextos de finanzas y operaciones bancarias.,,,Finance and Insurance Vocabulary,documento-local:finance-insurance-vocabulary-source,Borrador,,,"Importado del glosario proporcionado por el usuario, página 4.",Término,,,Fondo de crecimiento con altos dividendos,,,,Media,,Intermedia,Demo,2026-07-17,2026-07-17,2026-07-17,1.0,"Importación de vocabulario financiero, bancario, seguros, automotriz y asistencia pública"
306,Growth investment,Inversión de crecimiento,Banca y pagos,Inversiones,,,,,Término bilingüe utilizado en contextos de inversiones.,,,Finance and Insurance Vocabulary,documento-local:finance-insurance-vocabulary-source,Borrador,,,"Importado del glosario proporcionado por el usuario, página 4.",Término,,,Inversión de crecimiento,,,,Media,,Intermedia,Demo,2026-07-17,2026-07-17,2026-07-17,1.0,"Importación de vocabulario financiero, bancario, seguros, automotriz y asistencia pública"
307,Guidelines,Lineamientos,Banca y pagos,Finanzas y operaciones bancarias,,,,,Término bilingüe utilizado en contextos de finanzas y operaciones bancarias.,,,Finance and Insurance Vocabulary,documento-local:finance-insurance-vocabulary-source,Borrador,,,"Importado del glosario proporcionado por el usuario, página 4.",Término,,,Lineamientos,,,,Media,,Intermedia,Demo,2026-07-17,2026-07-17,2026-07-17,1.0,"Importación de vocabulario financiero, bancario, seguros, automotriz y asistencia pública"
308,Hardship,Extrema urgencia económica,Banca y pagos,Finanzas y operaciones bancarias,,,,,Término bilingüe utilizado en contextos de finanzas y operaciones bancarias.,,,Finance and Insurance Vocabulary,documento-local:finance-insurance-vocabulary-source,Borrador,,,"Importado del glosario proporcionado por el usuario, página 4.",Término,,,Extrema urgencia económica,,,,Media,,Intermedia,Demo,2026-07-17,2026-07-17,2026-07-17,1.0,"Importación de vocabulario financiero, bancario, seguros, automotriz y asistencia pública"
309,Hardship provisions,Disposiciones en situaciones de extrema urgencia económica,Banca y pagos,Finanzas y operaciones bancarias,,,,,Término bilingüe utilizado en contextos de finanzas y operaciones bancarias.,,,Finance and Insurance Vocabulary,documento-local:finance-insurance-vocabulary-source,Borrador,,,"Importado del glosario proporcionado por el usuario, página 4.",Término,,,Disposiciones en situaciones de extrema urgencia económica,,,,Media,,Intermedia,Demo,2026-07-17,2026-07-17,2026-07-17,1.0,"Importación de vocabulario financiero, bancario, seguros, automotriz y asistencia pública"
310,Hardship withdrawal,Retiro por extrema urgencia económica,Banca y pagos,Finanzas y operaciones bancarias,,,,,Término bilingüe utilizado en contextos de finanzas y operaciones bancarias.,,,Finance and Insurance Vocabulary,documento-local:finance-insurance-vocabulary-source,Borrador,,,"Importado del glosario proporcionado por el usuario, página 4.",Término,,,Retiro por extrema urgencia económica,,,,Media,,Intermedia,Demo,2026-07-17,2026-07-17,2026-07-17,1.0,"Importación de vocabulario financiero, bancario, seguros, automotriz y asistencia pública"
311,High yield; return,Alto rendimiento,Banca y pagos,Inversiones,,,,,Término bilingüe utilizado en contextos de inversiones.,,,Finance and Insurance Vocabulary,documento-local:finance-insurance-vocabulary-source,Borrador,,,"Importado del glosario proporcionado por el usuario, página 4.",Término,,,Alto rendimiento,,,,Media,,Intermedia,Demo,2026-07-17,2026-07-17,2026-07-17,1.0,"Importación de vocabulario financiero, bancario, seguros, automotriz y asistencia pública"
312,Holder,Portador,Banca y pagos,Finanzas y operaciones bancarias,,,,,Término bilingüe utilizado en contextos de finanzas y operaciones bancarias.,,,Finance and Insurance Vocabulary,documento-local:finance-insurance-vocabulary-source,Borrador,,,"Importado del glosario proporcionado por el usuario, página 4.",Término,,,Portador,,,,Media,,Intermedia,Demo,2026-07-17,2026-07-17,2026-07-17,1.0,"Importación de vocabulario financiero, bancario, seguros, automotriz y asistencia pública"
313,Holding period,Período de retención,Banca y pagos,Finanzas y operaciones bancarias,,,,,Término bilingüe utilizado en contextos de finanzas y operaciones bancarias.,,,Finance and Insurance Vocabulary,documento-local:finance-insurance-vocabulary-source,Borrador,,,"Importado del glosario proporcionado por el usuario, página 4.",Término,,,Período de retención,,,,Media,,Intermedia,Demo,2026-07-17,2026-07-17,2026-07-17,1.0,"Importación de vocabulario financiero, bancario, seguros, automotriz y asistencia pública"
314,Home Equity loan,Préstamo sobre la plusvalía de una casa,Banca y pagos,Hipotecas y bienes raíces,,,,,Término bilingüe utilizado en contextos de hipotecas y bienes raíces.,,,Finance and Insurance Vocabulary,documento-local:finance-insurance-vocabulary-source,Borrador,,,"Importado del glosario proporcionado por el usuario, página 4.",Término,,,Préstamo sobre la plusvalía de una casa,,,,Media,,Intermedia,Demo,2026-07-17,2026-07-17,2026-07-17,1.0,"Importación de vocabulario financiero, bancario, seguros, automotriz y asistencia pública"
315,Home improvements,Mejoras al hogar,Banca y pagos,Finanzas y operaciones bancarias,,,,,Término bilingüe utilizado en contextos de finanzas y operaciones bancarias.,,,Finance and Insurance Vocabulary,documento-local:finance-insurance-vocabulary-source,Borrador,,,"Importado del glosario proporcionado por el usuario, página 4.",Término,,,Mejoras al hogar,,,,Media,,Intermedia,Demo,2026-07-17,2026-07-17,2026-07-17,1.0,"Importación de vocabulario financiero, bancario, seguros, automotriz y asistencia pública"
316,Home inspection,Inspección del hogar,Banca y pagos,Finanzas y operaciones bancarias,,,,,Término bilingüe utilizado en contextos de finanzas y operaciones bancarias.,,,Finance and Insurance Vocabulary,documento-local:finance-insurance-vocabulary-source,Borrador,,,"Importado del glosario proporcionado por el usuario, página 4.",Término,,,Inspección del hogar,,,,Media,,Intermedia,Demo,2026-07-17,2026-07-17,2026-07-17,1.0,"Importación de vocabulario financiero, bancario, seguros, automotriz y asistencia pública"
317,In arrears,Atrasos,Banca y pagos,Finanzas y operaciones bancarias,,,,,Término bilingüe utilizado en contextos de finanzas y operaciones bancarias.,,,Finance and Insurance Vocabulary,documento-local:finance-insurance-vocabulary-source,Borrador,,,"Importado del glosario proporcionado por el usuario, página 4.",Término,,,Atrasos,,,,Media,,Intermedia,Demo,2026-07-17,2026-07-17,2026-07-17,1.0,"Importación de vocabulario financiero, bancario, seguros, automotriz y asistencia pública"
318,In stock,En existencia; en almacén,Banca y pagos,Inversiones,,,,,Término bilingüe utilizado en contextos de inversiones.,,,Finance and Insurance Vocabulary,documento-local:finance-insurance-vocabulary-source,Borrador,,,"Importado del glosario proporcionado por el usuario, página 4.",Término,,,En existencia; en almacén,,,,Media,,Intermedia,Demo,2026-07-17,2026-07-17,2026-07-17,1.0,"Importación de vocabulario financiero, bancario, seguros, automotriz y asistencia pública"
319,Income,Ingresos,Banca y pagos,Finanzas y operaciones bancarias,,,,,Término bilingüe utilizado en contextos de finanzas y operaciones bancarias.,,,Finance and Insurance Vocabulary,documento-local:finance-insurance-vocabulary-source,Borrador,,,"Importado del glosario proporcionado por el usuario, página 4.",Término,,,Ingresos,,,,Media,,Intermedia,Demo,2026-07-17,2026-07-17,2026-07-17,1.0,"Importación de vocabulario financiero, bancario, seguros, automotriz y asistencia pública"
320,Income tax return,Saldo a favor en contribuciones sobre ingresos,Banca y pagos,Impuestos,,,,,Término bilingüe utilizado en contextos de impuestos.,,,Finance and Insurance Vocabulary,documento-local:finance-insurance-vocabulary-source,Borrador,,,"Importado del glosario proporcionado por el usuario, página 4.",Término,,,Saldo a favor en contribuciones sobre ingresos,,,,Media,,Intermedia,Demo,2026-07-17,2026-07-17,2026-07-17,1.0,"Importación de vocabulario financiero, bancario, seguros, automotriz y asistencia pública"
321,Income tax statement,Declaración de impuestos,Banca y pagos,Impuestos,,,,,Término bilingüe utilizado en contextos de impuestos.,,,Finance and Insurance Vocabulary,documento-local:finance-insurance-vocabulary-source,Borrador,,,"Importado del glosario proporcionado por el usuario, página 4.",Término,,,Declaración de impuestos,,,,Media,,Intermedia,Demo,2026-07-17,2026-07-17,2026-07-17,1.0,"Importación de vocabulario financiero, bancario, seguros, automotriz y asistencia pública"
322,Investment,Inversión,Banca y pagos,Inversiones,,,,,Término bilingüe utilizado en contextos de inversiones.,,,Finance and Insurance Vocabulary,documento-local:finance-insurance-vocabulary-source,Borrador,,,"Importado del glosario proporcionado por el usuario, página 5.",Término,,,Inversión,,,,Media,,Intermedia,Demo,2026-07-17,2026-07-17,2026-07-17,1.0,"Importación de vocabulario financiero, bancario, seguros, automotriz y asistencia pública"
323,Investment firm,Compañía de inversiones,Banca y pagos,Inversiones,,,,,Término bilingüe utilizado en contextos de inversiones.,,,Finance and Insurance Vocabulary,documento-local:finance-insurance-vocabulary-source,Borrador,,,"Importado del glosario proporcionado por el usuario, página 5.",Término,,,Compañía de inversiones,,,,Media,,Intermedia,Demo,2026-07-17,2026-07-17,2026-07-17,1.0,"Importación de vocabulario financiero, bancario, seguros, automotriz y asistencia pública"
324,Late fees,Cargos moratorios,Banca y pagos,Finanzas y operaciones bancarias,,,,,Término bilingüe utilizado en contextos de finanzas y operaciones bancarias.,,,Finance and Insurance Vocabulary,documento-local:finance-insurance-vocabulary-source,Borrador,,,"Importado del glosario proporcionado por el usuario, página 5.",Término,,,Cargos moratorios,,,,Media,,Intermedia,Demo,2026-07-17,2026-07-17,2026-07-17,1.0,"Importación de vocabulario financiero, bancario, seguros, automotriz y asistencia pública"
325,Lay-off,Descansar,Legal,Documentos y procedimientos,,,,,Término bilingüe utilizado en contextos de documentos y procedimientos.,,,Finance and Insurance Vocabulary,documento-local:finance-insurance-vocabulary-source,Borrador,,,"Importado del glosario proporcionado por el usuario, página 5.",Término,,,Descansar,,,,Media,,Intermedia,Demo,2026-07-17,2026-07-17,2026-07-17,1.0,"Importación de vocabulario financiero, bancario, seguros, automotriz y asistencia pública"
326,Lease,Contrato de arrendamiento,Banca y pagos,Finanzas y operaciones bancarias,,,,,Término bilingüe utilizado en contextos de finanzas y operaciones bancarias.,,,Finance and Insurance Vocabulary,documento-local:finance-insurance-vocabulary-source,Borrador,,,"Importado del glosario proporcionado por el usuario, página 5.",Término,,,Contrato de arrendamiento,,,,Media,,Intermedia,Demo,2026-07-17,2026-07-17,2026-07-17,1.0,"Importación de vocabulario financiero, bancario, seguros, automotriz y asistencia pública"
327,Leasing,Arrendamiento,Banca y pagos,Finanzas y operaciones bancarias,,,,,Término bilingüe utilizado en contextos de finanzas y operaciones bancarias.,,,Finance and Insurance Vocabulary,documento-local:finance-insurance-vocabulary-source,Borrador,,,"Importado del glosario proporcionado por el usuario, página 5.",Término,,,Arrendamiento,,,,Media,,Intermedia,Demo,2026-07-17,2026-07-17,2026-07-17,1.0,"Importación de vocabulario financiero, bancario, seguros, automotriz y asistencia pública"
328,Leasing agreement (contract),Contrato de arrendamiento con opción a compra,Banca y pagos,Finanzas y operaciones bancarias,,,,,Término bilingüe utilizado en contextos de finanzas y operaciones bancarias.,,,Finance and Insurance Vocabulary,documento-local:finance-insurance-vocabulary-source,Borrador,,,"Importado del glosario proporcionado por el usuario, página 5.",Término,,,Contrato de arrendamiento con opción a compra,,,,Media,,Intermedia,Demo,2026-07-17,2026-07-17,2026-07-17,1.0,"Importación de vocabulario financiero, bancario, seguros, automotriz y asistencia pública"
329,Legal settlement,Acuerdo legal,Legal,Documentos y procedimientos,,,,,Término bilingüe utilizado en contextos de documentos y procedimientos.,,,Finance and Insurance Vocabulary,documento-local:finance-insurance-vocabulary-source,Borrador,,,"Importado del glosario proporcionado por el usuario, página 5.",Término,,,Acuerdo legal,,,,Media,,Intermedia,Demo,2026-07-17,2026-07-17,2026-07-17,1.0,"Importación de vocabulario financiero, bancario, seguros, automotriz y asistencia pública"
330,Length of service,Período de tiempo en que el empleado ha prestado sus servicios,Legal,Documentos y procedimientos,,,,,Término bilingüe utilizado en contextos de documentos y procedimientos.,,,Finance and Insurance Vocabulary,documento-local:finance-insurance-vocabulary-source,Borrador,,,"Importado del glosario proporcionado por el usuario, página 5.",Término,,,Período de tiempo en que el empleado ha prestado sus servicios,,,,Media,,Intermedia,Demo,2026-07-17,2026-07-17,2026-07-17,1.0,"Importación de vocabulario financiero, bancario, seguros, automotriz y asistencia pública"
331,Liabilities,Obligaciones; deudas,Banca y pagos,Finanzas y operaciones bancarias,,,,,Término bilingüe utilizado en contextos de finanzas y operaciones bancarias.,,,Finance and Insurance Vocabulary,documento-local:finance-insurance-vocabulary-source,Borrador,,,"Importado del glosario proporcionado por el usuario, página 5.",Término,,,Obligaciones; deudas,,,,Media,,Intermedia,Demo,2026-07-17,2026-07-17,2026-07-17,1.0,"Importación de vocabulario financiero, bancario, seguros, automotriz y asistencia pública"
332,Lien,"Gravamen, embargo preventivo",Legal,Documentos y procedimientos,,,,,Término bilingüe utilizado en contextos de documentos y procedimientos.,,,Finance and Insurance Vocabulary,documento-local:finance-insurance-vocabulary-source,Borrador,,,"Importado del glosario proporcionado por el usuario, página 5.",Término,,,"Gravamen, embargo preventivo",,,,Media,,Intermedia,Demo,2026-07-17,2026-07-17,2026-07-17,1.0,"Importación de vocabulario financiero, bancario, seguros, automotriz y asistencia pública"
333,Life of the loan,Vigencia de un préstamo,Legal,Documentos y procedimientos,,,,,Término bilingüe utilizado en contextos de documentos y procedimientos.,,,Finance and Insurance Vocabulary,documento-local:finance-insurance-vocabulary-source,Borrador,,,"Importado del glosario proporcionado por el usuario, página 5.",Término,,,Vigencia de un préstamo,,,,Media,,Intermedia,Demo,2026-07-17,2026-07-17,2026-07-17,1.0,"Importación de vocabulario financiero, bancario, seguros, automotriz y asistencia pública"
334,Living expenses,Gastos de vida,Banca y pagos,Finanzas y operaciones bancarias,,,,,Término bilingüe utilizado en contextos de finanzas y operaciones bancarias.,,,Finance and Insurance Vocabulary,documento-local:finance-insurance-vocabulary-source,Borrador,,,"Importado del glosario proporcionado por el usuario, página 5.",Término,,,Gastos de vida,,,,Media,,Intermedia,Demo,2026-07-17,2026-07-17,2026-07-17,1.0,"Importación de vocabulario financiero, bancario, seguros, automotriz y asistencia pública"
335,Loan fees,Cargos originados por un préstamo,Banca y pagos,Crédito y préstamos,,,,,Término bilingüe utilizado en contextos de crédito y préstamos.,,,Finance and Insurance Vocabulary,documento-local:finance-insurance-vocabulary-source,Borrador,,,"Importado del glosario proporcionado por el usuario, página 5.",Término,,,Cargos originados por un préstamo,,,,Media,,Intermedia,Demo,2026-07-17,2026-07-17,2026-07-17,1.0,"Importación de vocabulario financiero, bancario, seguros, automotriz y asistencia pública"
336,Loan officer,Funcionario de préstamos,Legal,Documentos y procedimientos,,,,,Término bilingüe utilizado en contextos de documentos y procedimientos.,,,Finance and Insurance Vocabulary,documento-local:finance-insurance-vocabulary-source,Borrador,,,"Importado del glosario proporcionado por el usuario, página 5.",Término,,,Funcionario de préstamos,,,,Media,,Intermedia,Demo,2026-07-17,2026-07-17,2026-07-17,1.0,"Importación de vocabulario financiero, bancario, seguros, automotriz y asistencia pública"
337,Loan origination fee,Cargos por iniciar un préstamo,Banca y pagos,Crédito y préstamos,,,,,Término bilingüe utilizado en contextos de crédito y préstamos.,,,Finance and Insurance Vocabulary,documento-local:finance-insurance-vocabulary-source,Borrador,,,"Importado del glosario proporcionado por el usuario, página 5.",Término,,,Cargos por iniciar un préstamo,,,,Media,,Intermedia,Demo,2026-07-17,2026-07-17,2026-07-17,1.0,"Importación de vocabulario financiero, bancario, seguros, automotriz y asistencia pública"
338,Losses,Pérdidas (de una empresa),Banca y pagos,Finanzas y operaciones bancarias,,,,,Término bilingüe utilizado en contextos de finanzas y operaciones bancarias.,,,Finance and Insurance Vocabulary,documento-local:finance-insurance-vocabulary-source,Borrador,,,"Importado del glosario proporcionado por el usuario, página 5.",Término,,,Pérdidas (de una empresa),,,,Media,,Intermedia,Demo,2026-07-17,2026-07-17,2026-07-17,1.0,"Importación de vocabulario financiero, bancario, seguros, automotriz y asistencia pública"
339,Lump sum,Cantidad global; en una sola,Banca y pagos,Finanzas y operaciones bancarias,,,,,Término bilingüe utilizado en contextos de finanzas y operaciones bancarias.,,,Finance and Insurance Vocabulary,documento-local:finance-insurance-vocabulary-source,Borrador,,,"Importado del glosario proporcionado por el usuario, página 5.",Término,,,Cantidad global; en una sola,,,,Media,,Intermedia,Demo,2026-07-17,2026-07-17,2026-07-17,1.0,"Importación de vocabulario financiero, bancario, seguros, automotriz y asistencia pública"
340,Lump sum distribution,Cantidad global distribuida,Banca y pagos,Finanzas y operaciones bancarias,,,,,Término bilingüe utilizado en contextos de finanzas y operaciones bancarias.,,,Finance and Insurance Vocabulary,documento-local:finance-insurance-vocabulary-source,Borrador,,,"Importado del glosario proporcionado por el usuario, página 5.",Término,,,Cantidad global distribuida,,,,Media,,Intermedia,Demo,2026-07-17,2026-07-17,2026-07-17,1.0,"Importación de vocabulario financiero, bancario, seguros, automotriz y asistencia pública"
341,Main office,Casa matriz,Legal,Documentos y procedimientos,,,,,Término bilingüe utilizado en contextos de documentos y procedimientos.,,,Finance and Insurance Vocabulary,documento-local:finance-insurance-vocabulary-source,Borrador,,,"Importado del glosario proporcionado por el usuario, página 5.",Término,,,Casa matriz,,,,Media,,Intermedia,Demo,2026-07-17,2026-07-17,2026-07-17,1.0,"Importación de vocabulario financiero, bancario, seguros, automotriz y asistencia pública"
342,"Make, earn",Ganar,Banca y pagos,Finanzas y operaciones bancarias,,,,,Término bilingüe utilizado en contextos de finanzas y operaciones bancarias.,,,Finance and Insurance Vocabulary,documento-local:finance-insurance-vocabulary-source,Borrador,,,"Importado del glosario proporcionado por el usuario, página 5.",Término,,,Ganar,,,,Media,,Intermedia,Demo,2026-07-17,2026-07-17,2026-07-17,1.0,"Importación de vocabulario financiero, bancario, seguros, automotriz y asistencia pública"
343,Manufacturer’s suggested retail price,Precio en ventas al por menor,Banca y pagos,Finanzas y operaciones bancarias,,,,,Término bilingüe utilizado en contextos de finanzas y operaciones bancarias.,,,Finance and Insurance Vocabulary,documento-local:finance-insurance-vocabulary-source,Borrador,,,"Importado del glosario proporcionado por el usuario, página 5.",Término,,,Precio en ventas al por menor,,,,Media,,Intermedia,Demo,2026-07-17,2026-07-17,2026-07-17,1.0,"Importación de vocabulario financiero, bancario, seguros, automotriz y asistencia pública"
344,Marital status,Estado civil,Banca y pagos,Finanzas y operaciones bancarias,,,,,Término bilingüe utilizado en contextos de finanzas y operaciones bancarias.,,,Finance and Insurance Vocabulary,documento-local:finance-insurance-vocabulary-source,Borrador,,,"Importado del glosario proporcionado por el usuario, página 5.",Término,,,Estado civil,,,,Media,,Intermedia,Demo,2026-07-17,2026-07-17,2026-07-17,1.0,"Importación de vocabulario financiero, bancario, seguros, automotriz y asistencia pública"
345,Market close,Cierre del mercado,Banca y pagos,Inversiones,,,,,Término bilingüe utilizado en contextos de inversiones.,,,Finance and Insurance Vocabulary,documento-local:finance-insurance-vocabulary-source,Borrador,,,"Importado del glosario proporcionado por el usuario, página 5.",Término,,,Cierre del mercado,,,,Media,,Intermedia,Demo,2026-07-17,2026-07-17,2026-07-17,1.0,"Importación de vocabulario financiero, bancario, seguros, automotriz y asistencia pública"
346,Market price,Precio del mercado,Banca y pagos,Inversiones,,,,,Término bilingüe utilizado en contextos de inversiones.,,,Finance and Insurance Vocabulary,documento-local:finance-insurance-vocabulary-source,Borrador,,,"Importado del glosario proporcionado por el usuario, página 5.",Término,,,Precio del mercado,,,,Media,,Intermedia,Demo,2026-07-17,2026-07-17,2026-07-17,1.0,"Importación de vocabulario financiero, bancario, seguros, automotriz y asistencia pública"
347,Match (to),Igualar,Banca y pagos,Finanzas y operaciones bancarias,,,,,Término bilingüe utilizado en contextos de finanzas y operaciones bancarias.,,,Finance and Insurance Vocabulary,documento-local:finance-insurance-vocabulary-source,Borrador,,,"Importado del glosario proporcionado por el usuario, página 5.",Término,,,Igualar,,,,Media,,Intermedia,Demo,2026-07-17,2026-07-17,2026-07-17,1.0,"Importación de vocabulario financiero, bancario, seguros, automotriz y asistencia pública"
348,Maturity date,Fecha de vencimiento,Banca y pagos,Finanzas y operaciones bancarias,,,,,Término bilingüe utilizado en contextos de finanzas y operaciones bancarias.,,,Finance and Insurance Vocabulary,documento-local:finance-insurance-vocabulary-source,Borrador,,,"Importado del glosario proporcionado por el usuario, página 5.",Término,,,Fecha de vencimiento,,,,Media,,Intermedia,Demo,2026-07-17,2026-07-17,2026-07-17,1.0,"Importación de vocabulario financiero, bancario, seguros, automotriz y asistencia pública"
349,Mortgage,Hipoteca,Banca y pagos,Hipotecas y bienes raíces,,,,,Término bilingüe utilizado en contextos de hipotecas y bienes raíces.,,,Finance and Insurance Vocabulary,documento-local:finance-insurance-vocabulary-source,Borrador,,,"Importado del glosario proporcionado por el usuario, página 5.",Término,,,Hipoteca,,,,Media,,Intermedia,Demo,2026-07-17,2026-07-17,2026-07-17,1.0,"Importación de vocabulario financiero, bancario, seguros, automotriz y asistencia pública"
350,Mortgage bond,Bono hipotecario,Banca y pagos,Hipotecas y bienes raíces,,,,,Término bilingüe utilizado en contextos de hipotecas y bienes raíces.,,,Finance and Insurance Vocabulary,documento-local:finance-insurance-vocabulary-source,Borrador,,,"Importado del glosario proporcionado por el usuario, página 5.",Término,,,Bono hipotecario,,,,Media,,Intermedia,Demo,2026-07-17,2026-07-17,2026-07-17,1.0,"Importación de vocabulario financiero, bancario, seguros, automotriz y asistencia pública"
351,Mortgage loan,Préstamo hipotecario,Banca y pagos,Hipotecas y bienes raíces,,,,,Término bilingüe utilizado en contextos de hipotecas y bienes raíces.,,,Finance and Insurance Vocabulary,documento-local:finance-insurance-vocabulary-source,Borrador,,,"Importado del glosario proporcionado por el usuario, página 5.",Término,,,Préstamo hipotecario,,,,Media,,Intermedia,Demo,2026-07-17,2026-07-17,2026-07-17,1.0,"Importación de vocabulario financiero, bancario, seguros, automotriz y asistencia pública"
352,Mutual funds,Fondo común de inversión; fondo mutuo,Banca y pagos,Inversiones,,,,,Término bilingüe utilizado en contextos de inversiones.,,,Finance and Insurance Vocabulary,documento-local:finance-insurance-vocabulary-source,Borrador,,,"Importado del glosario proporcionado por el usuario, página 5.",Término,,,Fondo común de inversión; fondo mutuo,,,,Media,,Intermedia,Demo,2026-07-17,2026-07-17,2026-07-17,1.0,"Importación de vocabulario financiero, bancario, seguros, automotriz y asistencia pública"
353,Negative cash flow,Flujo negativo de caja (en rojo),Banca y pagos,Finanzas y operaciones bancarias,,,,,Término bilingüe utilizado en contextos de finanzas y operaciones bancarias.,,,Finance and Insurance Vocabulary,documento-local:finance-insurance-vocabulary-source,Borrador,,,"Importado del glosario proporcionado por el usuario, página 5.",Término,,,Flujo negativo de caja (en rojo),,,,Media,,Intermedia,Demo,2026-07-17,2026-07-17,2026-07-17,1.0,"Importación de vocabulario financiero, bancario, seguros, automotriz y asistencia pública"
354,Net worth,Patrimonio neto,Banca y pagos,Finanzas y operaciones bancarias,,,,,Término bilingüe utilizado en contextos de finanzas y operaciones bancarias.,,,Finance and Insurance Vocabulary,documento-local:finance-insurance-vocabulary-source,Borrador,,,"Importado del glosario proporcionado por el usuario, página 5.",Término,,,Patrimonio neto,,,,Media,,Intermedia,Demo,2026-07-17,2026-07-17,2026-07-17,1.0,"Importación de vocabulario financiero, bancario, seguros, automotriz y asistencia pública"
355,Non-interest bearing,Que no paga intereses,Banca y pagos,Finanzas y operaciones bancarias,,,,,Término bilingüe utilizado en contextos de finanzas y operaciones bancarias.,,,Finance and Insurance Vocabulary,documento-local:finance-insurance-vocabulary-source,Borrador,,,"Importado del glosario proporcionado por el usuario, página 5.",Término,,,Que no paga intereses,,,,Media,,Intermedia,Demo,2026-07-17,2026-07-17,2026-07-17,1.0,"Importación de vocabulario financiero, bancario, seguros, automotriz y asistencia pública"
356,Non-profit organization,"Organización no lucrativa, sin fines de lucro",Legal,Documentos y procedimientos,,,,,Término bilingüe utilizado en contextos de documentos y procedimientos.,,,Finance and Insurance Vocabulary,documento-local:finance-insurance-vocabulary-source,Borrador,,,"Importado del glosario proporcionado por el usuario, página 5.",Término,,,"Organización no lucrativa, sin fines de lucro",,,,Media,,Intermedia,Demo,2026-07-17,2026-07-17,2026-07-17,1.0,"Importación de vocabulario financiero, bancario, seguros, automotriz y asistencia pública"
357,Originating fee,Cargos por iniciar una operación,Banca y pagos,Finanzas y operaciones bancarias,,,,,Término bilingüe utilizado en contextos de finanzas y operaciones bancarias.,,,Finance and Insurance Vocabulary,documento-local:finance-insurance-vocabulary-source,Borrador,,,"Importado del glosario proporcionado por el usuario, página 5.",Término,,,Cargos por iniciar una operación,,,,Media,,Intermedia,Demo,2026-07-17,2026-07-17,2026-07-17,1.0,"Importación de vocabulario financiero, bancario, seguros, automotriz y asistencia pública"
358,Outstanding balances,Saldos pendientes,Banca y pagos,Finanzas y operaciones bancarias,,,,,Término bilingüe utilizado en contextos de finanzas y operaciones bancarias.,,,Finance and Insurance Vocabulary,documento-local:finance-insurance-vocabulary-source,Borrador,,,"Importado del glosario proporcionado por el usuario, página 6.",Término,,,Saldos pendientes,,,,Media,,Intermedia,Demo,2026-07-17,2026-07-17,2026-07-17,1.0,"Importación de vocabulario financiero, bancario, seguros, automotriz y asistencia pública"
359,Outstanding debt,Deuda pendiente; morosa,Banca y pagos,Crédito y préstamos,,,,,Término bilingüe utilizado en contextos de crédito y préstamos.,,,Finance and Insurance Vocabulary,documento-local:finance-insurance-vocabulary-source,Borrador,,,"Importado del glosario proporcionado por el usuario, página 6.",Término,,,Deuda pendiente; morosa,,,,Media,,Intermedia,Demo,2026-07-17,2026-07-17,2026-07-17,1.0,"Importación de vocabulario financiero, bancario, seguros, automotriz y asistencia pública"
360,Overdraft,Sobregiro,Banca y pagos,Finanzas y operaciones bancarias,,,,,Término bilingüe utilizado en contextos de finanzas y operaciones bancarias.,,,Finance and Insurance Vocabulary,documento-local:finance-insurance-vocabulary-source,Borrador,,,"Importado del glosario proporcionado por el usuario, página 6.",Término,,,Sobregiro,,,,Media,,Intermedia,Demo,2026-07-17,2026-07-17,2026-07-17,1.0,"Importación de vocabulario financiero, bancario, seguros, automotriz y asistencia pública"
361,Owner,Propietario,Banca y pagos,Finanzas y operaciones bancarias,,,,,Término bilingüe utilizado en contextos de finanzas y operaciones bancarias.,,,Finance and Insurance Vocabulary,documento-local:finance-insurance-vocabulary-source,Borrador,,,"Importado del glosario proporcionado por el usuario, página 6.",Término,,,Propietario,,,,Media,,Intermedia,Demo,2026-07-17,2026-07-17,2026-07-17,1.0,"Importación de vocabulario financiero, bancario, seguros, automotriz y asistencia pública"
362,Ownership,Ser propietario,Banca y pagos,Finanzas y operaciones bancarias,,,,,Término bilingüe utilizado en contextos de finanzas y operaciones bancarias.,,,Finance and Insurance Vocabulary,documento-local:finance-insurance-vocabulary-source,Borrador,,,"Importado del glosario proporcionado por el usuario, página 6.",Término,,,Ser propietario,,,,Media,,Intermedia,Demo,2026-07-17,2026-07-17,2026-07-17,1.0,"Importación de vocabulario financiero, bancario, seguros, automotriz y asistencia pública"
363,Ownership rights,Derechos como dueño,Banca y pagos,Finanzas y operaciones bancarias,,,,,Término bilingüe utilizado en contextos de finanzas y operaciones bancarias.,,,Finance and Insurance Vocabulary,documento-local:finance-insurance-vocabulary-source,Borrador,,,"Importado del glosario proporcionado por el usuario, página 6.",Término,,,Derechos como dueño,,,,Media,,Intermedia,Demo,2026-07-17,2026-07-17,2026-07-17,1.0,"Importación de vocabulario financiero, bancario, seguros, automotriz y asistencia pública"
364,Paid-off,Liquidada,Legal,Documentos y procedimientos,,,,,Término bilingüe utilizado en contextos de documentos y procedimientos.,,,Finance and Insurance Vocabulary,documento-local:finance-insurance-vocabulary-source,Borrador,,,"Importado del glosario proporcionado por el usuario, página 6.",Término,,,Liquidada,,,,Media,,Intermedia,Demo,2026-07-17,2026-07-17,2026-07-17,1.0,"Importación de vocabulario financiero, bancario, seguros, automotriz y asistencia pública"
365,Pay stub (check),Talonario de cheque de nómina,Banca y pagos,Finanzas y operaciones bancarias,,Paystubs; pay stub,Talones de pago (de planilla),,Término bilingüe utilizado en contextos de finanzas y operaciones bancarias.,,,Finance and Insurance Vocabulary,documento-local:finance-insurance-vocabulary-source,Borrador,,,"Importado del glosario proporcionado por el usuario, página 6. Lista Medical Verbs, fila 2: Paystubs = Talones de pago (de planilla).",Término,,,Talonario de cheque de nómina,,,,Media,,Intermedia,Demo,2026-07-17,2026-07-17,2026-07-28,1.1,"Importación de vocabulario financiero, bancario, seguros, automotriz y asistencia pública; consolidado sin duplicar con Medical Verbs"
366,Pay-off (to),"Liquidar; cancelar, saldar",Legal,Documentos y procedimientos,,,,,Término bilingüe utilizado en contextos de documentos y procedimientos.,,,Finance and Insurance Vocabulary,documento-local:finance-insurance-vocabulary-source,Borrador,,,"Importado del glosario proporcionado por el usuario, página 6.",Término,,,"Liquidar; cancelar, saldar",,,,Media,,Intermedia,Demo,2026-07-17,2026-07-17,2026-07-17,1.0,"Importación de vocabulario financiero, bancario, seguros, automotriz y asistencia pública"
367,Pay-off an account,Saldar o liquidar una cuenta,Legal,Documentos y procedimientos,,,,,Término bilingüe utilizado en contextos de documentos y procedimientos.,,,Finance and Insurance Vocabulary,documento-local:finance-insurance-vocabulary-source,Borrador,,,"Importado del glosario proporcionado por el usuario, página 6.",Término,,,Saldar o liquidar una cuenta,,,,Media,,Intermedia,Demo,2026-07-17,2026-07-17,2026-07-17,1.0,"Importación de vocabulario financiero, bancario, seguros, automotriz y asistencia pública"
368,Payment history,Historial de pagos,Banca y pagos,Finanzas y operaciones bancarias,,,,,Término bilingüe utilizado en contextos de finanzas y operaciones bancarias.,,,Finance and Insurance Vocabulary,documento-local:finance-insurance-vocabulary-source,Borrador,,,"Importado del glosario proporcionado por el usuario, página 6.",Término,,,Historial de pagos,,,,Media,,Intermedia,Demo,2026-07-17,2026-07-17,2026-07-17,1.0,"Importación de vocabulario financiero, bancario, seguros, automotriz y asistencia pública"
369,Payoff amount,Cantidad por liquidar,Legal,Documentos y procedimientos,,,,,Término bilingüe utilizado en contextos de documentos y procedimientos.,,,Finance and Insurance Vocabulary,documento-local:finance-insurance-vocabulary-source,Borrador,,,"Importado del glosario proporcionado por el usuario, página 6.",Término,,,Cantidad por liquidar,,,,Media,,Intermedia,Demo,2026-07-17,2026-07-17,2026-07-17,1.0,"Importación de vocabulario financiero, bancario, seguros, automotriz y asistencia pública"
370,Payroll,Nómina,Banca y pagos,Finanzas y operaciones bancarias,,,,,Término bilingüe utilizado en contextos de finanzas y operaciones bancarias.,,,Finance and Insurance Vocabulary,documento-local:finance-insurance-vocabulary-source,Borrador,,,"Importado del glosario proporcionado por el usuario, página 6.",Término,,,Nómina,,,,Media,,Intermedia,Demo,2026-07-17,2026-07-17,2026-07-17,1.0,"Importación de vocabulario financiero, bancario, seguros, automotriz y asistencia pública"
371,Payroll check,Cheque de nómina,Banca y pagos,Finanzas y operaciones bancarias,,,,,Término bilingüe utilizado en contextos de finanzas y operaciones bancarias.,,,Finance and Insurance Vocabulary,documento-local:finance-insurance-vocabulary-source,Borrador,,,"Importado del glosario proporcionado por el usuario, página 6.",Término,,,Cheque de nómina,,,,Media,,Intermedia,Demo,2026-07-17,2026-07-17,2026-07-17,1.0,"Importación de vocabulario financiero, bancario, seguros, automotriz y asistencia pública"
372,Penalty,Multa,Banca y pagos,Finanzas y operaciones bancarias,,,,,Término bilingüe utilizado en contextos de finanzas y operaciones bancarias.,,,Finance and Insurance Vocabulary,documento-local:finance-insurance-vocabulary-source,Borrador,,,"Importado del glosario proporcionado por el usuario, página 6.",Término,,,Multa,,,,Media,,Intermedia,Demo,2026-07-17,2026-07-17,2026-07-17,1.0,"Importación de vocabulario financiero, bancario, seguros, automotriz y asistencia pública"
373,Portfolio,Cartera de clientes,Banca y pagos,Inversiones,,,,,Término bilingüe utilizado en contextos de inversiones.,,,Finance and Insurance Vocabulary,documento-local:finance-insurance-vocabulary-source,Borrador,,,"Importado del glosario proporcionado por el usuario, página 6.",Término,,,Cartera de clientes,,,,Media,,Intermedia,Demo,2026-07-17,2026-07-17,2026-07-17,1.0,"Importación de vocabulario financiero, bancario, seguros, automotriz y asistencia pública"
374,Power of attorney,Poder legal,Legal,Documentos y procedimientos,,,,,Término bilingüe utilizado en contextos de documentos y procedimientos.,,,Finance and Insurance Vocabulary,documento-local:finance-insurance-vocabulary-source,Borrador,,,"Importado del glosario proporcionado por el usuario, página 6.",Término,,,Poder legal,,,,Media,,Intermedia,Demo,2026-07-17,2026-07-17,2026-07-17,1.0,"Importación de vocabulario financiero, bancario, seguros, automotriz y asistencia pública"
375,Power of Attorney (to grant),Extender un poder legal,Legal,Documentos y procedimientos,,,,,Término bilingüe utilizado en contextos de documentos y procedimientos.,,,Finance and Insurance Vocabulary,documento-local:finance-insurance-vocabulary-source,Borrador,,,"Importado del glosario proporcionado por el usuario, página 6.",Término,,,Extender un poder legal,,,,Media,,Intermedia,Demo,2026-07-17,2026-07-17,2026-07-17,1.0,"Importación de vocabulario financiero, bancario, seguros, automotriz y asistencia pública"
376,Pre-qualified,Precalificado,Banca y pagos,Finanzas y operaciones bancarias,,,,,Término bilingüe utilizado en contextos de finanzas y operaciones bancarias.,,,Finance and Insurance Vocabulary,documento-local:finance-insurance-vocabulary-source,Borrador,,,"Importado del glosario proporcionado por el usuario, página 6.",Término,,,Precalificado,,,,Media,,Intermedia,Demo,2026-07-17,2026-07-17,2026-07-17,1.0,"Importación de vocabulario financiero, bancario, seguros, automotriz y asistencia pública"
377,Preferred stock,Acciones preferidas,Banca y pagos,Inversiones,,,,,Término bilingüe utilizado en contextos de inversiones.,,,Finance and Insurance Vocabulary,documento-local:finance-insurance-vocabulary-source,Borrador,,,"Importado del glosario proporcionado por el usuario, página 6.",Término,,,Acciones preferidas,,,,Media,,Intermedia,Demo,2026-07-17,2026-07-17,2026-07-17,1.0,"Importación de vocabulario financiero, bancario, seguros, automotriz y asistencia pública"
378,Primary cardholder,Titular de la tarjeta de crédito,Banca y pagos,Finanzas y operaciones bancarias,,,,,Término bilingüe utilizado en contextos de finanzas y operaciones bancarias.,,,Finance and Insurance Vocabulary,documento-local:finance-insurance-vocabulary-source,Borrador,,,"Importado del glosario proporcionado por el usuario, página 6.",Término,,,Titular de la tarjeta de crédito,,,,Media,,Intermedia,Demo,2026-07-17,2026-07-17,2026-07-17,1.0,"Importación de vocabulario financiero, bancario, seguros, automotriz y asistencia pública"
379,Prime rate,Tasa preferencial,Banca y pagos,Finanzas y operaciones bancarias,,,,,Término bilingüe utilizado en contextos de finanzas y operaciones bancarias.,,,Finance and Insurance Vocabulary,documento-local:finance-insurance-vocabulary-source,Borrador,,,"Importado del glosario proporcionado por el usuario, página 6.",Término,,,Tasa preferencial,,,,Media,,Intermedia,Demo,2026-07-17,2026-07-17,2026-07-17,1.0,"Importación de vocabulario financiero, bancario, seguros, automotriz y asistencia pública"
380,Proceeds,Ganancias,Banca y pagos,Finanzas y operaciones bancarias,,,,,Término bilingüe utilizado en contextos de finanzas y operaciones bancarias.,,,Finance and Insurance Vocabulary,documento-local:finance-insurance-vocabulary-source,Borrador,,,"Importado del glosario proporcionado por el usuario, página 6.",Término,,,Ganancias,,,,Media,,Intermedia,Demo,2026-07-17,2026-07-17,2026-07-17,1.0,"Importación de vocabulario financiero, bancario, seguros, automotriz y asistencia pública"
381,Processing fee,Cuota por procesamiento,Banca y pagos,Finanzas y operaciones bancarias,,,,,Término bilingüe utilizado en contextos de finanzas y operaciones bancarias.,,,Finance and Insurance Vocabulary,documento-local:finance-insurance-vocabulary-source,Borrador,,,"Importado del glosario proporcionado por el usuario, página 6.",Término,,,Cuota por procesamiento,,,,Media,,Intermedia,Demo,2026-07-17,2026-07-17,2026-07-17,1.0,"Importación de vocabulario financiero, bancario, seguros, automotriz y asistencia pública"
382,Profit margin,Margen de ganancias,Legal,Documentos y procedimientos,,,,,Término bilingüe utilizado en contextos de documentos y procedimientos.,,,Finance and Insurance Vocabulary,documento-local:finance-insurance-vocabulary-source,Borrador,,,"Importado del glosario proporcionado por el usuario, página 6.",Término,,,Margen de ganancias,,,,Media,,Intermedia,Demo,2026-07-17,2026-07-17,2026-07-17,1.0,"Importación de vocabulario financiero, bancario, seguros, automotriz y asistencia pública"
383,Profit sharing,Participación de utilidades,Legal,Documentos y procedimientos,,,,,Término bilingüe utilizado en contextos de documentos y procedimientos.,,,Finance and Insurance Vocabulary,documento-local:finance-insurance-vocabulary-source,Borrador,,,"Importado del glosario proporcionado por el usuario, página 6.",Término,,,Participación de utilidades,,,,Media,,Intermedia,Demo,2026-07-17,2026-07-17,2026-07-17,1.0,"Importación de vocabulario financiero, bancario, seguros, automotriz y asistencia pública"
384,Profit sharing plan,Plan de participación de utilidades,Legal,Documentos y procedimientos,,,,,Término bilingüe utilizado en contextos de documentos y procedimientos.,,,Finance and Insurance Vocabulary,documento-local:finance-insurance-vocabulary-source,Borrador,,,"Importado del glosario proporcionado por el usuario, página 6.",Término,,,Plan de participación de utilidades,,,,Media,,Intermedia,Demo,2026-07-17,2026-07-17,2026-07-17,1.0,"Importación de vocabulario financiero, bancario, seguros, automotriz y asistencia pública"
385,Property rights,Derechos de propiedad,Banca y pagos,Hipotecas y bienes raíces,,,,,Término bilingüe utilizado en contextos de hipotecas y bienes raíces.,,,Finance and Insurance Vocabulary,documento-local:finance-insurance-vocabulary-source,Borrador,,,"Importado del glosario proporcionado por el usuario, página 6.",Término,,,Derechos de propiedad,,,,Media,,Intermedia,Demo,2026-07-17,2026-07-17,2026-07-17,1.0,"Importación de vocabulario financiero, bancario, seguros, automotriz y asistencia pública"
386,Property tax,Impuesto predial,Banca y pagos,Hipotecas y bienes raíces,,,,,Término bilingüe utilizado en contextos de hipotecas y bienes raíces.,,,Finance and Insurance Vocabulary,documento-local:finance-insurance-vocabulary-source,Borrador,,,"Importado del glosario proporcionado por el usuario, página 6.",Término,,,Impuesto predial,,,,Media,,Intermedia,Demo,2026-07-17,2026-07-17,2026-07-17,1.0,"Importación de vocabulario financiero, bancario, seguros, automotriz y asistencia pública"
387,Purchase agreement,Acuerdo de compra/venta,Banca y pagos,Finanzas y operaciones bancarias,,,,,Término bilingüe utilizado en contextos de finanzas y operaciones bancarias.,,,Finance and Insurance Vocabulary,documento-local:finance-insurance-vocabulary-source,Borrador,,,"Importado del glosario proporcionado por el usuario, página 6.",Término,,,Acuerdo de compra/venta,,,,Media,,Intermedia,Demo,2026-07-17,2026-07-17,2026-07-17,1.0,"Importación de vocabulario financiero, bancario, seguros, automotriz y asistencia pública"
388,Purchasing power,Poder adquisitivo,Legal,Documentos y procedimientos,,,,,Término bilingüe utilizado en contextos de documentos y procedimientos.,,,Finance and Insurance Vocabulary,documento-local:finance-insurance-vocabulary-source,Borrador,,,"Importado del glosario proporcionado por el usuario, página 6.",Término,,,Poder adquisitivo,,,,Media,,Intermedia,Demo,2026-07-17,2026-07-17,2026-07-17,1.0,"Importación de vocabulario financiero, bancario, seguros, automotriz y asistencia pública"
389,Quarter,Trimestre,Banca y pagos,Finanzas y operaciones bancarias,,,,,Término bilingüe utilizado en contextos de finanzas y operaciones bancarias.,,,Finance and Insurance Vocabulary,documento-local:finance-insurance-vocabulary-source,Borrador,,,"Importado del glosario proporcionado por el usuario, página 6.",Término,,,Trimestre,,,,Media,,Intermedia,Demo,2026-07-17,2026-07-17,2026-07-17,1.0,"Importación de vocabulario financiero, bancario, seguros, automotriz y asistencia pública"
390,Rate,Tasa (de interés),Banca y pagos,Finanzas y operaciones bancarias,,,,,Término bilingüe utilizado en contextos de finanzas y operaciones bancarias.,,,Finance and Insurance Vocabulary,documento-local:finance-insurance-vocabulary-source,Borrador,,,"Importado del glosario proporcionado por el usuario, página 6.",Término,,,Tasa (de interés),,,,Media,,Intermedia,Demo,2026-07-17,2026-07-17,2026-07-17,1.0,"Importación de vocabulario financiero, bancario, seguros, automotriz y asistencia pública"
391,Rate of interest,Tasa de interés,Legal,Documentos y procedimientos,,,,,Término bilingüe utilizado en contextos de documentos y procedimientos.,,,Finance and Insurance Vocabulary,documento-local:finance-insurance-vocabulary-source,Borrador,,,"Importado del glosario proporcionado por el usuario, página 6.",Término,,,Tasa de interés,,,,Media,,Intermedia,Demo,2026-07-17,2026-07-17,2026-07-17,1.0,"Importación de vocabulario financiero, bancario, seguros, automotriz y asistencia pública"
392,Rate of return,Tasa de recuperación,Legal,Documentos y procedimientos,,,,,Término bilingüe utilizado en contextos de documentos y procedimientos.,,,Finance and Insurance Vocabulary,documento-local:finance-insurance-vocabulary-source,Borrador,,,"Importado del glosario proporcionado por el usuario, página 6.",Término,,,Tasa de recuperación,,,,Media,,Intermedia,Demo,2026-07-17,2026-07-17,2026-07-17,1.0,"Importación de vocabulario financiero, bancario, seguros, automotriz y asistencia pública"
393,Real estate,Bienes raíces,Banca y pagos,Hipotecas y bienes raíces,,,,,Término bilingüe utilizado en contextos de hipotecas y bienes raíces.,,,Finance and Insurance Vocabulary,documento-local:finance-insurance-vocabulary-source,Borrador,,,"Importado del glosario proporcionado por el usuario, página 6.",Término,,,Bienes raíces,,,,Media,,Intermedia,Demo,2026-07-17,2026-07-17,2026-07-17,1.0,"Importación de vocabulario financiero, bancario, seguros, automotriz y asistencia pública"
394,Real estate broker,Agente o corredor de bienes raíces,Banca y pagos,Hipotecas y bienes raíces,,,,,Término bilingüe utilizado en contextos de hipotecas y bienes raíces.,,,Finance and Insurance Vocabulary,documento-local:finance-insurance-vocabulary-source,Borrador,,,"Importado del glosario proporcionado por el usuario, página 6.",Término,,,Agente o corredor de bienes raíces,,,,Media,,Intermedia,Demo,2026-07-17,2026-07-17,2026-07-17,1.0,"Importación de vocabulario financiero, bancario, seguros, automotriz y asistencia pública"
395,Real estate tax,Impuesto sobre bienes muebles,Banca y pagos,Hipotecas y bienes raíces,,,,,Término bilingüe utilizado en contextos de hipotecas y bienes raíces.,,,Finance and Insurance Vocabulary,documento-local:finance-insurance-vocabulary-source,Borrador,,,"Importado del glosario proporcionado por el usuario, página 6.",Término,,,Impuesto sobre bienes muebles,,,,Media,,Intermedia,Demo,2026-07-17,2026-07-17,2026-07-17,1.0,"Importación de vocabulario financiero, bancario, seguros, automotriz y asistencia pública"
396,Reason Codes,Códigos que indican la causa,Banca y pagos,Finanzas y operaciones bancarias,,,,,Término bilingüe utilizado en contextos de finanzas y operaciones bancarias.,,,Finance and Insurance Vocabulary,documento-local:finance-insurance-vocabulary-source,Borrador,,,"Importado del glosario proporcionado por el usuario, página 6.",Término,,,Códigos que indican la causa,,,,Media,,Intermedia,Demo,2026-07-17,2026-07-17,2026-07-17,1.0,"Importación de vocabulario financiero, bancario, seguros, automotriz y asistencia pública"
397,Refinance,Refinanciamiento,Banca y pagos,Crédito y préstamos,,,,,Término bilingüe utilizado en contextos de crédito y préstamos.,,,Finance and Insurance Vocabulary,documento-local:finance-insurance-vocabulary-source,Borrador,,,"Importado del glosario proporcionado por el usuario, página 6.",Término,,,Refinanciamiento,,,,Media,,Intermedia,Demo,2026-07-17,2026-07-17,2026-07-17,1.0,"Importación de vocabulario financiero, bancario, seguros, automotriz y asistencia pública"
398,Refinancing,Refinanciamiento,Banca y pagos,Finanzas y operaciones bancarias,,,,,Término bilingüe utilizado en contextos de finanzas y operaciones bancarias.,,,Finance and Insurance Vocabulary,documento-local:finance-insurance-vocabulary-source,Borrador,,,"Importado del glosario proporcionado por el usuario, página 7.",Término,,,Refinanciamiento,,,,Media,,Intermedia,Demo,2026-07-17,2026-07-17,2026-07-17,1.0,"Importación de vocabulario financiero, bancario, seguros, automotriz y asistencia pública"
399,Repayment,Pago; reembolso,Banca y pagos,Crédito y préstamos,,,,,Término bilingüe utilizado en contextos de crédito y préstamos.,,,Finance and Insurance Vocabulary,documento-local:finance-insurance-vocabulary-source,Borrador,,,"Importado del glosario proporcionado por el usuario, página 7.",Término,,,Pago; reembolso,,,,Media,,Intermedia,Demo,2026-07-17,2026-07-17,2026-07-17,1.0,"Importación de vocabulario financiero, bancario, seguros, automotriz y asistencia pública"
400,Repossess,Reposeer,Banca y pagos,Finanzas y operaciones bancarias,,,,,Término bilingüe utilizado en contextos de finanzas y operaciones bancarias.,,,Finance and Insurance Vocabulary,documento-local:finance-insurance-vocabulary-source,Borrador,,,"Importado del glosario proporcionado por el usuario, página 7.",Término,,,Reposeer,,,,Media,,Intermedia,Demo,2026-07-17,2026-07-17,2026-07-17,1.0,"Importación de vocabulario financiero, bancario, seguros, automotriz y asistencia pública"
401,Retirement,Jubilación,Banca y pagos,Finanzas y operaciones bancarias,,,,,Término bilingüe utilizado en contextos de finanzas y operaciones bancarias.,,,Finance and Insurance Vocabulary,documento-local:finance-insurance-vocabulary-source,Borrador,,,"Importado del glosario proporcionado por el usuario, página 7.",Término,,,Jubilación,,,,Media,,Intermedia,Demo,2026-07-17,2026-07-17,2026-07-17,1.0,"Importación de vocabulario financiero, bancario, seguros, automotriz y asistencia pública"
402,Retirement account,Cuenta de jubilación,Banca y pagos,Finanzas y operaciones bancarias,,,,,Término bilingüe utilizado en contextos de finanzas y operaciones bancarias.,,,Finance and Insurance Vocabulary,documento-local:finance-insurance-vocabulary-source,Borrador,,,"Importado del glosario proporcionado por el usuario, página 7.",Término,,,Cuenta de jubilación,,,,Media,,Intermedia,Demo,2026-07-17,2026-07-17,2026-07-17,1.0,"Importación de vocabulario financiero, bancario, seguros, automotriz y asistencia pública"
403,Return,Rendimiento,Banca y pagos,Finanzas y operaciones bancarias,,,,,Término bilingüe utilizado en contextos de finanzas y operaciones bancarias.,,,Finance and Insurance Vocabulary,documento-local:finance-insurance-vocabulary-source,Borrador,,,"Importado del glosario proporcionado por el usuario, página 7.",Término,,,Rendimiento,,,,Media,,Intermedia,Demo,2026-07-17,2026-07-17,2026-07-17,1.0,"Importación de vocabulario financiero, bancario, seguros, automotriz y asistencia pública"
404,Returns; yield,Réditos,Banca y pagos,Inversiones,,,,,Término bilingüe utilizado en contextos de inversiones.,,,Finance and Insurance Vocabulary,documento-local:finance-insurance-vocabulary-source,Borrador,,,"Importado del glosario proporcionado por el usuario, página 7.",Término,,,Réditos,,,,Media,,Intermedia,Demo,2026-07-17,2026-07-17,2026-07-17,1.0,"Importación de vocabulario financiero, bancario, seguros, automotriz y asistencia pública"
405,Revenue,Ingreso; entrada bruta,Banca y pagos,Finanzas y operaciones bancarias,,,,,Término bilingüe utilizado en contextos de finanzas y operaciones bancarias.,,,Finance and Insurance Vocabulary,documento-local:finance-insurance-vocabulary-source,Borrador,,,"Importado del glosario proporcionado por el usuario, página 7.",Término,,,Ingreso; entrada bruta,,,,Media,,Intermedia,Demo,2026-07-17,2026-07-17,2026-07-17,1.0,"Importación de vocabulario financiero, bancario, seguros, automotriz y asistencia pública"
406,Revolving account,Cuenta renovable; refinanciable,Banca y pagos,Finanzas y operaciones bancarias,,,,,Término bilingüe utilizado en contextos de finanzas y operaciones bancarias.,,,Finance and Insurance Vocabulary,documento-local:finance-insurance-vocabulary-source,Borrador,,,"Importado del glosario proporcionado por el usuario, página 7.",Término,,,Cuenta renovable; refinanciable,,,,Media,,Intermedia,Demo,2026-07-17,2026-07-17,2026-07-17,1.0,"Importación de vocabulario financiero, bancario, seguros, automotriz y asistencia pública"
407,Right of property ownership,Derecho de propiedad de un inmueble,Legal,Documentos y procedimientos,,,,,Término bilingüe utilizado en contextos de documentos y procedimientos.,,,Finance and Insurance Vocabulary,documento-local:finance-insurance-vocabulary-source,Borrador,,,"Importado del glosario proporcionado por el usuario, página 7.",Término,,,Derecho de propiedad de un inmueble,,,,Media,,Intermedia,Demo,2026-07-17,2026-07-17,2026-07-17,1.0,"Importación de vocabulario financiero, bancario, seguros, automotriz y asistencia pública"
408,Risk of tolerance or tolerance risk,Tolerancia al riesgo,Legal,Documentos y procedimientos,,,,,Término bilingüe utilizado en contextos de documentos y procedimientos.,,,Finance and Insurance Vocabulary,documento-local:finance-insurance-vocabulary-source,Borrador,,,"Importado del glosario proporcionado por el usuario, página 7.",Término,,,Tolerancia al riesgo,,,,Media,,Intermedia,Demo,2026-07-17,2026-07-17,2026-07-17,1.0,"Importación de vocabulario financiero, bancario, seguros, automotriz y asistencia pública"
409,Rollover,Transferir,Banca y pagos,Finanzas y operaciones bancarias,,,,,Término bilingüe utilizado en contextos de finanzas y operaciones bancarias.,,,Finance and Insurance Vocabulary,documento-local:finance-insurance-vocabulary-source,Borrador,,,"Importado del glosario proporcionado por el usuario, página 7.",Término,,,Transferir,,,,Media,,Intermedia,Demo,2026-07-17,2026-07-17,2026-07-17,1.0,"Importación de vocabulario financiero, bancario, seguros, automotriz y asistencia pública"
410,Salary deferral,"Diferimiento, prórroga del salario",Banca y pagos,Finanzas y operaciones bancarias,,,,,Término bilingüe utilizado en contextos de finanzas y operaciones bancarias.,,,Finance and Insurance Vocabulary,documento-local:finance-insurance-vocabulary-source,Borrador,,,"Importado del glosario proporcionado por el usuario, página 7.",Término,,,"Diferimiento, prórroga del salario",,,,Media,,Intermedia,Demo,2026-07-17,2026-07-17,2026-07-17,1.0,"Importación de vocabulario financiero, bancario, seguros, automotriz y asistencia pública"
411,Sales agreement,Acuerdo de venta,Banca y pagos,Finanzas y operaciones bancarias,,,,,Término bilingüe utilizado en contextos de finanzas y operaciones bancarias.,,,Finance and Insurance Vocabulary,documento-local:finance-insurance-vocabulary-source,Borrador,,,"Importado del glosario proporcionado por el usuario, página 7.",Término,,,Acuerdo de venta,,,,Media,,Intermedia,Demo,2026-07-17,2026-07-17,2026-07-17,1.0,"Importación de vocabulario financiero, bancario, seguros, automotriz y asistencia pública"
412,Sales contract,Contrato de compraventa,Banca y pagos,Finanzas y operaciones bancarias,,,,,Término bilingüe utilizado en contextos de finanzas y operaciones bancarias.,,,Finance and Insurance Vocabulary,documento-local:finance-insurance-vocabulary-source,Borrador,,,"Importado del glosario proporcionado por el usuario, página 7.",Término,,,Contrato de compraventa,,,,Media,,Intermedia,Demo,2026-07-17,2026-07-17,2026-07-17,1.0,"Importación de vocabulario financiero, bancario, seguros, automotriz y asistencia pública"
413,Score,Puntuación,Banca y pagos,Finanzas y operaciones bancarias,,,,,Término bilingüe utilizado en contextos de finanzas y operaciones bancarias.,,,Finance and Insurance Vocabulary,documento-local:finance-insurance-vocabulary-source,Borrador,,,"Importado del glosario proporcionado por el usuario, página 7.",Término,,,Puntuación,,,,Media,,Intermedia,Demo,2026-07-17,2026-07-17,2026-07-17,1.0,"Importación de vocabulario financiero, bancario, seguros, automotriz y asistencia pública"
414,Securities,Valores,Banca y pagos,Inversiones,,,,,Término bilingüe utilizado en contextos de inversiones.,,,Finance and Insurance Vocabulary,documento-local:finance-insurance-vocabulary-source,Borrador,,,"Importado del glosario proporcionado por el usuario, página 7.",Término,,,Valores,,,,Media,,Intermedia,Demo,2026-07-17,2026-07-17,2026-07-17,1.0,"Importación de vocabulario financiero, bancario, seguros, automotriz y asistencia pública"
415,Seize a property.,Confiscar una propiedad,Banca y pagos,Hipotecas y bienes raíces,,,,,Término bilingüe utilizado en contextos de hipotecas y bienes raíces.,,,Finance and Insurance Vocabulary,documento-local:finance-insurance-vocabulary-source,Borrador,,,"Importado del glosario proporcionado por el usuario, página 7.",Término,,,Confiscar una propiedad,,,,Media,,Intermedia,Demo,2026-07-17,2026-07-17,2026-07-17,1.0,"Importación de vocabulario financiero, bancario, seguros, automotriz y asistencia pública"
416,Self-employed (to be),Trabajar por cuenta propia,Banca y pagos,Finanzas y operaciones bancarias,,,,,Término bilingüe utilizado en contextos de finanzas y operaciones bancarias.,,,Finance and Insurance Vocabulary,documento-local:finance-insurance-vocabulary-source,Borrador,,,"Importado del glosario proporcionado por el usuario, página 7.",Término,,,Trabajar por cuenta propia,,,,Media,,Intermedia,Demo,2026-07-17,2026-07-17,2026-07-17,1.0,"Importación de vocabulario financiero, bancario, seguros, automotriz y asistencia pública"
417,Sell order,Orden de venta,Banca y pagos,Finanzas y operaciones bancarias,,,,,Término bilingüe utilizado en contextos de finanzas y operaciones bancarias.,,,Finance and Insurance Vocabulary,documento-local:finance-insurance-vocabulary-source,Borrador,,,"Importado del glosario proporcionado por el usuario, página 7.",Término,,,Orden de venta,,,,Media,,Intermedia,Demo,2026-07-17,2026-07-17,2026-07-17,1.0,"Importación de vocabulario financiero, bancario, seguros, automotriz y asistencia pública"
418,Shareholder,Accionistas,Banca y pagos,Inversiones,,,,,Término bilingüe utilizado en contextos de inversiones.,,,Finance and Insurance Vocabulary,documento-local:finance-insurance-vocabulary-source,Borrador,,,"Importado del glosario proporcionado por el usuario, página 7.",Término,,,Accionistas,,,,Media,,Intermedia,Demo,2026-07-17,2026-07-17,2026-07-17,1.0,"Importación de vocabulario financiero, bancario, seguros, automotriz y asistencia pública"
419,Shares,Acciones,Banca y pagos,Inversiones,,,,,Término bilingüe utilizado en contextos de inversiones.,,,Finance and Insurance Vocabulary,documento-local:finance-insurance-vocabulary-source,Borrador,,,"Importado del glosario proporcionado por el usuario, página 7.",Término,,,Acciones,,,,Media,,Intermedia,Demo,2026-07-17,2026-07-17,2026-07-17,1.0,"Importación de vocabulario financiero, bancario, seguros, automotriz y asistencia pública"
420,Shortfall,Déficit,Banca y pagos,Finanzas y operaciones bancarias,,,,,Término bilingüe utilizado en contextos de finanzas y operaciones bancarias.,,,Finance and Insurance Vocabulary,documento-local:finance-insurance-vocabulary-source,Borrador,,,"Importado del glosario proporcionado por el usuario, página 7.",Término,,,Déficit,,,,Media,,Intermedia,Demo,2026-07-17,2026-07-17,2026-07-17,1.0,"Importación de vocabulario financiero, bancario, seguros, automotriz y asistencia pública"
421,Stock,Acciones,Banca y pagos,Inversiones,,,,,Término bilingüe utilizado en contextos de inversiones.,,,Finance and Insurance Vocabulary,documento-local:finance-insurance-vocabulary-source,Borrador,,,"Importado del glosario proporcionado por el usuario, página 7.",Término,,,Acciones,,,,Media,,Intermedia,Demo,2026-07-17,2026-07-17,2026-07-17,1.0,"Importación de vocabulario financiero, bancario, seguros, automotriz y asistencia pública"
422,Stock exchange,Bolsa de valores,Banca y pagos,Inversiones,,,,,Término bilingüe utilizado en contextos de inversiones.,,,Finance and Insurance Vocabulary,documento-local:finance-insurance-vocabulary-source,Borrador,,,"Importado del glosario proporcionado por el usuario, página 7.",Término,,,Bolsa de valores,,,,Media,,Intermedia,Demo,2026-07-17,2026-07-17,2026-07-17,1.0,"Importación de vocabulario financiero, bancario, seguros, automotriz y asistencia pública"
423,Stock index,Índice de valores en el mercado,Banca y pagos,Inversiones,,,,,Término bilingüe utilizado en contextos de inversiones.,,,Finance and Insurance Vocabulary,documento-local:finance-insurance-vocabulary-source,Borrador,,,"Importado del glosario proporcionado por el usuario, página 7.",Término,,,Índice de valores en el mercado,,,,Media,,Intermedia,Demo,2026-07-17,2026-07-17,2026-07-17,1.0,"Importación de vocabulario financiero, bancario, seguros, automotriz y asistencia pública"
424,Stock market,Mercado bursátil; bolsa de valores; “la bolsa”,Banca y pagos,Inversiones,,,,,Término bilingüe utilizado en contextos de inversiones.,,,Finance and Insurance Vocabulary,documento-local:finance-insurance-vocabulary-source,Borrador,,,"Importado del glosario proporcionado por el usuario, página 7.",Término,,,Mercado bursátil; bolsa de valores; “la bolsa”,,,,Media,,Intermedia,Demo,2026-07-17,2026-07-17,2026-07-17,1.0,"Importación de vocabulario financiero, bancario, seguros, automotriz y asistencia pública"
425,Stock options,Opciones en valores bursátiles,Banca y pagos,Inversiones,,,,,Término bilingüe utilizado en contextos de inversiones.,,,Finance and Insurance Vocabulary,documento-local:finance-insurance-vocabulary-source,Borrador,,,"Importado del glosario proporcionado por el usuario, página 7.",Término,,,Opciones en valores bursátiles,,,,Media,,Intermedia,Demo,2026-07-17,2026-07-17,2026-07-17,1.0,"Importación de vocabulario financiero, bancario, seguros, automotriz y asistencia pública"
426,Stop payment,Suspensión de pago,Banca y pagos,Finanzas y operaciones bancarias,,,,,Término bilingüe utilizado en contextos de finanzas y operaciones bancarias.,,,Finance and Insurance Vocabulary,documento-local:finance-insurance-vocabulary-source,Borrador,,,"Importado del glosario proporcionado por el usuario, página 7.",Término,,,Suspensión de pago,,,,Media,,Intermedia,Demo,2026-07-17,2026-07-17,2026-07-17,1.0,"Importación de vocabulario financiero, bancario, seguros, automotriz y asistencia pública"
427,Stop payment order,Aviso de suspensión de pago de un cheque,Banca y pagos,Finanzas y operaciones bancarias,,,,,Término bilingüe utilizado en contextos de finanzas y operaciones bancarias.,,,Finance and Insurance Vocabulary,documento-local:finance-insurance-vocabulary-source,Borrador,,,"Importado del glosario proporcionado por el usuario, página 7.",Término,,,Aviso de suspensión de pago de un cheque,,,,Media,,Intermedia,Demo,2026-07-17,2026-07-17,2026-07-17,1.0,"Importación de vocabulario financiero, bancario, seguros, automotriz y asistencia pública"
428,Storage costs,Gastos de almacenaje,Banca y pagos,Finanzas y operaciones bancarias,,,,,Término bilingüe utilizado en contextos de finanzas y operaciones bancarias.,,,Finance and Insurance Vocabulary,documento-local:finance-insurance-vocabulary-source,Borrador,,,"Importado del glosario proporcionado por el usuario, página 7.",Término,,,Gastos de almacenaje,,,,Media,,Intermedia,Demo,2026-07-17,2026-07-17,2026-07-17,1.0,"Importación de vocabulario financiero, bancario, seguros, automotriz y asistencia pública"
429,Surcharges,Recargos,Banca y pagos,Finanzas y operaciones bancarias,,,,,Término bilingüe utilizado en contextos de finanzas y operaciones bancarias.,,,Finance and Insurance Vocabulary,documento-local:finance-insurance-vocabulary-source,Borrador,,,"Importado del glosario proporcionado por el usuario, página 7.",Término,,,Recargos,,,,Media,,Intermedia,Demo,2026-07-17,2026-07-17,2026-07-17,1.0,"Importación de vocabulario financiero, bancario, seguros, automotriz y asistencia pública"
430,Surplus,Excedente,Banca y pagos,Finanzas y operaciones bancarias,,,,,Término bilingüe utilizado en contextos de finanzas y operaciones bancarias.,,,Finance and Insurance Vocabulary,documento-local:finance-insurance-vocabulary-source,Borrador,,,"Importado del glosario proporcionado por el usuario, página 7.",Término,,,Excedente,,,,Media,,Intermedia,Demo,2026-07-17,2026-07-17,2026-07-17,1.0,"Importación de vocabulario financiero, bancario, seguros, automotriz y asistencia pública"
431,Tax advisor,Consejero en materia de impuestos,Banca y pagos,Impuestos,,,,,Término bilingüe utilizado en contextos de impuestos.,,,Finance and Insurance Vocabulary,documento-local:finance-insurance-vocabulary-source,Borrador,,,"Importado del glosario proporcionado por el usuario, página 7.",Término,,,Consejero en materia de impuestos,,,,Media,,Intermedia,Demo,2026-07-17,2026-07-17,2026-07-17,1.0,"Importación de vocabulario financiero, bancario, seguros, automotriz y asistencia pública"
432,Tax exempt,"Exento de contribución, exento de impuesto",Banca y pagos,Impuestos,,,,,Término bilingüe utilizado en contextos de impuestos.,,,Finance and Insurance Vocabulary,documento-local:finance-insurance-vocabulary-source,Borrador,,,"Importado del glosario proporcionado por el usuario, página 7.",Término,,,"Exento de contribución, exento de impuesto",,,,Media,,Intermedia,Demo,2026-07-17,2026-07-17,2026-07-17,1.0,"Importación de vocabulario financiero, bancario, seguros, automotriz y asistencia pública"
433,Tax withholding,Retención de impuestos,Banca y pagos,Impuestos,,,,,Término bilingüe utilizado en contextos de impuestos.,,,Finance and Insurance Vocabulary,documento-local:finance-insurance-vocabulary-source,Borrador,,,"Importado del glosario proporcionado por el usuario, página 7.",Término,,,Retención de impuestos,,,,Media,,Intermedia,Demo,2026-07-17,2026-07-17,2026-07-17,1.0,"Importación de vocabulario financiero, bancario, seguros, automotriz y asistencia pública"
434,Act of God,Acto de fuerza mayor,Legal,Documentos y procedimientos,,,,,Término bilingüe utilizado en contextos de documentos y procedimientos.,,,Finance and Insurance Vocabulary,documento-local:finance-insurance-vocabulary-source,Borrador,,,"Importado del glosario proporcionado por el usuario, página 8.",Término,,,Acto de fuerza mayor,,,,Media,,Intermedia,Demo,2026-07-17,2026-07-17,2026-07-17,1.0,"Importación de vocabulario financiero, bancario, seguros, automotriz y asistencia pública"
435,Actual cash value,Valor efectivo; valor de mercado,Partes de carros,Automotriz y seguros,,,,,Término bilingüe utilizado en contextos de automotriz y seguros.,,,Finance and Insurance Vocabulary,documento-local:finance-insurance-vocabulary-source,Borrador,,,"Importado del glosario proporcionado por el usuario, página 8.",Término,,,Valor efectivo; valor de mercado,,,,Media,,Intermedia,Demo,2026-07-17,2026-07-17,2026-07-17,1.0,"Importación de vocabulario financiero, bancario, seguros, automotriz y asistencia pública"
436,Air pump,Bomba de aire,Partes de carros,Partes y mantenimiento,,,,,Término bilingüe utilizado en contextos de partes y mantenimiento.,,,Finance and Insurance Vocabulary,documento-local:finance-insurance-vocabulary-source,Borrador,,,"Importado del glosario proporcionado por el usuario, página 8.",Término,,,Bomba de aire,,,,Media,,Intermedia,Demo,2026-07-17,2026-07-17,2026-07-17,1.0,"Importación de vocabulario financiero, bancario, seguros, automotriz y asistencia pública"
437,Alley,Callejón,Partes de carros,Carreteras y tránsito,,,,,Término bilingüe utilizado en contextos de carreteras y tránsito.,,,Finance and Insurance Vocabulary,documento-local:finance-insurance-vocabulary-source,Borrador,,,"Importado del glosario proporcionado por el usuario, página 8.",Término,,,Callejón,,,,Media,,Intermedia,Demo,2026-07-17,2026-07-17,2026-07-17,1.0,"Importación de vocabulario financiero, bancario, seguros, automotriz y asistencia pública"
438,Tax return,Declaración o rendimiento de Impuestos.,Banca y pagos,Impuestos,,,,,Término bilingüe utilizado en contextos de impuestos.,,,Finance and Insurance Vocabulary,documento-local:finance-insurance-vocabulary-source,Borrador,,,"Importado del glosario proporcionado por el usuario, página 8.",Término,,,Declaración o rendimiento de Impuestos.,,,,Media,,Intermedia,Demo,2026-07-17,2026-07-17,2026-07-17,1.0,"Importación de vocabulario financiero, bancario, seguros, automotriz y asistencia pública"
439,Taxpayer,Contribuyente,Banca y pagos,Impuestos,,,,,Término bilingüe utilizado en contextos de impuestos.,,,Finance and Insurance Vocabulary,documento-local:finance-insurance-vocabulary-source,Borrador,,,"Importado del glosario proporcionado por el usuario, página 8.",Término,,,Contribuyente,,,,Media,,Intermedia,Demo,2026-07-17,2026-07-17,2026-07-17,1.0,"Importación de vocabulario financiero, bancario, seguros, automotriz y asistencia pública"
440,Term,Plazo,Banca y pagos,Finanzas y operaciones bancarias,,,,,Término bilingüe utilizado en contextos de finanzas y operaciones bancarias.,,,Finance and Insurance Vocabulary,documento-local:finance-insurance-vocabulary-source,Borrador,,,"Importado del glosario proporcionado por el usuario, página 8.",Término,,,Plazo,,,,Media,,Intermedia,Demo,2026-07-17,2026-07-17,2026-07-17,1.0,"Importación de vocabulario financiero, bancario, seguros, automotriz y asistencia pública"
441,Term of a contract,Duración de un contrato,Legal,Documentos y procedimientos,,,,,Término bilingüe utilizado en contextos de documentos y procedimientos.,,,Finance and Insurance Vocabulary,documento-local:finance-insurance-vocabulary-source,Borrador,,,"Importado del glosario proporcionado por el usuario, página 8.",Término,,,Duración de un contrato,,,,Media,,Intermedia,Demo,2026-07-17,2026-07-17,2026-07-17,1.0,"Importación de vocabulario financiero, bancario, seguros, automotriz y asistencia pública"
442,Testify,Testificar,Legal,Documentos y procedimientos,,,,,Término bilingüe utilizado en contextos de documentos y procedimientos.,,,Finance and Insurance Vocabulary,documento-local:finance-insurance-vocabulary-source,Borrador,,,"Importado del glosario proporcionado por el usuario, página 8.",Término,,,Testificar,,,,Media,,Intermedia,Demo,2026-07-17,2026-07-17,2026-07-17,1.0,"Importación de vocabulario financiero, bancario, seguros, automotriz y asistencia pública"
443,Time horizon,Lapso de tiempo contemplado,Banca y pagos,Finanzas y operaciones bancarias,,,,,Término bilingüe utilizado en contextos de finanzas y operaciones bancarias.,,,Finance and Insurance Vocabulary,documento-local:finance-insurance-vocabulary-source,Borrador,,,"Importado del glosario proporcionado por el usuario, página 8.",Término,,,Lapso de tiempo contemplado,,,,Media,,Intermedia,Demo,2026-07-17,2026-07-17,2026-07-17,1.0,"Importación de vocabulario financiero, bancario, seguros, automotriz y asistencia pública"
444,"Title, deed",Título de propiedad,Legal,Documentos y procedimientos,,,,,Término bilingüe utilizado en contextos de documentos y procedimientos.,,,Finance and Insurance Vocabulary,documento-local:finance-insurance-vocabulary-source,Borrador,,,"Importado del glosario proporcionado por el usuario, página 8.",Término,,,Título de propiedad,,,,Media,,Intermedia,Demo,2026-07-17,2026-07-17,2026-07-17,1.0,"Importación de vocabulario financiero, bancario, seguros, automotriz y asistencia pública"
445,Trade,Transacción (bursátil),Banca y pagos,Finanzas y operaciones bancarias,,,,,Término bilingüe utilizado en contextos de finanzas y operaciones bancarias.,,,Finance and Insurance Vocabulary,documento-local:finance-insurance-vocabulary-source,Borrador,,,"Importado del glosario proporcionado por el usuario, página 8.",Término,,,Transacción (bursátil),,,,Media,,Intermedia,Demo,2026-07-17,2026-07-17,2026-07-17,1.0,"Importación de vocabulario financiero, bancario, seguros, automotriz y asistencia pública"
446,Trading securities,Valores a la venta,Banca y pagos,Inversiones,,,,,Término bilingüe utilizado en contextos de inversiones.,,,Finance and Insurance Vocabulary,documento-local:finance-insurance-vocabulary-source,Borrador,,,"Importado del glosario proporcionado por el usuario, página 8.",Término,,,Valores a la venta,,,,Media,,Intermedia,Demo,2026-07-17,2026-07-17,2026-07-17,1.0,"Importación de vocabulario financiero, bancario, seguros, automotriz y asistencia pública"
447,Treasury Bonds,Bonos de la tesorería,Banca y pagos,Inversiones,,,,,Término bilingüe utilizado en contextos de inversiones.,,,Finance and Insurance Vocabulary,documento-local:finance-insurance-vocabulary-source,Borrador,,,"Importado del glosario proporcionado por el usuario, página 8.",Término,,,Bonos de la tesorería,,,,Media,,Intermedia,Demo,2026-07-17,2026-07-17,2026-07-17,1.0,"Importación de vocabulario financiero, bancario, seguros, automotriz y asistencia pública"
448,Trust,Fideicomiso,Banca y pagos,Finanzas y operaciones bancarias,,,,,Término bilingüe utilizado en contextos de finanzas y operaciones bancarias.,,,Finance and Insurance Vocabulary,documento-local:finance-insurance-vocabulary-source,Borrador,,,"Importado del glosario proporcionado por el usuario, página 8.",Término,,,Fideicomiso,,,,Media,,Intermedia,Demo,2026-07-17,2026-07-17,2026-07-17,1.0,"Importación de vocabulario financiero, bancario, seguros, automotriz y asistencia pública"
449,Truth in Lending Act,Ley de Veracidad sobre Préstamos,Banca y pagos,Finanzas y operaciones bancarias,,,,,Término bilingüe utilizado en contextos de finanzas y operaciones bancarias.,,,Finance and Insurance Vocabulary,documento-local:finance-insurance-vocabulary-source,Borrador,,,"Importado del glosario proporcionado por el usuario, página 8.",Término,,,Ley de Veracidad sobre Préstamos,,,,Media,,Intermedia,Demo,2026-07-17,2026-07-17,2026-07-17,1.0,"Importación de vocabulario financiero, bancario, seguros, automotriz y asistencia pública"
450,Uncollectible receivables,Cuentas no cobrables,Banca y pagos,Finanzas y operaciones bancarias,,,,,Término bilingüe utilizado en contextos de finanzas y operaciones bancarias.,,,Finance and Insurance Vocabulary,documento-local:finance-insurance-vocabulary-source,Borrador,,,"Importado del glosario proporcionado por el usuario, página 8.",Término,,,Cuentas no cobrables,,,,Media,,Intermedia,Demo,2026-07-17,2026-07-17,2026-07-17,1.0,"Importación de vocabulario financiero, bancario, seguros, automotriz y asistencia pública"
451,Up-front costs,Gastos inmediatos,Banca y pagos,Finanzas y operaciones bancarias,,,,,Término bilingüe utilizado en contextos de finanzas y operaciones bancarias.,,,Finance and Insurance Vocabulary,documento-local:finance-insurance-vocabulary-source,Borrador,,,"Importado del glosario proporcionado por el usuario, página 8.",Término,,,Gastos inmediatos,,,,Media,,Intermedia,Demo,2026-07-17,2026-07-17,2026-07-17,1.0,"Importación de vocabulario financiero, bancario, seguros, automotriz y asistencia pública"
452,Vested,Conferido o transferido (a lo que se,Banca y pagos,Finanzas y operaciones bancarias,,,,,Término bilingüe utilizado en contextos de finanzas y operaciones bancarias.,,,Finance and Insurance Vocabulary,documento-local:finance-insurance-vocabulary-source,Borrador,,,"Importado del glosario proporcionado por el usuario, página 8.",Término,,,Conferido o transferido (a lo que se,,,,Media,,Intermedia,Demo,2026-07-17,2026-07-17,2026-07-17,1.0,"Importación de vocabulario financiero, bancario, seguros, automotriz y asistencia pública"
453,Voucher,Comprobante,Banca y pagos,Finanzas y operaciones bancarias,,,"Comprobante / Cupón, Vale",,Término bilingüe utilizado en contextos de finanzas y operaciones bancarias.,,,Finance and Insurance Vocabulary,documento-local:finance-insurance-vocabulary-source,Borrador,,,"Importado del glosario proporcionado por el usuario, página 8. Lista Medical Verbs, fila 28: Voucher = Comprobante / Cupón, Vale.",Término,,,Comprobante,,,,Media,,Intermedia,Demo,2026-07-17,2026-07-17,2026-07-28,1.1,"Importación de vocabulario financiero, bancario, seguros, automotriz y asistencia pública; consolidado sin duplicar con Medical Verbs"
454,Waive,Renunciar a un derecho;,Banca y pagos,Finanzas y operaciones bancarias,,,,,Término bilingüe utilizado en contextos de finanzas y operaciones bancarias.,,,Finance and Insurance Vocabulary,documento-local:finance-insurance-vocabulary-source,Borrador,,,"Importado del glosario proporcionado por el usuario, página 8.",Término,,,Renunciar a un derecho;,,,,Media,,Intermedia,Demo,2026-07-17,2026-07-17,2026-07-17,1.0,"Importación de vocabulario financiero, bancario, seguros, automotriz y asistencia pública"
455,Will,Testamento,Legal,Documentos y procedimientos,,,,,Término bilingüe utilizado en contextos de documentos y procedimientos.,,,Finance and Insurance Vocabulary,documento-local:finance-insurance-vocabulary-source,Borrador,,,"Importado del glosario proporcionado por el usuario, página 8.",Término,,,Testamento,,,,Media,,Intermedia,Demo,2026-07-17,2026-07-17,2026-07-17,1.0,"Importación de vocabulario financiero, bancario, seguros, automotriz y asistencia pública"
456,Wire transfer,Transferencia electrónica,Banca y pagos,Finanzas y operaciones bancarias,,,,,Término bilingüe utilizado en contextos de finanzas y operaciones bancarias.,,,Finance and Insurance Vocabulary,documento-local:finance-insurance-vocabulary-source,Borrador,,,"Importado del glosario proporcionado por el usuario, página 8.",Término,,,Transferencia electrónica,,,,Media,,Intermedia,Demo,2026-07-17,2026-07-17,2026-07-17,1.0,"Importación de vocabulario financiero, bancario, seguros, automotriz y asistencia pública"
457,Withdraw,Retirar,Banca y pagos,Finanzas y operaciones bancarias,,,,,Término bilingüe utilizado en contextos de finanzas y operaciones bancarias.,,,Finance and Insurance Vocabulary,documento-local:finance-insurance-vocabulary-source,Borrador,,,"Importado del glosario proporcionado por el usuario, página 8.",Término,,,Retirar,,,,Media,,Intermedia,Demo,2026-07-17,2026-07-17,2026-07-17,1.0,"Importación de vocabulario financiero, bancario, seguros, automotriz y asistencia pública"
458,Withholding tax,Impuesto retenido,Banca y pagos,Impuestos,,,,,Término bilingüe utilizado en contextos de impuestos.,,,Finance and Insurance Vocabulary,documento-local:finance-insurance-vocabulary-source,Borrador,,,"Importado del glosario proporcionado por el usuario, página 8.",Término,,,Impuesto retenido,,,,Media,,Intermedia,Demo,2026-07-17,2026-07-17,2026-07-17,1.0,"Importación de vocabulario financiero, bancario, seguros, automotriz y asistencia pública"
459,Withholdings,Cantidad que ha sido retenida,Banca y pagos,Impuestos,,,,,Término bilingüe utilizado en contextos de impuestos.,,,Finance and Insurance Vocabulary,documento-local:finance-insurance-vocabulary-source,Borrador,,,"Importado del glosario proporcionado por el usuario, página 8.",Término,,,Cantidad que ha sido retenida,,,,Media,,Intermedia,Demo,2026-07-17,2026-07-17,2026-07-17,1.0,"Importación de vocabulario financiero, bancario, seguros, automotriz y asistencia pública"
460,Yearly income tax statement,Declaración anual de impuestos,Banca y pagos,Impuestos,,,,,Término bilingüe utilizado en contextos de impuestos.,,,Finance and Insurance Vocabulary,documento-local:finance-insurance-vocabulary-source,Borrador,,,"Importado del glosario proporcionado por el usuario, página 8.",Término,,,Declaración anual de impuestos,,,,Media,,Intermedia,Demo,2026-07-17,2026-07-17,2026-07-17,1.0,"Importación de vocabulario financiero, bancario, seguros, automotriz y asistencia pública"
461,Yield rate,Tasa de rendimiento,Banca y pagos,Inversiones,,,,,Término bilingüe utilizado en contextos de inversiones.,,,Finance and Insurance Vocabulary,documento-local:finance-insurance-vocabulary-source,Borrador,,,"Importado del glosario proporcionado por el usuario, página 8.",Término,,,Tasa de rendimiento,,,,Media,,Intermedia,Demo,2026-07-17,2026-07-17,2026-07-17,1.0,"Importación de vocabulario financiero, bancario, seguros, automotriz y asistencia pública"
462,All-terrain,Todo tipo de terreno,Partes de carros,Automotriz y seguros,,,,,Término bilingüe utilizado en contextos de automotriz y seguros.,,,Finance and Insurance Vocabulary,documento-local:finance-insurance-vocabulary-source,Borrador,,,"Importado del glosario proporcionado por el usuario, página 9.",Término,,,Todo tipo de terreno,,,,Media,,Intermedia,Demo,2026-07-17,2026-07-17,2026-07-17,1.0,"Importación de vocabulario financiero, bancario, seguros, automotriz y asistencia pública"
463,Aluminum rims,Rines de aluminio,Partes de carros,Partes y mantenimiento,,,,,Término bilingüe utilizado en contextos de partes y mantenimiento.,,,Finance and Insurance Vocabulary,documento-local:finance-insurance-vocabulary-source,Borrador,,,"Importado del glosario proporcionado por el usuario, página 9.",Término,,,Rines de aluminio,,,,Media,,Intermedia,Demo,2026-07-17,2026-07-17,2026-07-17,1.0,"Importación de vocabulario financiero, bancario, seguros, automotriz y asistencia pública"
464,Anti-lock brake system (ABS),Frenos antibloqueo,Partes de carros,Partes y mantenimiento,ABS,,,,Término bilingüe utilizado en contextos de partes y mantenimiento.,,,Finance and Insurance Vocabulary,documento-local:finance-insurance-vocabulary-source,Borrador,,,"Importado del glosario proporcionado por el usuario, página 9.",Término,,,Frenos antibloqueo,,,,Media,,Intermedia,Demo,2026-07-17,2026-07-17,2026-07-17,1.0,"Importación de vocabulario financiero, bancario, seguros, automotriz y asistencia pública"
465,Anti-theft device,Dispositivo contra robos,Partes de carros,Automotriz y seguros,,,,,Término bilingüe utilizado en contextos de automotriz y seguros.,,,Finance and Insurance Vocabulary,documento-local:finance-insurance-vocabulary-source,Borrador,,,"Importado del glosario proporcionado por el usuario, página 9.",Término,,,Dispositivo contra robos,,,,Media,,Intermedia,Demo,2026-07-17,2026-07-17,2026-07-17,1.0,"Importación de vocabulario financiero, bancario, seguros, automotriz y asistencia pública"
466,Antifreeze,Anticongelante,Partes de carros,Partes y mantenimiento,,,,,Término bilingüe utilizado en contextos de partes y mantenimiento.,,,Finance and Insurance Vocabulary,documento-local:finance-insurance-vocabulary-source,Borrador,,,"Importado del glosario proporcionado por el usuario, página 9.",Término,,,Anticongelante,,,,Media,,Intermedia,Demo,2026-07-17,2026-07-17,2026-07-17,1.0,"Importación de vocabulario financiero, bancario, seguros, automotriz y asistencia pública"
467,Antiskid,Antideslizante,Partes de carros,Carreteras y tránsito,,,,,Término bilingüe utilizado en contextos de carreteras y tránsito.,,,Finance and Insurance Vocabulary,documento-local:finance-insurance-vocabulary-source,Borrador,,,"Importado del glosario proporcionado por el usuario, página 9.",Término,,,Antideslizante,,,,Media,,Intermedia,Demo,2026-07-17,2026-07-17,2026-07-17,1.0,"Importación de vocabulario financiero, bancario, seguros, automotriz y asistencia pública"
468,Appraiser,Evaluador,Partes de carros,Automotriz y seguros,,,,,Término bilingüe utilizado en contextos de automotriz y seguros.,,,Finance and Insurance Vocabulary,documento-local:finance-insurance-vocabulary-source,Borrador,,,"Importado del glosario proporcionado por el usuario, página 9.",Término,,,Evaluador,,,,Media,,Intermedia,Demo,2026-07-17,2026-07-17,2026-07-17,1.0,"Importación de vocabulario financiero, bancario, seguros, automotriz y asistencia pública"
469,Asset protection,Protección,Partes de carros,Automotriz y seguros,,,,,Término bilingüe utilizado en contextos de automotriz y seguros.,,,Finance and Insurance Vocabulary,documento-local:finance-insurance-vocabulary-source,Borrador,,,"Importado del glosario proporcionado por el usuario, página 9.",Término,,,Protección,,,,Media,,Intermedia,Demo,2026-07-17,2026-07-17,2026-07-17,1.0,"Importación de vocabulario financiero, bancario, seguros, automotriz y asistencia pública"
470,At fault,Tener la culpa,Seguros y trámites,Accidentes y reclamaciones,,,,,Término bilingüe utilizado en contextos de accidentes y reclamaciones.,,,Finance and Insurance Vocabulary,documento-local:finance-insurance-vocabulary-source,Borrador,,,"Importado del glosario proporcionado por el usuario, página 9.",Término,,,Tener la culpa,,,,Media,,Intermedia,Demo,2026-07-17,2026-07-17,2026-07-17,1.0,"Importación de vocabulario financiero, bancario, seguros, automotriz y asistencia pública"
471,Auction,Subasta,Partes de carros,Automotriz y seguros,,,,,Término bilingüe utilizado en contextos de automotriz y seguros.,,,Finance and Insurance Vocabulary,documento-local:finance-insurance-vocabulary-source,Borrador,,,"Importado del glosario proporcionado por el usuario, página 9.",Término,,,Subasta,,,,Media,,Intermedia,Demo,2026-07-17,2026-07-17,2026-07-17,1.0,"Importación de vocabulario financiero, bancario, seguros, automotriz y asistencia pública"
472,Auto rental reimbursement,Reembolso de renta de auto,Seguros y trámites,Seguros y pólizas,,,,,Término bilingüe utilizado en contextos de seguros y pólizas.,,,Finance and Insurance Vocabulary,documento-local:finance-insurance-vocabulary-source,Borrador,,,"Importado del glosario proporcionado por el usuario, página 9.",Término,,,Reembolso de renta de auto,,,,Media,,Intermedia,Demo,2026-07-17,2026-07-17,2026-07-17,1.0,"Importación de vocabulario financiero, bancario, seguros, automotriz y asistencia pública"
473,Axle,Eje,Partes de carros,Partes y mantenimiento,,,,,Término bilingüe utilizado en contextos de partes y mantenimiento.,,,Finance and Insurance Vocabulary,documento-local:finance-insurance-vocabulary-source,Borrador,,,"Importado del glosario proporcionado por el usuario, página 9.",Término,,,Eje,,,,Media,,Intermedia,Demo,2026-07-17,2026-07-17,2026-07-17,1.0,"Importación de vocabulario financiero, bancario, seguros, automotriz y asistencia pública"
474,Back up (a vehicle),Dar marcha atrás; retroceder,Partes de carros,Automotriz y seguros,,,,,Término bilingüe utilizado en contextos de automotriz y seguros.,,,Finance and Insurance Vocabulary,documento-local:finance-insurance-vocabulary-source,Borrador,,,"Importado del glosario proporcionado por el usuario, página 9.",Término,,,Dar marcha atrás; retroceder,,,,Media,,Intermedia,Demo,2026-07-17,2026-07-17,2026-07-17,1.0,"Importación de vocabulario financiero, bancario, seguros, automotriz y asistencia pública"
475,Beads,Cuentitas,Partes de carros,Automotriz y seguros,,,,,Término bilingüe utilizado en contextos de automotriz y seguros.,,,Finance and Insurance Vocabulary,documento-local:finance-insurance-vocabulary-source,Borrador,,,"Importado del glosario proporcionado por el usuario, página 9.",Término,,,Cuentitas,,,,Media,,Intermedia,Demo,2026-07-17,2026-07-17,2026-07-17,1.0,"Importación de vocabulario financiero, bancario, seguros, automotriz y asistencia pública"
476,Become disabled (to),Incapacitarse,Partes de carros,Automotriz y seguros,,,,,Término bilingüe utilizado en contextos de automotriz y seguros.,,,Finance and Insurance Vocabulary,documento-local:finance-insurance-vocabulary-source,Borrador,,,"Importado del glosario proporcionado por el usuario, página 9.",Término,,,Incapacitarse,,,,Media,,Intermedia,Demo,2026-07-17,2026-07-17,2026-07-17,1.0,"Importación de vocabulario financiero, bancario, seguros, automotriz y asistencia pública"
477,Bent,Doblado,Partes de carros,Automotriz y seguros,,,,,Término bilingüe utilizado en contextos de automotriz y seguros.,,,Finance and Insurance Vocabulary,documento-local:finance-insurance-vocabulary-source,Borrador,,,"Importado del glosario proporcionado por el usuario, página 9.",Término,,,Doblado,,,,Media,,Intermedia,Demo,2026-07-17,2026-07-17,2026-07-17,1.0,"Importación de vocabulario financiero, bancario, seguros, automotriz y asistencia pública"
478,Blind curve,Curva sin visibilidad,Partes de carros,Carreteras y tránsito,,,,,Término bilingüe utilizado en contextos de carreteras y tránsito.,,,Finance and Insurance Vocabulary,documento-local:finance-insurance-vocabulary-source,Borrador,,,"Importado del glosario proporcionado por el usuario, página 9.",Término,,,Curva sin visibilidad,,,,Media,,Intermedia,Demo,2026-07-17,2026-07-17,2026-07-17,1.0,"Importación de vocabulario financiero, bancario, seguros, automotriz y asistencia pública"
479,Blinkers,Luces intermitentes,Partes de carros,Partes y mantenimiento,,,,,Término bilingüe utilizado en contextos de partes y mantenimiento.,,,Finance and Insurance Vocabulary,documento-local:finance-insurance-vocabulary-source,Borrador,,,"Importado del glosario proporcionado por el usuario, página 9.",Término,,,Luces intermitentes,,,,Media,,Intermedia,Demo,2026-07-17,2026-07-17,2026-07-17,1.0,"Importación de vocabulario financiero, bancario, seguros, automotriz y asistencia pública"
480,Bodily injury,Lesiones corporales,Seguros y trámites,Accidentes y reclamaciones,,,,,Término bilingüe utilizado en contextos de accidentes y reclamaciones.,,,Finance and Insurance Vocabulary,documento-local:finance-insurance-vocabulary-source,Borrador,,,"Importado del glosario proporcionado por el usuario, página 9.",Término,,,Lesiones corporales,,,,Media,,Intermedia,Demo,2026-07-17,2026-07-17,2026-07-17,1.0,"Importación de vocabulario financiero, bancario, seguros, automotriz y asistencia pública"
481,Body of car,Carrocería,Legal,Documentos y procedimientos,,,,,Término bilingüe utilizado en contextos de documentos y procedimientos.,,,Finance and Insurance Vocabulary,documento-local:finance-insurance-vocabulary-source,Borrador,,,"Importado del glosario proporcionado por el usuario, página 9.",Término,,,Carrocería,,,,Media,,Intermedia,Demo,2026-07-17,2026-07-17,2026-07-17,1.0,"Importación de vocabulario financiero, bancario, seguros, automotriz y asistencia pública"
482,Bonus credit,Crédito por bonificación,Partes de carros,Automotriz y seguros,,,,,Término bilingüe utilizado en contextos de automotriz y seguros.,,,Finance and Insurance Vocabulary,documento-local:finance-insurance-vocabulary-source,Borrador,,,"Importado del glosario proporcionado por el usuario, página 9.",Término,,,Crédito por bonificación,,,,Media,,Intermedia,Demo,2026-07-17,2026-07-17,2026-07-17,1.0,"Importación de vocabulario financiero, bancario, seguros, automotriz y asistencia pública"
483,Brake pad,"Almohadilla del freno, pastilla del freno",Partes de carros,Partes y mantenimiento,,,,,Término bilingüe utilizado en contextos de partes y mantenimiento.,,,Finance and Insurance Vocabulary,documento-local:finance-insurance-vocabulary-source,Borrador,,,"Importado del glosario proporcionado por el usuario, página 9.",Término,,,"Almohadilla del freno, pastilla del freno",,,,Media,,Intermedia,Demo,2026-07-17,2026-07-17,2026-07-17,1.0,"Importación de vocabulario financiero, bancario, seguros, automotriz y asistencia pública"
484,Broken down,Descompuesto,Partes de carros,Automotriz y seguros,,,,,Término bilingüe utilizado en contextos de automotriz y seguros.,,,Finance and Insurance Vocabulary,documento-local:finance-insurance-vocabulary-source,Borrador,,,"Importado del glosario proporcionado por el usuario, página 9.",Término,,,Descompuesto,,,,Media,,Intermedia,Demo,2026-07-17,2026-07-17,2026-07-17,1.0,"Importación de vocabulario financiero, bancario, seguros, automotriz y asistencia pública"
485,Bucket seats,Asientos individuales (tipo deportivo),Partes de carros,Automotriz y seguros,,,,,Término bilingüe utilizado en contextos de automotriz y seguros.,,,Finance and Insurance Vocabulary,documento-local:finance-insurance-vocabulary-source,Borrador,,,"Importado del glosario proporcionado por el usuario, página 9.",Término,,,Asientos individuales (tipo deportivo),,,,Media,,Intermedia,Demo,2026-07-17,2026-07-17,2026-07-17,1.0,"Importación de vocabulario financiero, bancario, seguros, automotriz y asistencia pública"
486,Buckle,Abrochar,Partes de carros,Automotriz y seguros,,,,,Término bilingüe utilizado en contextos de automotriz y seguros.,,,Finance and Insurance Vocabulary,documento-local:finance-insurance-vocabulary-source,Borrador,,,"Importado del glosario proporcionado por el usuario, página 9.",Término,,,Abrochar,,,,Media,,Intermedia,Demo,2026-07-17,2026-07-17,2026-07-17,1.0,"Importación de vocabulario financiero, bancario, seguros, automotriz y asistencia pública"
487,Bumpy road,"Camino desigual o con baches, camino áspero, irregular",Partes de carros,Carreteras y tránsito,,,,,Término bilingüe utilizado en contextos de carreteras y tránsito.,,,Finance and Insurance Vocabulary,documento-local:finance-insurance-vocabulary-source,Borrador,,,"Importado del glosario proporcionado por el usuario, página 9.",Término,,,"Camino desigual o con baches, camino áspero, irregular",,,,Media,,Intermedia,Demo,2026-07-17,2026-07-17,2026-07-17,1.0,"Importación de vocabulario financiero, bancario, seguros, automotriz y asistencia pública"
488,Burglary insurance,Seguro contra robos,Seguros y trámites,Seguros y pólizas,,,,,Término bilingüe utilizado en contextos de seguros y pólizas.,,,Finance and Insurance Vocabulary,documento-local:finance-insurance-vocabulary-source,Borrador,,,"Importado del glosario proporcionado por el usuario, página 9.",Término,,,Seguro contra robos,,,,Media,,Intermedia,Demo,2026-07-17,2026-07-17,2026-07-17,1.0,"Importación de vocabulario financiero, bancario, seguros, automotriz y asistencia pública"
489,Carrier,Portador,Partes de carros,Automotriz y seguros,,,,,Término bilingüe utilizado en contextos de automotriz y seguros.,,,Finance and Insurance Vocabulary,documento-local:finance-insurance-vocabulary-source,Borrador,,,"Importado del glosario proporcionado por el usuario, página 9.",Término,,,Portador,,,,Media,,Intermedia,Demo,2026-07-17,2026-07-17,2026-07-17,1.0,"Importación de vocabulario financiero, bancario, seguros, automotriz y asistencia pública"
490,Casualty insurance,"Seguro de daño patrimonial por hechos fortuitos, seguro contra hechos diversos",Seguros y trámites,Seguros y pólizas,,,,,Término bilingüe utilizado en contextos de seguros y pólizas.,,,Finance and Insurance Vocabulary,documento-local:finance-insurance-vocabulary-source,Borrador,,,"Importado del glosario proporcionado por el usuario, página 10.",Término,,,"Seguro de daño patrimonial por hechos fortuitos, seguro contra hechos diversos",,,,Media,,Intermedia,Demo,2026-07-17,2026-07-17,2026-07-17,1.0,"Importación de vocabulario financiero, bancario, seguros, automotriz y asistencia pública"
491,Center divide,Camellón (Mex); algo en medio de los dos carriles dividiéndolos,Partes de carros,Carreteras y tránsito,,,,,Término bilingüe utilizado en contextos de carreteras y tránsito.,,,Finance and Insurance Vocabulary,documento-local:finance-insurance-vocabulary-source,Borrador,,,"Importado del glosario proporcionado por el usuario, página 10.",Término,,,Camellón (Mex); algo en medio de los dos carriles dividiéndolos,,,,Media,,Intermedia,Demo,2026-07-17,2026-07-17,2026-07-17,1.0,"Importación de vocabulario financiero, bancario, seguros, automotriz y asistencia pública"
492,Certificate of title,Certificado de título,Legal,Documentos y procedimientos,,,,,Término bilingüe utilizado en contextos de documentos y procedimientos.,,,Finance and Insurance Vocabulary,documento-local:finance-insurance-vocabulary-source,Borrador,,,"Importado del glosario proporcionado por el usuario, página 10.",Término,,,Certificado de título,,,,Media,,Intermedia,Demo,2026-07-17,2026-07-17,2026-07-17,1.0,"Importación de vocabulario financiero, bancario, seguros, automotriz y asistencia pública"
493,Claim,Reclamo,Seguros y trámites,Accidentes y reclamaciones,,,,,Término bilingüe utilizado en contextos de accidentes y reclamaciones.,,,Finance and Insurance Vocabulary,documento-local:finance-insurance-vocabulary-source,Borrador,,,"Importado del glosario proporcionado por el usuario, página 10.",Término,,,Reclamo,,,,Media,,Intermedia,Demo,2026-07-17,2026-07-17,2026-07-17,1.0,"Importación de vocabulario financiero, bancario, seguros, automotriz y asistencia pública"
494,Claim history,Historial de reclamo,Seguros y trámites,Accidentes y reclamaciones,,,,,Término bilingüe utilizado en contextos de accidentes y reclamaciones.,,,Finance and Insurance Vocabulary,documento-local:finance-insurance-vocabulary-source,Borrador,,,"Importado del glosario proporcionado por el usuario, página 10.",Término,,,Historial de reclamo,,,,Media,,Intermedia,Demo,2026-07-17,2026-07-17,2026-07-17,1.0,"Importación de vocabulario financiero, bancario, seguros, automotriz y asistencia pública"
495,Claimant,Demandante,Legal,Documentos y procedimientos,,,,,Término bilingüe utilizado en contextos de documentos y procedimientos.,,,Finance and Insurance Vocabulary,documento-local:finance-insurance-vocabulary-source,Borrador,,,"Importado del glosario proporcionado por el usuario, página 10.",Término,,,Demandante,,,,Media,,Intermedia,Demo,2026-07-17,2026-07-17,2026-07-17,1.0,"Importación de vocabulario financiero, bancario, seguros, automotriz y asistencia pública"
496,Claims adjusters,Liquidador de siniestros (Ajustador) encargado del reclamo,Seguros y trámites,Accidentes y reclamaciones,,,,,Término bilingüe utilizado en contextos de accidentes y reclamaciones.,,,Finance and Insurance Vocabulary,documento-local:finance-insurance-vocabulary-source,Borrador,,,"Importado del glosario proporcionado por el usuario, página 10.",Término,,,Liquidador de siniestros (Ajustador) encargado del reclamo,,,,Media,,Intermedia,Demo,2026-07-17,2026-07-17,2026-07-17,1.0,"Importación de vocabulario financiero, bancario, seguros, automotriz y asistencia pública"
497,Claims representative,Representante de reclamos,Seguros y trámites,Accidentes y reclamaciones,,,,,Término bilingüe utilizado en contextos de accidentes y reclamaciones.,,,Finance and Insurance Vocabulary,documento-local:finance-insurance-vocabulary-source,Borrador,,,"Importado del glosario proporcionado por el usuario, página 10.",Término,,,Representante de reclamos,,,,Media,,Intermedia,Demo,2026-07-17,2026-07-17,2026-07-17,1.0,"Importación de vocabulario financiero, bancario, seguros, automotriz y asistencia pública"
498,Class action lawsuit,"Pleito de acción colectiva, demanda colectiva, acción de grupo",Legal,Documentos y procedimientos,,,,,Término bilingüe utilizado en contextos de documentos y procedimientos.,,,Finance and Insurance Vocabulary,documento-local:finance-insurance-vocabulary-source,Borrador,,,"Importado del glosario proporcionado por el usuario, página 10.",Término,,,"Pleito de acción colectiva, demanda colectiva, acción de grupo",,,,Media,,Intermedia,Demo,2026-07-17,2026-07-17,2026-07-17,1.0,"Importación de vocabulario financiero, bancario, seguros, automotriz y asistencia pública"
499,Clear title,Título libre de gravamen o deuda,Partes de carros,Automotriz y seguros,,,,,Término bilingüe utilizado en contextos de automotriz y seguros.,,,Finance and Insurance Vocabulary,documento-local:finance-insurance-vocabulary-source,Borrador,,,"Importado del glosario proporcionado por el usuario, página 10.",Término,,,Título libre de gravamen o deuda,,,,Media,,Intermedia,Demo,2026-07-17,2026-07-17,2026-07-17,1.0,"Importación de vocabulario financiero, bancario, seguros, automotriz y asistencia pública"
500,Collide,Estrellarse,Seguros y trámites,Accidentes y reclamaciones,,,,,Término bilingüe utilizado en contextos de accidentes y reclamaciones.,,,Finance and Insurance Vocabulary,documento-local:finance-insurance-vocabulary-source,Borrador,,,"Importado del glosario proporcionado por el usuario, página 10.",Término,,,Estrellarse,,,,Media,,Intermedia,Demo,2026-07-17,2026-07-17,2026-07-17,1.0,"Importación de vocabulario financiero, bancario, seguros, automotriz y asistencia pública"
501,Collision,Choque,Seguros y trámites,Accidentes y reclamaciones,,,,,Término bilingüe utilizado en contextos de accidentes y reclamaciones.,,,Finance and Insurance Vocabulary,documento-local:finance-insurance-vocabulary-source,Borrador,,,"Importado del glosario proporcionado por el usuario, página 10.",Término,,,Choque,,,,Media,,Intermedia,Demo,2026-07-17,2026-07-17,2026-07-17,1.0,"Importación de vocabulario financiero, bancario, seguros, automotriz y asistencia pública"
502,Collision coverage,Cobertura contra choques,Seguros y trámites,Accidentes y reclamaciones,,,,,Término bilingüe utilizado en contextos de accidentes y reclamaciones.,,,Finance and Insurance Vocabulary,documento-local:finance-insurance-vocabulary-source,Borrador,,,"Importado del glosario proporcionado por el usuario, página 10.",Término,,,Cobertura contra choques,,,,Media,,Intermedia,Demo,2026-07-17,2026-07-17,2026-07-17,1.0,"Importación de vocabulario financiero, bancario, seguros, automotriz y asistencia pública"
503,Commute to work,Transportarse al trabajo,Partes de carros,Automotriz y seguros,,,,,Término bilingüe utilizado en contextos de automotriz y seguros.,,,Finance and Insurance Vocabulary,documento-local:finance-insurance-vocabulary-source,Borrador,,,"Importado del glosario proporcionado por el usuario, página 10.",Término,,,Transportarse al trabajo,,,,Media,,Intermedia,Demo,2026-07-17,2026-07-17,2026-07-17,1.0,"Importación de vocabulario financiero, bancario, seguros, automotriz y asistencia pública"
504,Compensation rate,Taza de compensación,Partes de carros,Automotriz y seguros,,,,,Término bilingüe utilizado en contextos de automotriz y seguros.,,,Finance and Insurance Vocabulary,documento-local:finance-insurance-vocabulary-source,Borrador,,,"Importado del glosario proporcionado por el usuario, página 10.",Término,,,Taza de compensación,,,,Media,,Intermedia,Demo,2026-07-17,2026-07-17,2026-07-17,1.0,"Importación de vocabulario financiero, bancario, seguros, automotriz y asistencia pública"
505,Complications come up,Surjan complicaciones,Partes de carros,Automotriz y seguros,,,,,Término bilingüe utilizado en contextos de automotriz y seguros.,,,Finance and Insurance Vocabulary,documento-local:finance-insurance-vocabulary-source,Borrador,,,"Importado del glosario proporcionado por el usuario, página 10.",Término,,,Surjan complicaciones,,,,Media,,Intermedia,Demo,2026-07-17,2026-07-17,2026-07-17,1.0,"Importación de vocabulario financiero, bancario, seguros, automotriz y asistencia pública"
506,Comprehensive,Contra todo riesgo,Partes de carros,Automotriz y seguros,,,,,Término bilingüe utilizado en contextos de automotriz y seguros.,,,Finance and Insurance Vocabulary,documento-local:finance-insurance-vocabulary-source,Borrador,,,"Importado del glosario proporcionado por el usuario, página 10.",Término,,,Contra todo riesgo,,,,Media,,Intermedia,Demo,2026-07-17,2026-07-17,2026-07-17,1.0,"Importación de vocabulario financiero, bancario, seguros, automotriz y asistencia pública"
507,Congested,Congestionado,Partes de carros,Carreteras y tránsito,,,,,Término bilingüe utilizado en contextos de carreteras y tránsito.,,,Finance and Insurance Vocabulary,documento-local:finance-insurance-vocabulary-source,Borrador,,,"Importado del glosario proporcionado por el usuario, página 10.",Término,,,Congestionado,,,,Media,,Intermedia,Demo,2026-07-17,2026-07-17,2026-07-17,1.0,"Importación de vocabulario financiero, bancario, seguros, automotriz y asistencia pública"
508,Contingent beneficiary,Beneficiario contingente,Seguros y trámites,Seguros y pólizas,,,,,Término bilingüe utilizado en contextos de seguros y pólizas.,,,Finance and Insurance Vocabulary,documento-local:finance-insurance-vocabulary-source,Borrador,,,"Importado del glosario proporcionado por el usuario, página 10.",Término,,,Beneficiario contingente,,,,Media,,Intermedia,Demo,2026-07-17,2026-07-17,2026-07-17,1.0,"Importación de vocabulario financiero, bancario, seguros, automotriz y asistencia pública"
509,Cooling water,Agua de refrigeración,Partes de carros,Automotriz y seguros,,,,,Término bilingüe utilizado en contextos de automotriz y seguros.,,,Finance and Insurance Vocabulary,documento-local:finance-insurance-vocabulary-source,Borrador,,,"Importado del glosario proporcionado por el usuario, página 10.",Término,,,Agua de refrigeración,,,,Media,,Intermedia,Demo,2026-07-17,2026-07-17,2026-07-17,1.0,"Importación de vocabulario financiero, bancario, seguros, automotriz y asistencia pública"
510,Coverage,Cobertura,Seguros y trámites,Seguros y pólizas,,,,,Término bilingüe utilizado en contextos de seguros y pólizas.,,,Finance and Insurance Vocabulary,documento-local:finance-insurance-vocabulary-source,Borrador,,,"Importado del glosario proporcionado por el usuario, página 10.",Término,,,Cobertura,,,,Media,,Intermedia,Demo,2026-07-17,2026-07-17,2026-07-17,1.0,"Importación de vocabulario financiero, bancario, seguros, automotriz y asistencia pública"
511,Crashed into,Chocaron,Seguros y trámites,Accidentes y reclamaciones,,,,,Término bilingüe utilizado en contextos de accidentes y reclamaciones.,,,Finance and Insurance Vocabulary,documento-local:finance-insurance-vocabulary-source,Borrador,,,"Importado del glosario proporcionado por el usuario, página 10.",Término,,,Chocaron,,,,Media,,Intermedia,Demo,2026-07-17,2026-07-17,2026-07-17,1.0,"Importación de vocabulario financiero, bancario, seguros, automotriz y asistencia pública"
512,Crosswalk,"Cruce de peatones, crucero",Partes de carros,Carreteras y tránsito,,,,,Término bilingüe utilizado en contextos de carreteras y tránsito.,,,Finance and Insurance Vocabulary,documento-local:finance-insurance-vocabulary-source,Borrador,,,"Importado del glosario proporcionado por el usuario, página 10.",Término,,,"Cruce de peatones, crucero",,,,Media,,Intermedia,Demo,2026-07-17,2026-07-17,2026-07-17,1.0,"Importación de vocabulario financiero, bancario, seguros, automotriz y asistencia pública"
513,Crowbar (to give leverage),Palanca (para dar fuerza mecánica),Partes de carros,Partes y mantenimiento,,,,,Término bilingüe utilizado en contextos de partes y mantenimiento.,,,Finance and Insurance Vocabulary,documento-local:finance-insurance-vocabulary-source,Borrador,,,"Importado del glosario proporcionado por el usuario, página 10.",Término,,,Palanca (para dar fuerza mecánica),,,,Media,,Intermedia,Demo,2026-07-17,2026-07-17,2026-07-17,1.0,"Importación de vocabulario financiero, bancario, seguros, automotriz y asistencia pública"
514,Cul-de-sac,Calle sin salida,Partes de carros,Carreteras y tránsito,,,,,Término bilingüe utilizado en contextos de carreteras y tránsito.,,,Finance and Insurance Vocabulary,documento-local:finance-insurance-vocabulary-source,Borrador,,,"Importado del glosario proporcionado por el usuario, página 10.",Término,,,Calle sin salida,,,,Media,,Intermedia,Demo,2026-07-17,2026-07-17,2026-07-17,1.0,"Importación de vocabulario financiero, bancario, seguros, automotriz y asistencia pública"
515,Curb,Orilla,Partes de carros,Carreteras y tránsito,,,,,Término bilingüe utilizado en contextos de carreteras y tránsito.,,,Finance and Insurance Vocabulary,documento-local:finance-insurance-vocabulary-source,Borrador,,,"Importado del glosario proporcionado por el usuario, página 10.",Término,,,Orilla,,,,Media,,Intermedia,Demo,2026-07-17,2026-07-17,2026-07-17,1.0,"Importación de vocabulario financiero, bancario, seguros, automotriz y asistencia pública"
516,Custom built,Hecho a la medida o por encargo,Partes de carros,Automotriz y seguros,,,,,Término bilingüe utilizado en contextos de automotriz y seguros.,,,Finance and Insurance Vocabulary,documento-local:finance-insurance-vocabulary-source,Borrador,,,"Importado del glosario proporcionado por el usuario, página 10.",Término,,,Hecho a la medida o por encargo,,,,Media,,Intermedia,Demo,2026-07-17,2026-07-17,2026-07-17,1.0,"Importación de vocabulario financiero, bancario, seguros, automotriz y asistencia pública"
517,Dashboard,Tablero,Partes de carros,Partes y mantenimiento,,,,,Término bilingüe utilizado en contextos de partes y mantenimiento.,,,Finance and Insurance Vocabulary,documento-local:finance-insurance-vocabulary-source,Borrador,,,"Importado del glosario proporcionado por el usuario, página 10.",Término,,,Tablero,,,,Media,,Intermedia,Demo,2026-07-17,2026-07-17,2026-07-17,1.0,"Importación de vocabulario financiero, bancario, seguros, automotriz y asistencia pública"
518,Dealer,Concesionario,Partes de carros,Automotriz y seguros,,,,,Término bilingüe utilizado en contextos de automotriz y seguros.,,,Finance and Insurance Vocabulary,documento-local:finance-insurance-vocabulary-source,Borrador,,,"Importado del glosario proporcionado por el usuario, página 10.",Término,,,Concesionario,,,,Media,,Intermedia,Demo,2026-07-17,2026-07-17,2026-07-17,1.0,"Importación de vocabulario financiero, bancario, seguros, automotriz y asistencia pública"
519,Dealership,Distribuidora,Partes de carros,Automotriz y seguros,,,,,Término bilingüe utilizado en contextos de automotriz y seguros.,,,Finance and Insurance Vocabulary,documento-local:finance-insurance-vocabulary-source,Borrador,,,"Importado del glosario proporcionado por el usuario, página 10.",Término,,,Distribuidora,,,,Media,,Intermedia,Demo,2026-07-17,2026-07-17,2026-07-17,1.0,"Importación de vocabulario financiero, bancario, seguros, automotriz y asistencia pública"
520,Deductible,Deducible,Seguros y trámites,Seguros y pólizas,,,,,Término bilingüe utilizado en contextos de seguros y pólizas.,,,Finance and Insurance Vocabulary,documento-local:finance-insurance-vocabulary-source,Borrador,,,"Importado del glosario proporcionado por el usuario, página 11.",Término,,,Deducible,,,,Media,,Intermedia,Demo,2026-07-17,2026-07-17,2026-07-17,1.0,"Importación de vocabulario financiero, bancario, seguros, automotriz y asistencia pública"
521,Defect,"Falla, defecto",Partes de carros,Automotriz y seguros,,,,,Término bilingüe utilizado en contextos de automotriz y seguros.,,,Finance and Insurance Vocabulary,documento-local:finance-insurance-vocabulary-source,Borrador,,,"Importado del glosario proporcionado por el usuario, página 11.",Término,,,"Falla, defecto",,,,Media,,Intermedia,Demo,2026-07-17,2026-07-17,2026-07-17,1.0,"Importación de vocabulario financiero, bancario, seguros, automotriz y asistencia pública"
522,"Dent, smash",Apachurrar,Seguros y trámites,Accidentes y reclamaciones,,,,,Término bilingüe utilizado en contextos de accidentes y reclamaciones.,,,Finance and Insurance Vocabulary,documento-local:finance-insurance-vocabulary-source,Borrador,,,"Importado del glosario proporcionado por el usuario, página 11.",Término,,,Apachurrar,,,,Media,,Intermedia,Demo,2026-07-17,2026-07-17,2026-07-17,1.0,"Importación de vocabulario financiero, bancario, seguros, automotriz y asistencia pública"
523,Dents,Abolladuras,Seguros y trámites,Accidentes y reclamaciones,,,,,Término bilingüe utilizado en contextos de accidentes y reclamaciones.,,,Finance and Insurance Vocabulary,documento-local:finance-insurance-vocabulary-source,Borrador,,,"Importado del glosario proporcionado por el usuario, página 11.",Término,,,Abolladuras,,,,Media,,Intermedia,Demo,2026-07-17,2026-07-17,2026-07-17,1.0,"Importación de vocabulario financiero, bancario, seguros, automotriz y asistencia pública"
524,Ding on vehicle,Golpe en la carrocería,Partes de carros,Automotriz y seguros,,,,,Término bilingüe utilizado en contextos de automotriz y seguros.,,,Finance and Insurance Vocabulary,documento-local:finance-insurance-vocabulary-source,Borrador,,,"Importado del glosario proporcionado por el usuario, página 11.",Término,,,Golpe en la carrocería,,,,Media,,Intermedia,Demo,2026-07-17,2026-07-17,2026-07-17,1.0,"Importación de vocabulario financiero, bancario, seguros, automotriz y asistencia pública"
525,Dipstick,Indicador de nivel de aceite,Partes de carros,Partes y mantenimiento,,,,,Término bilingüe utilizado en contextos de partes y mantenimiento.,,,Finance and Insurance Vocabulary,documento-local:finance-insurance-vocabulary-source,Borrador,,,"Importado del glosario proporcionado por el usuario, página 11.",Término,,,Indicador de nivel de aceite,,,,Media,,Intermedia,Demo,2026-07-17,2026-07-17,2026-07-17,1.0,"Importación de vocabulario financiero, bancario, seguros, automotriz y asistencia pública"
526,Disability benefits,Beneficios por incapacidad,Seguros y trámites,Beneficios e incapacidad,,,,,Término bilingüe utilizado en contextos de beneficios e incapacidad.,,,Finance and Insurance Vocabulary,documento-local:finance-insurance-vocabulary-source,Borrador,,,"Importado del glosario proporcionado por el usuario, página 11.",Término,,,Beneficios por incapacidad,,,,Media,,Intermedia,Demo,2026-07-17,2026-07-17,2026-07-17,1.0,"Importación de vocabulario financiero, bancario, seguros, automotriz y asistencia pública"
527,Disability income coverage,Cobertura sobre ingresos por incapacidad,Seguros y trámites,Beneficios e incapacidad,,,,,Término bilingüe utilizado en contextos de beneficios e incapacidad.,,,Finance and Insurance Vocabulary,documento-local:finance-insurance-vocabulary-source,Borrador,,,"Importado del glosario proporcionado por el usuario, página 11.",Término,,,Cobertura sobre ingresos por incapacidad,,,,Media,,Intermedia,Demo,2026-07-17,2026-07-17,2026-07-17,1.0,"Importación de vocabulario financiero, bancario, seguros, automotriz y asistencia pública"
528,Disability payment,Pago por incapacidad,Seguros y trámites,Beneficios e incapacidad,,,,,Término bilingüe utilizado en contextos de beneficios e incapacidad.,,,Finance and Insurance Vocabulary,documento-local:finance-insurance-vocabulary-source,Borrador,,,"Importado del glosario proporcionado por el usuario, página 11.",Término,,,Pago por incapacidad,,,,Media,,Intermedia,Demo,2026-07-17,2026-07-17,2026-07-17,1.0,"Importación de vocabulario financiero, bancario, seguros, automotriz y asistencia pública"
529,Disablement,Situación de encontrase incapacitado,Partes de carros,Automotriz y seguros,,,,,Término bilingüe utilizado en contextos de automotriz y seguros.,,,Finance and Insurance Vocabulary,documento-local:finance-insurance-vocabulary-source,Borrador,,,"Importado del glosario proporcionado por el usuario, página 11.",Término,,,Situación de encontrase incapacitado,,,,Media,,Intermedia,Demo,2026-07-17,2026-07-17,2026-07-17,1.0,"Importación de vocabulario financiero, bancario, seguros, automotriz y asistencia pública"
530,Ditch,Zanja,Partes de carros,Carreteras y tránsito,,,,,Término bilingüe utilizado en contextos de carreteras y tránsito.,,,Finance and Insurance Vocabulary,documento-local:finance-insurance-vocabulary-source,Borrador,,,"Importado del glosario proporcionado por el usuario, página 11.",Término,,,Zanja,,,,Media,,Intermedia,Demo,2026-07-17,2026-07-17,2026-07-17,1.0,"Importación de vocabulario financiero, bancario, seguros, automotriz y asistencia pública"
531,DMV,Departamento de Vehículos Motorizados,Partes de carros,Automotriz y seguros,,,,,Término bilingüe utilizado en contextos de automotriz y seguros.,,,Finance and Insurance Vocabulary,documento-local:finance-insurance-vocabulary-source,Borrador,,,"Importado del glosario proporcionado por el usuario, página 11.",Término,,,Departamento de Vehículos Motorizados,,,,Media,,Intermedia,Demo,2026-07-17,2026-07-17,2026-07-17,1.0,"Importación de vocabulario financiero, bancario, seguros, automotriz y asistencia pública"
532,Double parking,Estacionarse en doble fila,Partes de carros,Carreteras y tránsito,,,,,Término bilingüe utilizado en contextos de carreteras y tránsito.,,,Finance and Insurance Vocabulary,documento-local:finance-insurance-vocabulary-source,Borrador,,,"Importado del glosario proporcionado por el usuario, página 11.",Término,,,Estacionarse en doble fila,,,,Media,,Intermedia,Demo,2026-07-17,2026-07-17,2026-07-17,1.0,"Importación de vocabulario financiero, bancario, seguros, automotriz y asistencia pública"
533,Drive-in facility,"Centro de inspecciones,",Partes de carros,Automotriz y seguros,,,,,Término bilingüe utilizado en contextos de automotriz y seguros.,,,Finance and Insurance Vocabulary,documento-local:finance-insurance-vocabulary-source,Borrador,,,"Importado del glosario proporcionado por el usuario, página 11.",Término,,,"Centro de inspecciones,",,,,Media,,Intermedia,Demo,2026-07-17,2026-07-17,2026-07-17,1.0,"Importación de vocabulario financiero, bancario, seguros, automotriz y asistencia pública"
534,Driver,Conductor,Partes de carros,Carreteras y tránsito,,,,,Término bilingüe utilizado en contextos de carreteras y tránsito.,,,Finance and Insurance Vocabulary,documento-local:finance-insurance-vocabulary-source,Borrador,,,"Importado del glosario proporcionado por el usuario, página 11.",Término,,,Conductor,,,,Media,,Intermedia,Demo,2026-07-17,2026-07-17,2026-07-17,1.0,"Importación de vocabulario financiero, bancario, seguros, automotriz y asistencia pública"
535,Drivers license,Licencia de conducir,Partes de carros,Carreteras y tránsito,,,,,Término bilingüe utilizado en contextos de carreteras y tránsito.,,,Finance and Insurance Vocabulary,documento-local:finance-insurance-vocabulary-source,Borrador,,,"Importado del glosario proporcionado por el usuario, página 11.",Término,,,Licencia de conducir,,,,Media,,Intermedia,Demo,2026-07-17,2026-07-17,2026-07-17,1.0,"Importación de vocabulario financiero, bancario, seguros, automotriz y asistencia pública"
536,Driving record,Historial o antecedentes de manejo; expediente del conductor,Partes de carros,Carreteras y tránsito,,,,,Término bilingüe utilizado en contextos de carreteras y tránsito.,,,Finance and Insurance Vocabulary,documento-local:finance-insurance-vocabulary-source,Borrador,,,"Importado del glosario proporcionado por el usuario, página 11.",Término,,,Historial o antecedentes de manejo; expediente del conductor,,,,Media,,Intermedia,Demo,2026-07-17,2026-07-17,2026-07-17,1.0,"Importación de vocabulario financiero, bancario, seguros, automotriz y asistencia pública"
537,DUI,Manejar bajo la influencia de drogas o alcohol,Partes de carros,Carreteras y tránsito,,,,,Término bilingüe utilizado en contextos de carreteras y tránsito.,,,Finance and Insurance Vocabulary,documento-local:finance-insurance-vocabulary-source,Borrador,,,"Importado del glosario proporcionado por el usuario, página 11.",Término,,,Manejar bajo la influencia de drogas o alcohol,,,,Media,,Intermedia,Demo,2026-07-17,2026-07-17,2026-07-17,1.0,"Importación de vocabulario financiero, bancario, seguros, automotriz y asistencia pública"
538,Dwelling,Vivienda,Partes de carros,Automotriz y seguros,,,,,Término bilingüe utilizado en contextos de automotriz y seguros.,,,Finance and Insurance Vocabulary,documento-local:finance-insurance-vocabulary-source,Borrador,,,"Importado del glosario proporcionado por el usuario, página 11.",Término,,,Vivienda,,,,Media,,Intermedia,Demo,2026-07-17,2026-07-17,2026-07-17,1.0,"Importación de vocabulario financiero, bancario, seguros, automotriz y asistencia pública"
539,Elapse,Transcurrir,Partes de carros,Automotriz y seguros,,,,,Término bilingüe utilizado en contextos de automotriz y seguros.,,,Finance and Insurance Vocabulary,documento-local:finance-insurance-vocabulary-source,Borrador,,,"Importado del glosario proporcionado por el usuario, página 11.",Término,,,Transcurrir,,,,Media,,Intermedia,Demo,2026-07-17,2026-07-17,2026-07-17,1.0,"Importación de vocabulario financiero, bancario, seguros, automotriz y asistencia pública"
540,Endorsement,Endoso,Partes de carros,Automotriz y seguros,,,,,Término bilingüe utilizado en contextos de automotriz y seguros.,,,Finance and Insurance Vocabulary,documento-local:finance-insurance-vocabulary-source,Borrador,,,"Importado del glosario proporcionado por el usuario, página 11.",Término,,,Endoso,,,,Media,,Intermedia,Demo,2026-07-17,2026-07-17,2026-07-17,1.0,"Importación de vocabulario financiero, bancario, seguros, automotriz y asistencia pública"
541,Enhanced value,Valor aumentado,Partes de carros,Automotriz y seguros,,,,,Término bilingüe utilizado en contextos de automotriz y seguros.,,,Finance and Insurance Vocabulary,documento-local:finance-insurance-vocabulary-source,Borrador,,,"Importado del glosario proporcionado por el usuario, página 11.",Término,,,Valor aumentado,,,,Media,,Intermedia,Demo,2026-07-17,2026-07-17,2026-07-17,1.0,"Importación de vocabulario financiero, bancario, seguros, automotriz y asistencia pública"
542,Estimate,Presupuesto,Seguros y trámites,Accidentes y reclamaciones,,,,,Término bilingüe utilizado en contextos de accidentes y reclamaciones.,,,Finance and Insurance Vocabulary,documento-local:finance-insurance-vocabulary-source,Borrador,,,"Importado del glosario proporcionado por el usuario, página 11.",Término,,,Presupuesto,,,,Media,,Intermedia,Demo,2026-07-17,2026-07-17,2026-07-17,1.0,"Importación de vocabulario financiero, bancario, seguros, automotriz y asistencia pública"
543,Excluded driver,Conductor excluido,Partes de carros,Carreteras y tránsito,,,,,Término bilingüe utilizado en contextos de carreteras y tránsito.,,,Finance and Insurance Vocabulary,documento-local:finance-insurance-vocabulary-source,Borrador,,,"Importado del glosario proporcionado por el usuario, página 11.",Término,,,Conductor excluido,,,,Media,,Intermedia,Demo,2026-07-17,2026-07-17,2026-07-17,1.0,"Importación de vocabulario financiero, bancario, seguros, automotriz y asistencia pública"
544,Expired,Vencida,Partes de carros,Automotriz y seguros,,,,,Término bilingüe utilizado en contextos de automotriz y seguros.,,,Finance and Insurance Vocabulary,documento-local:finance-insurance-vocabulary-source,Borrador,,,"Importado del glosario proporcionado por el usuario, página 11.",Término,,,Vencida,,,,Media,,Intermedia,Demo,2026-07-17,2026-07-17,2026-07-17,1.0,"Importación de vocabulario financiero, bancario, seguros, automotriz y asistencia pública"
545,Extended cab,Cabina doble,Partes de carros,Automotriz y seguros,,,,,Término bilingüe utilizado en contextos de automotriz y seguros.,,,Finance and Insurance Vocabulary,documento-local:finance-insurance-vocabulary-source,Borrador,,,"Importado del glosario proporcionado por el usuario, página 11.",Término,,,Cabina doble,,,,Media,,Intermedia,Demo,2026-07-17,2026-07-17,2026-07-17,1.0,"Importación de vocabulario financiero, bancario, seguros, automotriz y asistencia pública"
546,Fan,Ventilador,Partes de carros,Partes y mantenimiento,,,,,Término bilingüe utilizado en contextos de partes y mantenimiento.,,,Finance and Insurance Vocabulary,documento-local:finance-insurance-vocabulary-source,Borrador,,,"Importado del glosario proporcionado por el usuario, página 11.",Término,,,Ventilador,,,,Media,,Intermedia,Demo,2026-07-17,2026-07-17,2026-07-17,1.0,"Importación de vocabulario financiero, bancario, seguros, automotriz y asistencia pública"
547,Fan belt,Banda; correa,Partes de carros,Partes y mantenimiento,,,,,Término bilingüe utilizado en contextos de partes y mantenimiento.,,,Finance and Insurance Vocabulary,documento-local:finance-insurance-vocabulary-source,Borrador,,,"Importado del glosario proporcionado por el usuario, página 11.",Término,,,Banda; correa,,,,Media,,Intermedia,Demo,2026-07-17,2026-07-17,2026-07-17,1.0,"Importación de vocabulario financiero, bancario, seguros, automotriz y asistencia pública"
548,Faulty,Defectuoso,Seguros y trámites,Accidentes y reclamaciones,,,,,Término bilingüe utilizado en contextos de accidentes y reclamaciones.,,,Finance and Insurance Vocabulary,documento-local:finance-insurance-vocabulary-source,Borrador,,,"Importado del glosario proporcionado por el usuario, página 12.",Término,,,Defectuoso,,,,Media,,Intermedia,Demo,2026-07-17,2026-07-17,2026-07-17,1.0,"Importación de vocabulario financiero, bancario, seguros, automotriz y asistencia pública"
549,Fender-bender,Choque leve,Partes de carros,Partes y mantenimiento,,,,,Término bilingüe utilizado en contextos de partes y mantenimiento.,,,Finance and Insurance Vocabulary,documento-local:finance-insurance-vocabulary-source,Borrador,,,"Importado del glosario proporcionado por el usuario, página 12.",Término,,,Choque leve,,,,Media,,Intermedia,Demo,2026-07-17,2026-07-17,2026-07-17,1.0,"Importación de vocabulario financiero, bancario, seguros, automotriz y asistencia pública"
550,Field adjuster,Liquidador (ajustador) de siniestros que acude al sitio,Seguros y trámites,Accidentes y reclamaciones,,,,,Término bilingüe utilizado en contextos de accidentes y reclamaciones.,,,Finance and Insurance Vocabulary,documento-local:finance-insurance-vocabulary-source,Borrador,,,"Importado del glosario proporcionado por el usuario, página 12.",Término,,,Liquidador (ajustador) de siniestros que acude al sitio,,,,Media,,Intermedia,Demo,2026-07-17,2026-07-17,2026-07-17,1.0,"Importación de vocabulario financiero, bancario, seguros, automotriz y asistencia pública"
551,File (a report/claim),Presentar; hacer (un reporte/reclamo),Seguros y trámites,Accidentes y reclamaciones,,,,,Término bilingüe utilizado en contextos de accidentes y reclamaciones.,,,Finance and Insurance Vocabulary,documento-local:finance-insurance-vocabulary-source,Borrador,,,"Importado del glosario proporcionado por el usuario, página 12.",Término,,,Presentar; hacer (un reporte/reclamo),,,,Media,,Intermedia,Demo,2026-07-17,2026-07-17,2026-07-17,1.0,"Importación de vocabulario financiero, bancario, seguros, automotriz y asistencia pública"
552,"Fishtail, to",Colearse,Partes de carros,Automotriz y seguros,,,,,Término bilingüe utilizado en contextos de automotriz y seguros.,,,Finance and Insurance Vocabulary,documento-local:finance-insurance-vocabulary-source,Borrador,,,"Importado del glosario proporcionado por el usuario, página 12.",Término,,,Colearse,,,,Media,,Intermedia,Demo,2026-07-17,2026-07-17,2026-07-17,1.0,"Importación de vocabulario financiero, bancario, seguros, automotriz y asistencia pública"
553,Fix,"Arreglar, reparar",Partes de carros,Automotriz y seguros,,,,,Término bilingüe utilizado en contextos de automotriz y seguros.,,,Finance and Insurance Vocabulary,documento-local:finance-insurance-vocabulary-source,Borrador,,,"Importado del glosario proporcionado por el usuario, página 12.",Término,,,"Arreglar, reparar",,,,Media,,Intermedia,Demo,2026-07-17,2026-07-17,2026-07-17,1.0,"Importación de vocabulario financiero, bancario, seguros, automotriz y asistencia pública"
554,Flag down (a police car),Hacerle señas (a la patrulla) para parar,Partes de carros,Carreteras y tránsito,,,,,Término bilingüe utilizado en contextos de carreteras y tránsito.,,,Finance and Insurance Vocabulary,documento-local:finance-insurance-vocabulary-source,Borrador,,,"Importado del glosario proporcionado por el usuario, página 12.",Término,,,Hacerle señas (a la patrulla) para parar,,,,Media,,Intermedia,Demo,2026-07-17,2026-07-17,2026-07-17,1.0,"Importación de vocabulario financiero, bancario, seguros, automotriz y asistencia pública"
555,Flare,"Señal luminosa (utilizada cuando un carro se descompone), luz de bengala",Partes de carros,Carreteras y tránsito,,,,,Término bilingüe utilizado en contextos de carreteras y tránsito.,,,Finance and Insurance Vocabulary,documento-local:finance-insurance-vocabulary-source,Borrador,,,"Importado del glosario proporcionado por el usuario, página 12.",Término,,,"Señal luminosa (utilizada cuando un carro se descompone), luz de bengala",,,,Media,,Intermedia,Demo,2026-07-17,2026-07-17,2026-07-17,1.0,"Importación de vocabulario financiero, bancario, seguros, automotriz y asistencia pública"
556,Flood insurance,Seguro contra inundaciones,Seguros y trámites,Seguros y pólizas,,,,,Término bilingüe utilizado en contextos de seguros y pólizas.,,,Finance and Insurance Vocabulary,documento-local:finance-insurance-vocabulary-source,Borrador,,,"Importado del glosario proporcionado por el usuario, página 12.",Término,,,Seguro contra inundaciones,,,,Media,,Intermedia,Demo,2026-07-17,2026-07-17,2026-07-17,1.0,"Importación de vocabulario financiero, bancario, seguros, automotriz y asistencia pública"
557,Fog,Neblina,Partes de carros,Carreteras y tránsito,,,,,Término bilingüe utilizado en contextos de carreteras y tránsito.,,,Finance and Insurance Vocabulary,documento-local:finance-insurance-vocabulary-source,Borrador,,,"Importado del glosario proporcionado por el usuario, página 12.",Término,,,Neblina,,,,Media,,Intermedia,Demo,2026-07-17,2026-07-17,2026-07-17,1.0,"Importación de vocabulario financiero, bancario, seguros, automotriz y asistencia pública"
558,Fork in the road,Bifurcación en el camino,Partes de carros,Carreteras y tránsito,,,,,Término bilingüe utilizado en contextos de carreteras y tránsito.,,,Finance and Insurance Vocabulary,documento-local:finance-insurance-vocabulary-source,Borrador,,,"Importado del glosario proporcionado por el usuario, página 12.",Término,,,Bifurcación en el camino,,,,Media,,Intermedia,Demo,2026-07-17,2026-07-17,2026-07-17,1.0,"Importación de vocabulario financiero, bancario, seguros, automotriz y asistencia pública"
559,Four-wheel drive vehicle (four- by-four),Vehículo de doble tracción,Partes de carros,Automotriz y seguros,,,,,Término bilingüe utilizado en contextos de automotriz y seguros.,,,Finance and Insurance Vocabulary,documento-local:finance-insurance-vocabulary-source,Borrador,,,"Importado del glosario proporcionado por el usuario, página 12.",Término,,,Vehículo de doble tracción,,,,Media,,Intermedia,Demo,2026-07-17,2026-07-17,2026-07-17,1.0,"Importación de vocabulario financiero, bancario, seguros, automotriz y asistencia pública"
560,Frame out of alignment (vehicle),Estructura o armazón del vehículo dañado o descuadrado,Legal,Documentos y procedimientos,,,,,Término bilingüe utilizado en contextos de documentos y procedimientos.,,,Finance and Insurance Vocabulary,documento-local:finance-insurance-vocabulary-source,Borrador,,,"Importado del glosario proporcionado por el usuario, página 12.",Término,,,Estructura o armazón del vehículo dañado o descuadrado,,,,Media,,Intermedia,Demo,2026-07-17,2026-07-17,2026-07-17,1.0,"Importación de vocabulario financiero, bancario, seguros, automotriz y asistencia pública"
561,Front-wheel drive (vehicle),Vehículo con tracción,Partes de carros,Automotriz y seguros,,,,,Término bilingüe utilizado en contextos de automotriz y seguros.,,,Finance and Insurance Vocabulary,documento-local:finance-insurance-vocabulary-source,Borrador,,,"Importado del glosario proporcionado por el usuario, página 12.",Término,,,Vehículo con tracción,,,,Media,,Intermedia,Demo,2026-07-17,2026-07-17,2026-07-17,1.0,"Importación de vocabulario financiero, bancario, seguros, automotriz y asistencia pública"
562,Fuel gauge,Indicador de gasolina,Partes de carros,Partes y mantenimiento,,,,,Término bilingüe utilizado en contextos de partes y mantenimiento.,,,Finance and Insurance Vocabulary,documento-local:finance-insurance-vocabulary-source,Borrador,,,"Importado del glosario proporcionado por el usuario, página 12.",Término,,,Indicador de gasolina,,,,Media,,Intermedia,Demo,2026-07-17,2026-07-17,2026-07-17,1.0,"Importación de vocabulario financiero, bancario, seguros, automotriz y asistencia pública"
563,Fuel pump,Bomba de la gasolina,Partes de carros,Partes y mantenimiento,,,,,Término bilingüe utilizado en contextos de partes y mantenimiento.,,,Finance and Insurance Vocabulary,documento-local:finance-insurance-vocabulary-source,Borrador,,,"Importado del glosario proporcionado por el usuario, página 12.",Término,,,Bomba de la gasolina,,,,Media,,Intermedia,Demo,2026-07-17,2026-07-17,2026-07-17,1.0,"Importación de vocabulario financiero, bancario, seguros, automotriz y asistencia pública"
564,Full coverage,Cobertura completa,Seguros y trámites,Seguros y pólizas,,,,,Término bilingüe utilizado en contextos de seguros y pólizas.,,,Finance and Insurance Vocabulary,documento-local:finance-insurance-vocabulary-source,Borrador,,,"Importado del glosario proporcionado por el usuario, página 12.",Término,,,Cobertura completa,,,,Media,,Intermedia,Demo,2026-07-17,2026-07-17,2026-07-17,1.0,"Importación de vocabulario financiero, bancario, seguros, automotriz y asistencia pública"
565,Full knowledge,"Mejor saber y entendimiento,",Partes de carros,Automotriz y seguros,,,,,Término bilingüe utilizado en contextos de automotriz y seguros.,,,Finance and Insurance Vocabulary,documento-local:finance-insurance-vocabulary-source,Borrador,,,"Importado del glosario proporcionado por el usuario, página 12.",Término,,,"Mejor saber y entendimiento,",,,,Media,,Intermedia,Demo,2026-07-17,2026-07-17,2026-07-17,1.0,"Importación de vocabulario financiero, bancario, seguros, automotriz y asistencia pública"
566,Funeral expenses,Gastos funerarios/ por defunción,Seguros y trámites,Beneficios e incapacidad,,,,,Término bilingüe utilizado en contextos de beneficios e incapacidad.,,,Finance and Insurance Vocabulary,documento-local:finance-insurance-vocabulary-source,Borrador,,,"Importado del glosario proporcionado por el usuario, página 12.",Término,,,Gastos funerarios/ por defunción,,,,Media,,Intermedia,Demo,2026-07-17,2026-07-17,2026-07-17,1.0,"Importación de vocabulario financiero, bancario, seguros, automotriz y asistencia pública"
567,Gauge,"Indicador, calibrador, marcador",Partes de carros,Automotriz y seguros,,,,,Término bilingüe utilizado en contextos de automotriz y seguros.,,,Finance and Insurance Vocabulary,documento-local:finance-insurance-vocabulary-source,Borrador,,,"Importado del glosario proporcionado por el usuario, página 12.",Término,,,"Indicador, calibrador, marcador",,,,Media,,Intermedia,Demo,2026-07-17,2026-07-17,2026-07-17,1.0,"Importación de vocabulario financiero, bancario, seguros, automotriz y asistencia pública"
568,Gears,Velocidades,Partes de carros,Partes y mantenimiento,,,,,Término bilingüe utilizado en contextos de partes y mantenimiento.,,,Finance and Insurance Vocabulary,documento-local:finance-insurance-vocabulary-source,Borrador,,,"Importado del glosario proporcionado por el usuario, página 12.",Término,,,Velocidades,,,,Media,,Intermedia,Demo,2026-07-17,2026-07-17,2026-07-17,1.0,"Importación de vocabulario financiero, bancario, seguros, automotriz y asistencia pública"
569,Go through a red light,Pasarse un semáforo en rojo,Partes de carros,Automotriz y seguros,,,,,Término bilingüe utilizado en contextos de automotriz y seguros.,,,Finance and Insurance Vocabulary,documento-local:finance-insurance-vocabulary-source,Borrador,,,"Importado del glosario proporcionado por el usuario, página 12.",Término,,,Pasarse un semáforo en rojo,,,,Media,,Intermedia,Demo,2026-07-17,2026-07-17,2026-07-17,1.0,"Importación de vocabulario financiero, bancario, seguros, automotriz y asistencia pública"
570,Going market price,Valor actual en el mercado,Partes de carros,Automotriz y seguros,,,,,Término bilingüe utilizado en contextos de automotriz y seguros.,,,Finance and Insurance Vocabulary,documento-local:finance-insurance-vocabulary-source,Borrador,,,"Importado del glosario proporcionado por el usuario, página 12.",Término,,,Valor actual en el mercado,,,,Media,,Intermedia,Demo,2026-07-17,2026-07-17,2026-07-17,1.0,"Importación de vocabulario financiero, bancario, seguros, automotriz y asistencia pública"
571,Good driver discounts,Descuentos de buen conductor,Partes de carros,Carreteras y tránsito,,,,,Término bilingüe utilizado en contextos de carreteras y tránsito.,,,Finance and Insurance Vocabulary,documento-local:finance-insurance-vocabulary-source,Borrador,,,"Importado del glosario proporcionado por el usuario, página 12.",Término,,,Descuentos de buen conductor,,,,Media,,Intermedia,Demo,2026-07-17,2026-07-17,2026-07-17,1.0,"Importación de vocabulario financiero, bancario, seguros, automotriz y asistencia pública"
572,Grill,Parrilla,Partes de carros,Partes y mantenimiento,,,,,Término bilingüe utilizado en contextos de partes y mantenimiento.,,,Finance and Insurance Vocabulary,documento-local:finance-insurance-vocabulary-source,Borrador,,,"Importado del glosario proporcionado por el usuario, página 12.",Término,,,Parrilla,,,,Media,,Intermedia,Demo,2026-07-17,2026-07-17,2026-07-17,1.0,"Importación de vocabulario financiero, bancario, seguros, automotriz y asistencia pública"
573,Hazard insurance,Seguro contra siniestros,Seguros y trámites,Seguros y pólizas,,,,,Término bilingüe utilizado en contextos de seguros y pólizas.,,,Finance and Insurance Vocabulary,documento-local:finance-insurance-vocabulary-source,Borrador,,,"Importado del glosario proporcionado por el usuario, página 12.",Término,,,Seguro contra siniestros,,,,Media,,Intermedia,Demo,2026-07-17,2026-07-17,2026-07-17,1.0,"Importación de vocabulario financiero, bancario, seguros, automotriz y asistencia pública"
574,Headlights,"Faros, luces",Partes de carros,Partes y mantenimiento,,,,,Término bilingüe utilizado en contextos de partes y mantenimiento.,,,Finance and Insurance Vocabulary,documento-local:finance-insurance-vocabulary-source,Borrador,,,"Importado del glosario proporcionado por el usuario, página 12.",Término,,,"Faros, luces",,,,Media,,Intermedia,Demo,2026-07-17,2026-07-17,2026-07-17,1.0,"Importación de vocabulario financiero, bancario, seguros, automotriz y asistencia pública"
575,Heir,Heredero,Partes de carros,Automotriz y seguros,,,,,Término bilingüe utilizado en contextos de automotriz y seguros.,,,Finance and Insurance Vocabulary,documento-local:finance-insurance-vocabulary-source,Borrador,,,"Importado del glosario proporcionado por el usuario, página 13.",Término,,,Heredero,,,,Media,,Intermedia,Demo,2026-07-17,2026-07-17,2026-07-17,1.0,"Importación de vocabulario financiero, bancario, seguros, automotriz y asistencia pública"
576,"Highway, freeway",Autopista,Partes de carros,Carreteras y tránsito,,,,,Término bilingüe utilizado en contextos de carreteras y tránsito.,,,Finance and Insurance Vocabulary,documento-local:finance-insurance-vocabulary-source,Borrador,,,"Importado del glosario proporcionado por el usuario, página 13.",Término,,,Autopista,,,,Media,,Intermedia,Demo,2026-07-17,2026-07-17,2026-07-17,1.0,"Importación de vocabulario financiero, bancario, seguros, automotriz y asistencia pública"
577,Hit and run,En donde el conductor choca y se da a la fuga,Seguros y trámites,Accidentes y reclamaciones,,,,,Término bilingüe utilizado en contextos de accidentes y reclamaciones.,,,Finance and Insurance Vocabulary,documento-local:finance-insurance-vocabulary-source,Borrador,,,"Importado del glosario proporcionado por el usuario, página 13.",Término,,,En donde el conductor choca y se da a la fuga,,,,Media,,Intermedia,Demo,2026-07-17,2026-07-17,2026-07-17,1.0,"Importación de vocabulario financiero, bancario, seguros, automotriz y asistencia pública"
578,Homeowner’s insurance,Seguro de vivienda,Seguros y trámites,Seguros y pólizas,,,,,Término bilingüe utilizado en contextos de seguros y pólizas.,,,Finance and Insurance Vocabulary,documento-local:finance-insurance-vocabulary-source,Borrador,,,"Importado del glosario proporcionado por el usuario, página 13.",Término,,,Seguro de vivienda,,,,Media,,Intermedia,Demo,2026-07-17,2026-07-17,2026-07-17,1.0,"Importación de vocabulario financiero, bancario, seguros, automotriz y asistencia pública"
579,Hood (of car),"Capó, cofre, cubierta de motor",Legal,Documentos y procedimientos,,,,,Término bilingüe utilizado en contextos de documentos y procedimientos.,,,Finance and Insurance Vocabulary,documento-local:finance-insurance-vocabulary-source,Borrador,,,"Importado del glosario proporcionado por el usuario, página 13.",Término,,,"Capó, cofre, cubierta de motor",,,,Media,,Intermedia,Demo,2026-07-17,2026-07-17,2026-07-17,1.0,"Importación de vocabulario financiero, bancario, seguros, automotriz y asistencia pública"
580,Hose,Manguera,Partes de carros,Partes y mantenimiento,,,,,Término bilingüe utilizado en contextos de partes y mantenimiento.,,,Finance and Insurance Vocabulary,documento-local:finance-insurance-vocabulary-source,Borrador,,,"Importado del glosario proporcionado por el usuario, página 13.",Término,,,Manguera,,,,Media,,Intermedia,Demo,2026-07-17,2026-07-17,2026-07-17,1.0,"Importación de vocabulario financiero, bancario, seguros, automotriz y asistencia pública"
581,Idle,"Marcha en vacío, estar en neutro o punto muerto",Partes de carros,Automotriz y seguros,,,,,Término bilingüe utilizado en contextos de automotriz y seguros.,,,Finance and Insurance Vocabulary,documento-local:finance-insurance-vocabulary-source,Borrador,,,"Importado del glosario proporcionado por el usuario, página 13.",Término,,,"Marcha en vacío, estar en neutro o punto muerto",,,,Media,,Intermedia,Demo,2026-07-17,2026-07-17,2026-07-17,1.0,"Importación de vocabulario financiero, bancario, seguros, automotriz y asistencia pública"
582,Ignition,Encendido,Partes de carros,Partes y mantenimiento,,,,,Término bilingüe utilizado en contextos de partes y mantenimiento.,,,Finance and Insurance Vocabulary,documento-local:finance-insurance-vocabulary-source,Borrador,,,"Importado del glosario proporcionado por el usuario, página 13.",Término,,,Encendido,,,,Media,,Intermedia,Demo,2026-07-17,2026-07-17,2026-07-17,1.0,"Importación de vocabulario financiero, bancario, seguros, automotriz y asistencia pública"
583,Imbed,Incrustar,Partes de carros,Automotriz y seguros,,,,,Término bilingüe utilizado en contextos de automotriz y seguros.,,,Finance and Insurance Vocabulary,documento-local:finance-insurance-vocabulary-source,Borrador,,,"Importado del glosario proporcionado por el usuario, página 13.",Término,,,Incrustar,,,,Media,,Intermedia,Demo,2026-07-17,2026-07-17,2026-07-17,1.0,"Importación de vocabulario financiero, bancario, seguros, automotriz y asistencia pública"
584,Impairment rating,Clasificación del grado de incapacidad,Partes de carros,Automotriz y seguros,,,,,Término bilingüe utilizado en contextos de automotriz y seguros.,,,Finance and Insurance Vocabulary,documento-local:finance-insurance-vocabulary-source,Borrador,,,"Importado del glosario proporcionado por el usuario, página 13.",Término,,,Clasificación del grado de incapacidad,,,,Media,,Intermedia,Demo,2026-07-17,2026-07-17,2026-07-17,1.0,"Importación de vocabulario financiero, bancario, seguros, automotriz y asistencia pública"
585,Impound,Confiscar,Partes de carros,Automotriz y seguros,,,,,Término bilingüe utilizado en contextos de automotriz y seguros.,,,Finance and Insurance Vocabulary,documento-local:finance-insurance-vocabulary-source,Borrador,,,"Importado del glosario proporcionado por el usuario, página 13.",Término,,,Confiscar,,,,Media,,Intermedia,Demo,2026-07-17,2026-07-17,2026-07-17,1.0,"Importación de vocabulario financiero, bancario, seguros, automotriz y asistencia pública"
586,"In effect, to go into effect",Entrar en vigencia,Partes de carros,Automotriz y seguros,,,,,Término bilingüe utilizado en contextos de automotriz y seguros.,,,Finance and Insurance Vocabulary,documento-local:finance-insurance-vocabulary-source,Borrador,,,"Importado del glosario proporcionado por el usuario, página 13.",Término,,,Entrar en vigencia,,,,Media,,Intermedia,Demo,2026-07-17,2026-07-17,2026-07-17,1.0,"Importación de vocabulario financiero, bancario, seguros, automotriz y asistencia pública"
587,In-patient charges,Cargos hospitalarios,Seguros y trámites,Beneficios e incapacidad,,,,,Término bilingüe utilizado en contextos de beneficios e incapacidad.,,,Finance and Insurance Vocabulary,documento-local:finance-insurance-vocabulary-source,Borrador,,,"Importado del glosario proporcionado por el usuario, página 13.",Término,,,Cargos hospitalarios,,,,Media,,Intermedia,Demo,2026-07-17,2026-07-17,2026-07-17,1.0,"Importación de vocabulario financiero, bancario, seguros, automotriz y asistencia pública"
588,Increased liability limits,Aumento en los límites de responsabilidad civil,Seguros y trámites,Accidentes y reclamaciones,,,,,Término bilingüe utilizado en contextos de accidentes y reclamaciones.,,,Finance and Insurance Vocabulary,documento-local:finance-insurance-vocabulary-source,Borrador,,,"Importado del glosario proporcionado por el usuario, página 13.",Término,,,Aumento en los límites de responsabilidad civil,,,,Media,,Intermedia,Demo,2026-07-17,2026-07-17,2026-07-17,1.0,"Importación de vocabulario financiero, bancario, seguros, automotriz y asistencia pública"
589,Injured,Lesionado,Seguros y trámites,Accidentes y reclamaciones,,,,,Término bilingüe utilizado en contextos de accidentes y reclamaciones.,,,Finance and Insurance Vocabulary,documento-local:finance-insurance-vocabulary-source,Borrador,,,"Importado del glosario proporcionado por el usuario, página 13.",Término,,,Lesionado,,,,Media,,Intermedia,Demo,2026-07-17,2026-07-17,2026-07-17,1.0,"Importación de vocabulario financiero, bancario, seguros, automotriz y asistencia pública"
590,Injuries,Lesiones,Seguros y trámites,Accidentes y reclamaciones,,,,,Término bilingüe utilizado en contextos de accidentes y reclamaciones.,,,Finance and Insurance Vocabulary,documento-local:finance-insurance-vocabulary-source,Borrador,,,"Importado del glosario proporcionado por el usuario, página 13.",Término,,,Lesiones,,,,Media,,Intermedia,Demo,2026-07-17,2026-07-17,2026-07-17,1.0,"Importación de vocabulario financiero, bancario, seguros, automotriz y asistencia pública"
591,Insurable risk,Riesgo asegurable,Seguros y trámites,Seguros y pólizas,,,,,Término bilingüe utilizado en contextos de seguros y pólizas.,,,Finance and Insurance Vocabulary,documento-local:finance-insurance-vocabulary-source,Borrador,,,"Importado del glosario proporcionado por el usuario, página 13.",Término,,,Riesgo asegurable,,,,Media,,Intermedia,Demo,2026-07-17,2026-07-17,2026-07-17,1.0,"Importación de vocabulario financiero, bancario, seguros, automotriz y asistencia pública"
592,Insurance broker,Corredor de seguros,Seguros y trámites,Seguros y pólizas,,,,,Término bilingüe utilizado en contextos de seguros y pólizas.,,,Finance and Insurance Vocabulary,documento-local:finance-insurance-vocabulary-source,Borrador,,,"Importado del glosario proporcionado por el usuario, página 13.",Término,,,Corredor de seguros,,,,Media,,Intermedia,Demo,2026-07-17,2026-07-17,2026-07-17,1.0,"Importación de vocabulario financiero, bancario, seguros, automotriz y asistencia pública"
593,Insurance carrier,Cía. de seguros,Seguros y trámites,Seguros y pólizas,,,,,Término bilingüe utilizado en contextos de seguros y pólizas.,,,Finance and Insurance Vocabulary,documento-local:finance-insurance-vocabulary-source,Borrador,,,"Importado del glosario proporcionado por el usuario, página 13.",Término,,,Cía. de seguros,,,,Media,,Intermedia,Demo,2026-07-17,2026-07-17,2026-07-17,1.0,"Importación de vocabulario financiero, bancario, seguros, automotriz y asistencia pública"
594,Insurance claim,Reclamo de seguro,Seguros y trámites,Accidentes y reclamaciones,,,,,Término bilingüe utilizado en contextos de accidentes y reclamaciones.,,,Finance and Insurance Vocabulary,documento-local:finance-insurance-vocabulary-source,Borrador,,,"Importado del glosario proporcionado por el usuario, página 13.",Término,,,Reclamo de seguro,,,,Media,,Intermedia,Demo,2026-07-17,2026-07-17,2026-07-17,1.0,"Importación de vocabulario financiero, bancario, seguros, automotriz y asistencia pública"
595,Insurance policy,Póliza de seguro,Seguros y trámites,Seguros y pólizas,,,,,Término bilingüe utilizado en contextos de seguros y pólizas.,,,Finance and Insurance Vocabulary,documento-local:finance-insurance-vocabulary-source,Borrador,,,"Importado del glosario proporcionado por el usuario, página 13.",Término,,,Póliza de seguro,,,,Media,,Intermedia,Demo,2026-07-17,2026-07-17,2026-07-17,1.0,"Importación de vocabulario financiero, bancario, seguros, automotriz y asistencia pública"
596,Insured,Asegurada (persona),Seguros y trámites,Seguros y pólizas,,,,,Término bilingüe utilizado en contextos de seguros y pólizas.,,,Finance and Insurance Vocabulary,documento-local:finance-insurance-vocabulary-source,Borrador,,,"Importado del glosario proporcionado por el usuario, página 13.",Término,,,Asegurada (persona),,,,Media,,Intermedia,Demo,2026-07-17,2026-07-17,2026-07-17,1.0,"Importación de vocabulario financiero, bancario, seguros, automotriz y asistencia pública"
597,Jack,Gato hidráulico,Partes de carros,Partes y mantenimiento,,,,,Término bilingüe utilizado en contextos de partes y mantenimiento.,,,Finance and Insurance Vocabulary,documento-local:finance-insurance-vocabulary-source,Borrador,,,"Importado del glosario proporcionado por el usuario, página 13.",Término,,,Gato hidráulico,,,,Media,,Intermedia,Demo,2026-07-17,2026-07-17,2026-07-17,1.0,"Importación de vocabulario financiero, bancario, seguros, automotriz y asistencia pública"
598,Jerking motion,Movimiento brusco,Partes de carros,Automotriz y seguros,,,,,Término bilingüe utilizado en contextos de automotriz y seguros.,,,Finance and Insurance Vocabulary,documento-local:finance-insurance-vocabulary-source,Borrador,,,"Importado del glosario proporcionado por el usuario, página 13.",Término,,,Movimiento brusco,,,,Media,,Intermedia,Demo,2026-07-17,2026-07-17,2026-07-17,1.0,"Importación de vocabulario financiero, bancario, seguros, automotriz y asistencia pública"
599,Joint liability,Responsabilidad colectiva,Seguros y trámites,Accidentes y reclamaciones,,,,,Término bilingüe utilizado en contextos de accidentes y reclamaciones.,,,Finance and Insurance Vocabulary,documento-local:finance-insurance-vocabulary-source,Borrador,,,"Importado del glosario proporcionado por el usuario, página 13.",Término,,,Responsabilidad colectiva,,,,Media,,Intermedia,Demo,2026-07-17,2026-07-17,2026-07-17,1.0,"Importación de vocabulario financiero, bancario, seguros, automotriz y asistencia pública"
600,Joint policy,"Póliza mancomunada, conjunta",Seguros y trámites,Seguros y pólizas,,,,,Término bilingüe utilizado en contextos de seguros y pólizas.,,,Finance and Insurance Vocabulary,documento-local:finance-insurance-vocabulary-source,Borrador,,,"Importado del glosario proporcionado por el usuario, página 13.",Término,,,"Póliza mancomunada, conjunta",,,,Media,,Intermedia,Demo,2026-07-17,2026-07-17,2026-07-17,1.0,"Importación de vocabulario financiero, bancario, seguros, automotriz y asistencia pública"
601,Joyride,Manejar un vehículo sin permiso,Partes de carros,Automotriz y seguros,,,,,Término bilingüe utilizado en contextos de automotriz y seguros.,,,Finance and Insurance Vocabulary,documento-local:finance-insurance-vocabulary-source,Borrador,,,"Importado del glosario proporcionado por el usuario, página 13.",Término,,,Manejar un vehículo sin permiso,,,,Media,,Intermedia,Demo,2026-07-17,2026-07-17,2026-07-17,1.0,"Importación de vocabulario financiero, bancario, seguros, automotriz y asistencia pública"
602,Jump start (a vehicle),Arrancar un vehículo cargando la batería con cables; dar carga,Partes de carros,Automotriz y seguros,,,,,Término bilingüe utilizado en contextos de automotriz y seguros.,,,Finance and Insurance Vocabulary,documento-local:finance-insurance-vocabulary-source,Borrador,,,"Importado del glosario proporcionado por el usuario, página 13.",Término,,,Arrancar un vehículo cargando la batería con cables; dar carga,,,,Media,,Intermedia,Demo,2026-07-17,2026-07-17,2026-07-17,1.0,"Importación de vocabulario financiero, bancario, seguros, automotriz y asistencia pública"
603,Labor,Mano de obra,Partes de carros,Automotriz y seguros,,,,,Término bilingüe utilizado en contextos de automotriz y seguros.,,,Finance and Insurance Vocabulary,documento-local:finance-insurance-vocabulary-source,Borrador,,,"Importado del glosario proporcionado por el usuario, página 13.",Término,,,Mano de obra,,,,Media,,Intermedia,Demo,2026-07-17,2026-07-17,2026-07-17,1.0,"Importación de vocabulario financiero, bancario, seguros, automotriz y asistencia pública"
604,Lapse in coverage,Período sin cobertura,Seguros y trámites,Seguros y pólizas,,,,,Término bilingüe utilizado en contextos de seguros y pólizas.,,,Finance and Insurance Vocabulary,documento-local:finance-insurance-vocabulary-source,Borrador,,,"Importado del glosario proporcionado por el usuario, página 14.",Término,,,Período sin cobertura,,,,Media,,Intermedia,Demo,2026-07-17,2026-07-17,2026-07-17,1.0,"Importación de vocabulario financiero, bancario, seguros, automotriz y asistencia pública"
605,Leasing company,Arrendadora,Partes de carros,Automotriz y seguros,,,,,Término bilingüe utilizado en contextos de automotriz y seguros.,,,Finance and Insurance Vocabulary,documento-local:finance-insurance-vocabulary-source,Borrador,,,"Importado del glosario proporcionado por el usuario, página 14.",Término,,,Arrendadora,,,,Media,,Intermedia,Demo,2026-07-17,2026-07-17,2026-07-17,1.0,"Importación de vocabulario financiero, bancario, seguros, automotriz y asistencia pública"
606,Legally bound,Obligado legalmente,Legal,Documentos y procedimientos,,,,,Término bilingüe utilizado en contextos de documentos y procedimientos.,,,Finance and Insurance Vocabulary,documento-local:finance-insurance-vocabulary-source,Borrador,,,"Importado del glosario proporcionado por el usuario, página 14.",Término,,,Obligado legalmente,,,,Media,,Intermedia,Demo,2026-07-17,2026-07-17,2026-07-17,1.0,"Importación de vocabulario financiero, bancario, seguros, automotriz y asistencia pública"
607,Lever,Palanca,Partes de carros,Partes y mantenimiento,,,,,Término bilingüe utilizado en contextos de partes y mantenimiento.,,,Finance and Insurance Vocabulary,documento-local:finance-insurance-vocabulary-source,Borrador,,,"Importado del glosario proporcionado por el usuario, página 14.",Término,,,Palanca,,,,Media,,Intermedia,Demo,2026-07-17,2026-07-17,2026-07-17,1.0,"Importación de vocabulario financiero, bancario, seguros, automotriz y asistencia pública"
608,Liability,Responsabilidad civil,Seguros y trámites,Accidentes y reclamaciones,,,,,Término bilingüe utilizado en contextos de accidentes y reclamaciones.,,,Finance and Insurance Vocabulary,documento-local:finance-insurance-vocabulary-source,Borrador,,,"Importado del glosario proporcionado por el usuario, página 14.",Término,,,Responsabilidad civil,,,,Media,,Intermedia,Demo,2026-07-17,2026-07-17,2026-07-17,1.0,"Importación de vocabulario financiero, bancario, seguros, automotriz y asistencia pública"
609,Liability coverage,Cobertura de responsabilidad civil; daños a terceros,Seguros y trámites,Accidentes y reclamaciones,,,,,Término bilingüe utilizado en contextos de accidentes y reclamaciones.,,,Finance and Insurance Vocabulary,documento-local:finance-insurance-vocabulary-source,Borrador,,,"Importado del glosario proporcionado por el usuario, página 14.",Término,,,Cobertura de responsabilidad civil; daños a terceros,,,,Media,,Intermedia,Demo,2026-07-17,2026-07-17,2026-07-17,1.0,"Importación de vocabulario financiero, bancario, seguros, automotriz y asistencia pública"
610,Licensed provider,Proveedor certificado,Partes de carros,Automotriz y seguros,,,,,Término bilingüe utilizado en contextos de automotriz y seguros.,,,Finance and Insurance Vocabulary,documento-local:finance-insurance-vocabulary-source,Borrador,,,"Importado del glosario proporcionado por el usuario, página 14.",Término,,,Proveedor certificado,,,,Media,,Intermedia,Demo,2026-07-17,2026-07-17,2026-07-17,1.0,"Importación de vocabulario financiero, bancario, seguros, automotriz y asistencia pública"
611,Lien-holder,Entidad que ejerce derecho de retención,Legal,Documentos y procedimientos,,,,,Término bilingüe utilizado en contextos de documentos y procedimientos.,,,Finance and Insurance Vocabulary,documento-local:finance-insurance-vocabulary-source,Borrador,,,"Importado del glosario proporcionado por el usuario, página 14.",Término,,,Entidad que ejerce derecho de retención,,,,Media,,Intermedia,Demo,2026-07-17,2026-07-17,2026-07-17,1.0,"Importación de vocabulario financiero, bancario, seguros, automotriz y asistencia pública"
612,Light duty,Tareas livianas,Partes de carros,Automotriz y seguros,,,,,Término bilingüe utilizado en contextos de automotriz y seguros.,,,Finance and Insurance Vocabulary,documento-local:finance-insurance-vocabulary-source,Borrador,,,"Importado del glosario proporcionado por el usuario, página 14.",Término,,,Tareas livianas,,,,Media,,Intermedia,Demo,2026-07-17,2026-07-17,2026-07-17,1.0,"Importación de vocabulario financiero, bancario, seguros, automotriz y asistencia pública"
613,Long bed,Plataforma larga de un camión,Partes de carros,Automotriz y seguros,,,,,Término bilingüe utilizado en contextos de automotriz y seguros.,,,Finance and Insurance Vocabulary,documento-local:finance-insurance-vocabulary-source,Borrador,,,"Importado del glosario proporcionado por el usuario, página 14.",Término,,,Plataforma larga de un camión,,,,Media,,Intermedia,Demo,2026-07-17,2026-07-17,2026-07-17,1.0,"Importación de vocabulario financiero, bancario, seguros, automotriz y asistencia pública"
614,Long-term disability,Incapacidad a largo plazo,Seguros y trámites,Beneficios e incapacidad,,,,,Término bilingüe utilizado en contextos de beneficios e incapacidad.,,,Finance and Insurance Vocabulary,documento-local:finance-insurance-vocabulary-source,Borrador,,,"Importado del glosario proporcionado por el usuario, página 14.",Término,,,Incapacidad a largo plazo,,,,Media,,Intermedia,Demo,2026-07-17,2026-07-17,2026-07-17,1.0,"Importación de vocabulario financiero, bancario, seguros, automotriz y asistencia pública"
615,Loss,Pérdida,Seguros y trámites,Accidentes y reclamaciones,,,,,Término bilingüe utilizado en contextos de accidentes y reclamaciones.,,,Finance and Insurance Vocabulary,documento-local:finance-insurance-vocabulary-source,Borrador,,,"Importado del glosario proporcionado por el usuario, página 14.",Término,,,Pérdida,,,,Media,,Intermedia,Demo,2026-07-17,2026-07-17,2026-07-17,1.0,"Importación de vocabulario financiero, bancario, seguros, automotriz y asistencia pública"
616,Loss of life,"Muerte, fallecimiento",Legal,Documentos y procedimientos,,,,,Término bilingüe utilizado en contextos de documentos y procedimientos.,,,Finance and Insurance Vocabulary,documento-local:finance-insurance-vocabulary-source,Borrador,,,"Importado del glosario proporcionado por el usuario, página 14.",Término,,,"Muerte, fallecimiento",,,,Media,,Intermedia,Demo,2026-07-17,2026-07-17,2026-07-17,1.0,"Importación de vocabulario financiero, bancario, seguros, automotriz y asistencia pública"
617,Loss of Power of Earnings Form,Formulario de incapacidad,Legal,Documentos y procedimientos,,,,,Término bilingüe utilizado en contextos de documentos y procedimientos.,,,Finance and Insurance Vocabulary,documento-local:finance-insurance-vocabulary-source,Borrador,,,"Importado del glosario proporcionado por el usuario, página 14.",Término,,,Formulario de incapacidad,,,,Media,,Intermedia,Demo,2026-07-17,2026-07-17,2026-07-17,1.0,"Importación de vocabulario financiero, bancario, seguros, automotriz y asistencia pública"
618,Loss of use coverage,Cobertura por privación de uso,Legal,Documentos y procedimientos,,,,,Término bilingüe utilizado en contextos de documentos y procedimientos.,,,Finance and Insurance Vocabulary,documento-local:finance-insurance-vocabulary-source,Borrador,,,"Importado del glosario proporcionado por el usuario, página 14.",Término,,,Cobertura por privación de uso,,,,Media,,Intermedia,Demo,2026-07-17,2026-07-17,2026-07-17,1.0,"Importación de vocabulario financiero, bancario, seguros, automotriz y asistencia pública"
619,Lubrication,Engrase,Partes de carros,Automotriz y seguros,,,,,Término bilingüe utilizado en contextos de automotriz y seguros.,,,Finance and Insurance Vocabulary,documento-local:finance-insurance-vocabulary-source,Borrador,,,"Importado del glosario proporcionado por el usuario, página 14.",Término,,,Engrase,,,,Media,,Intermedia,Demo,2026-07-17,2026-07-17,2026-07-17,1.0,"Importación de vocabulario financiero, bancario, seguros, automotriz y asistencia pública"
620,Lug wrench,Llave de cruz,Partes de carros,Partes y mantenimiento,,,,,Término bilingüe utilizado en contextos de partes y mantenimiento.,,,Finance and Insurance Vocabulary,documento-local:finance-insurance-vocabulary-source,Borrador,,,"Importado del glosario proporcionado por el usuario, página 14.",Término,,,Llave de cruz,,,,Media,,Intermedia,Demo,2026-07-17,2026-07-17,2026-07-17,1.0,"Importación de vocabulario financiero, bancario, seguros, automotriz y asistencia pública"
621,Luggage rack,Parrilla para equipaje,Partes de carros,Automotriz y seguros,,,,,Término bilingüe utilizado en contextos de automotriz y seguros.,,,Finance and Insurance Vocabulary,documento-local:finance-insurance-vocabulary-source,Borrador,,,"Importado del glosario proporcionado por el usuario, página 14.",Término,,,Parrilla para equipaje,,,,Media,,Intermedia,Demo,2026-07-17,2026-07-17,2026-07-17,1.0,"Importación de vocabulario financiero, bancario, seguros, automotriz y asistencia pública"
622,Lump sum compensation,Indemnización global,Partes de carros,Automotriz y seguros,,,,,Término bilingüe utilizado en contextos de automotriz y seguros.,,,Finance and Insurance Vocabulary,documento-local:finance-insurance-vocabulary-source,Borrador,,,"Importado del glosario proporcionado por el usuario, página 14.",Término,,,Indemnización global,,,,Media,,Intermedia,Demo,2026-07-17,2026-07-17,2026-07-17,1.0,"Importación de vocabulario financiero, bancario, seguros, automotriz y asistencia pública"
623,Machine,Máquina,Partes de carros,Automotriz y seguros,,,,,Término bilingüe utilizado en contextos de automotriz y seguros.,,,Finance and Insurance Vocabulary,documento-local:finance-insurance-vocabulary-source,Borrador,,,"Importado del glosario proporcionado por el usuario, página 14.",Término,,,Máquina,,,,Media,,Intermedia,Demo,2026-07-17,2026-07-17,2026-07-17,1.0,"Importación de vocabulario financiero, bancario, seguros, automotriz y asistencia pública"
624,Magnesium (“mag.) rims,Rines de magnesio.,Partes de carros,Partes y mantenimiento,,,,,Término bilingüe utilizado en contextos de partes y mantenimiento.,,,Finance and Insurance Vocabulary,documento-local:finance-insurance-vocabulary-source,Borrador,,,"Importado del glosario proporcionado por el usuario, página 14.",Término,,,Rines de magnesio.,,,,Media,,Intermedia,Demo,2026-07-17,2026-07-17,2026-07-17,1.0,"Importación de vocabulario financiero, bancario, seguros, automotriz y asistencia pública"
625,Major repairs,"Daños importantes, considerables",Partes de carros,Automotriz y seguros,,,,,Término bilingüe utilizado en contextos de automotriz y seguros.,,,Finance and Insurance Vocabulary,documento-local:finance-insurance-vocabulary-source,Borrador,,,"Importado del glosario proporcionado por el usuario, página 14.",Término,,,"Daños importantes, considerables",,,,Media,,Intermedia,Demo,2026-07-17,2026-07-17,2026-07-17,1.0,"Importación de vocabulario financiero, bancario, seguros, automotriz y asistencia pública"
626,Make,Marca,Partes de carros,Automotriz y seguros,,,,,Término bilingüe utilizado en contextos de automotriz y seguros.,,,Finance and Insurance Vocabulary,documento-local:finance-insurance-vocabulary-source,Borrador,,,"Importado del glosario proporcionado por el usuario, página 14.",Término,,,Marca,,,,Media,,Intermedia,Demo,2026-07-17,2026-07-17,2026-07-17,1.0,"Importación de vocabulario financiero, bancario, seguros, automotriz y asistencia pública"
627,Malpractice insurance,Seguro por ejercicio negligente de una profesión,Seguros y trámites,Beneficios e incapacidad,,,,,Término bilingüe utilizado en contextos de beneficios e incapacidad.,,,Finance and Insurance Vocabulary,documento-local:finance-insurance-vocabulary-source,Borrador,,,"Importado del glosario proporcionado por el usuario, página 14.",Término,,,Seguro por ejercicio negligente de una profesión,,,,Media,,Intermedia,Demo,2026-07-17,2026-07-17,2026-07-17,1.0,"Importación de vocabulario financiero, bancario, seguros, automotriz y asistencia pública"
628,Mandatory insurance,Seguro obligatorio,Seguros y trámites,Seguros y pólizas,,,,,Término bilingüe utilizado en contextos de seguros y pólizas.,,,Finance and Insurance Vocabulary,documento-local:finance-insurance-vocabulary-source,Borrador,,,"Importado del glosario proporcionado por el usuario, página 14.",Término,,,Seguro obligatorio,,,,Media,,Intermedia,Demo,2026-07-17,2026-07-17,2026-07-17,1.0,"Importación de vocabulario financiero, bancario, seguros, automotriz y asistencia pública"
629,Manual transmission,Caja de transmisión manual,Partes de carros,Automotriz y seguros,,,,,Término bilingüe utilizado en contextos de automotriz y seguros.,,,Finance and Insurance Vocabulary,documento-local:finance-insurance-vocabulary-source,Borrador,,,"Importado del glosario proporcionado por el usuario, página 14.",Término,,,Caja de transmisión manual,,,,Media,,Intermedia,Demo,2026-07-17,2026-07-17,2026-07-17,1.0,"Importación de vocabulario financiero, bancario, seguros, automotriz y asistencia pública"
630,Mislead (to),Mal informar,Partes de carros,Automotriz y seguros,,,,,Término bilingüe utilizado en contextos de automotriz y seguros.,,,Finance and Insurance Vocabulary,documento-local:finance-insurance-vocabulary-source,Borrador,,,"Importado del glosario proporcionado por el usuario, página 14.",Término,,,Mal informar,,,,Media,,Intermedia,Demo,2026-07-17,2026-07-17,2026-07-17,1.0,"Importación de vocabulario financiero, bancario, seguros, automotriz y asistencia pública"
631,Misleading evidence (to provide),Proporcionar pruebas engañosas,Partes de carros,Automotriz y seguros,,,,,Término bilingüe utilizado en contextos de automotriz y seguros.,,,Finance and Insurance Vocabulary,documento-local:finance-insurance-vocabulary-source,Borrador,,,"Importado del glosario proporcionado por el usuario, página 14.",Término,,,Proporcionar pruebas engañosas,,,,Media,,Intermedia,Demo,2026-07-17,2026-07-17,2026-07-17,1.0,"Importación de vocabulario financiero, bancario, seguros, automotriz y asistencia pública"
632,Moving violation,Infracción de tránsito,Partes de carros,Carreteras y tránsito,,,,,Término bilingüe utilizado en contextos de carreteras y tránsito.,,,Finance and Insurance Vocabulary,documento-local:finance-insurance-vocabulary-source,Borrador,,,"Importado del glosario proporcionado por el usuario, página 15.",Término,,,Infracción de tránsito,,,,Media,,Intermedia,Demo,2026-07-17,2026-07-17,2026-07-17,1.0,"Importación de vocabulario financiero, bancario, seguros, automotriz y asistencia pública"
633,Muffler,Silenciador,Partes de carros,Partes y mantenimiento,,,,,Término bilingüe utilizado en contextos de partes y mantenimiento.,,,Finance and Insurance Vocabulary,documento-local:finance-insurance-vocabulary-source,Borrador,,,"Importado del glosario proporcionado por el usuario, página 15.",Término,,,Silenciador,,,,Media,,Intermedia,Demo,2026-07-17,2026-07-17,2026-07-17,1.0,"Importación de vocabulario financiero, bancario, seguros, automotriz y asistencia pública"
634,No-fault loss,Pérdida sin haber tenido culpa,Seguros y trámites,Accidentes y reclamaciones,,,,,Término bilingüe utilizado en contextos de accidentes y reclamaciones.,,,Finance and Insurance Vocabulary,documento-local:finance-insurance-vocabulary-source,Borrador,,,"Importado del glosario proporcionado por el usuario, página 15.",Término,,,Pérdida sin haber tenido culpa,,,,Media,,Intermedia,Demo,2026-07-17,2026-07-17,2026-07-17,1.0,"Importación de vocabulario financiero, bancario, seguros, automotriz y asistencia pública"
635,Non-insurable risk,Riesgo no asegurable,Seguros y trámites,Seguros y pólizas,,,,,Término bilingüe utilizado en contextos de seguros y pólizas.,,,Finance and Insurance Vocabulary,documento-local:finance-insurance-vocabulary-source,Borrador,,,"Importado del glosario proporcionado por el usuario, página 15.",Término,,,Riesgo no asegurable,,,,Media,,Intermedia,Demo,2026-07-17,2026-07-17,2026-07-17,1.0,"Importación de vocabulario financiero, bancario, seguros, automotriz y asistencia pública"
636,Non-owner insurance,Seguro de no propietario,Seguros y trámites,Seguros y pólizas,,,,,Término bilingüe utilizado en contextos de seguros y pólizas.,,,Finance and Insurance Vocabulary,documento-local:finance-insurance-vocabulary-source,Borrador,,,"Importado del glosario proporcionado por el usuario, página 15.",Término,,,Seguro de no propietario,,,,Media,,Intermedia,Demo,2026-07-17,2026-07-17,2026-07-17,1.0,"Importación de vocabulario financiero, bancario, seguros, automotriz y asistencia pública"
637,Notary public,Notario público,Legal,Documentos y procedimientos,,,,,Término bilingüe utilizado en contextos de documentos y procedimientos.,,,Finance and Insurance Vocabulary,documento-local:finance-insurance-vocabulary-source,Borrador,,,"Importado del glosario proporcionado por el usuario, página 15.",Término,,,Notario público,,,,Media,,Intermedia,Demo,2026-07-17,2026-07-17,2026-07-17,1.0,"Importación de vocabulario financiero, bancario, seguros, automotriz y asistencia pública"
638,Occupational accident,Accidente de trabajo,Seguros y trámites,Accidentes y reclamaciones,,,,,Término bilingüe utilizado en contextos de accidentes y reclamaciones.,,,Finance and Insurance Vocabulary,documento-local:finance-insurance-vocabulary-source,Borrador,,,"Importado del glosario proporcionado por el usuario, página 15.",Término,,,Accidente de trabajo,,,,Media,,Intermedia,Demo,2026-07-17,2026-07-17,2026-07-17,1.0,"Importación de vocabulario financiero, bancario, seguros, automotriz y asistencia pública"
639,Occurrence-based policy,Póliza basada en incidentes,Seguros y trámites,Seguros y pólizas,,,,,Término bilingüe utilizado en contextos de seguros y pólizas.,,,Finance and Insurance Vocabulary,documento-local:finance-insurance-vocabulary-source,Borrador,,,"Importado del glosario proporcionado por el usuario, página 15.",Término,,,Póliza basada en incidentes,,,,Media,,Intermedia,Demo,2026-07-17,2026-07-17,2026-07-17,1.0,"Importación de vocabulario financiero, bancario, seguros, automotriz y asistencia pública"
640,Odometer,Indicador de millaje o kilometraje,Partes de carros,Partes y mantenimiento,,,,,Término bilingüe utilizado en contextos de partes y mantenimiento.,,,Finance and Insurance Vocabulary,documento-local:finance-insurance-vocabulary-source,Borrador,,,"Importado del glosario proporcionado por el usuario, página 15.",Término,,,Indicador de millaje o kilometraje,,,,Media,,Intermedia,Demo,2026-07-17,2026-07-17,2026-07-17,1.0,"Importación de vocabulario financiero, bancario, seguros, automotriz y asistencia pública"
641,Off-ramp,Salida; rampa de salida,Legal,Documentos y procedimientos,,,,,Término bilingüe utilizado en contextos de documentos y procedimientos.,,,Finance and Insurance Vocabulary,documento-local:finance-insurance-vocabulary-source,Borrador,,,"Importado del glosario proporcionado por el usuario, página 15.",Término,,,Salida; rampa de salida,,,,Media,,Intermedia,Demo,2026-07-17,2026-07-17,2026-07-17,1.0,"Importación de vocabulario financiero, bancario, seguros, automotriz y asistencia pública"
642,Officer,Oficial,Legal,Documentos y procedimientos,,,,,Término bilingüe utilizado en contextos de documentos y procedimientos.,,,Finance and Insurance Vocabulary,documento-local:finance-insurance-vocabulary-source,Borrador,,,"Importado del glosario proporcionado por el usuario, página 15.",Término,,,Oficial,,,,Media,,Intermedia,Demo,2026-07-17,2026-07-17,2026-07-17,1.0,"Importación de vocabulario financiero, bancario, seguros, automotriz y asistencia pública"
643,On-ramp,Rampa de entrada,Partes de carros,Carreteras y tránsito,,,,,Término bilingüe utilizado en contextos de carreteras y tránsito.,,,Finance and Insurance Vocabulary,documento-local:finance-insurance-vocabulary-source,Borrador,,,"Importado del glosario proporcionado por el usuario, página 15.",Término,,,Rampa de entrada,,,,Media,,Intermedia,Demo,2026-07-17,2026-07-17,2026-07-17,1.0,"Importación de vocabulario financiero, bancario, seguros, automotriz y asistencia pública"
644,Opposing party,"Adversario, parte opositora",Legal,Documentos y procedimientos,,,,,Término bilingüe utilizado en contextos de documentos y procedimientos.,,,Finance and Insurance Vocabulary,documento-local:finance-insurance-vocabulary-source,Borrador,,,"Importado del glosario proporcionado por el usuario, página 15.",Término,,,"Adversario, parte opositora",,,,Media,,Intermedia,Demo,2026-07-17,2026-07-17,2026-07-17,1.0,"Importación de vocabulario financiero, bancario, seguros, automotriz y asistencia pública"
645,Other than collision loss,Pérdida que no esté,Seguros y trámites,Accidentes y reclamaciones,,,,,Término bilingüe utilizado en contextos de accidentes y reclamaciones.,,,Finance and Insurance Vocabulary,documento-local:finance-insurance-vocabulary-source,Borrador,,,"Importado del glosario proporcionado por el usuario, página 15.",Término,,,Pérdida que no esté,,,,Media,,Intermedia,Demo,2026-07-17,2026-07-17,2026-07-17,1.0,"Importación de vocabulario financiero, bancario, seguros, automotriz y asistencia pública"
646,Out-of-pocket expense,Desembolso en efectivo,Legal,Documentos y procedimientos,,,,,Término bilingüe utilizado en contextos de documentos y procedimientos.,,,Finance and Insurance Vocabulary,documento-local:finance-insurance-vocabulary-source,Borrador,,,"Importado del glosario proporcionado por el usuario, página 15.",Término,,,Desembolso en efectivo,,,,Media,,Intermedia,Demo,2026-07-17,2026-07-17,2026-07-17,1.0,"Importación de vocabulario financiero, bancario, seguros, automotriz y asistencia pública"
647,Overhaul,Reparar el motor,Partes de carros,Automotriz y seguros,,,,,Término bilingüe utilizado en contextos de automotriz y seguros.,,,Finance and Insurance Vocabulary,documento-local:finance-insurance-vocabulary-source,Borrador,,,"Importado del glosario proporcionado por el usuario, página 15.",Término,,,Reparar el motor,,,,Media,,Intermedia,Demo,2026-07-17,2026-07-17,2026-07-17,1.0,"Importación de vocabulario financiero, bancario, seguros, automotriz y asistencia pública"
648,Overtake,"Sobrepasar, alcanzar y",Partes de carros,Carreteras y tránsito,,,,,Término bilingüe utilizado en contextos de carreteras y tránsito.,,,Finance and Insurance Vocabulary,documento-local:finance-insurance-vocabulary-source,Borrador,,,"Importado del glosario proporcionado por el usuario, página 15.",Término,,,"Sobrepasar, alcanzar y",,,,Media,,Intermedia,Demo,2026-07-17,2026-07-17,2026-07-17,1.0,"Importación de vocabulario financiero, bancario, seguros, automotriz y asistencia pública"
649,Pain and suffering,"Daños corporales, físicos y",Seguros y trámites,Beneficios e incapacidad,,,,,Término bilingüe utilizado en contextos de beneficios e incapacidad.,,,Finance and Insurance Vocabulary,documento-local:finance-insurance-vocabulary-source,Borrador,,,"Importado del glosario proporcionado por el usuario, página 15.",Término,,,"Daños corporales, físicos y",,,,Media,,Intermedia,Demo,2026-07-17,2026-07-17,2026-07-17,1.0,"Importación de vocabulario financiero, bancario, seguros, automotriz y asistencia pública"
650,Passing lane,Carril para rebasar,Partes de carros,Carreteras y tránsito,,,,,Término bilingüe utilizado en contextos de carreteras y tránsito.,,,Finance and Insurance Vocabulary,documento-local:finance-insurance-vocabulary-source,Borrador,,,"Importado del glosario proporcionado por el usuario, página 15.",Término,,,Carril para rebasar,,,,Media,,Intermedia,Demo,2026-07-17,2026-07-17,2026-07-17,1.0,"Importación de vocabulario financiero, bancario, seguros, automotriz y asistencia pública"
651,Patrol car; Highway Patrol,Patrulla; Patrulla de caminos,Partes de carros,Carreteras y tránsito,,,,,Término bilingüe utilizado en contextos de carreteras y tránsito.,,,Finance and Insurance Vocabulary,documento-local:finance-insurance-vocabulary-source,Borrador,,,"Importado del glosario proporcionado por el usuario, página 15.",Término,,,Patrulla; Patrulla de caminos,,,,Media,,Intermedia,Demo,2026-07-17,2026-07-17,2026-07-17,1.0,"Importación de vocabulario financiero, bancario, seguros, automotriz y asistencia pública"
652,Personal injury protection (PIP),Cobertura (protección) contra daños personales,Partes de carros,Automotriz y seguros,PIP,,,,Término bilingüe utilizado en contextos de automotriz y seguros.,,,Finance and Insurance Vocabulary,documento-local:finance-insurance-vocabulary-source,Borrador,,,"Importado del glosario proporcionado por el usuario, página 15.",Término,,,Cobertura (protección) contra daños personales,,,,Media,,Intermedia,Demo,2026-07-17,2026-07-17,2026-07-17,1.0,"Importación de vocabulario financiero, bancario, seguros, automotriz y asistencia pública"
653,Pile-up (collision),"Colisión múltiple, accidente en cadena",Seguros y trámites,Accidentes y reclamaciones,,,,,Término bilingüe utilizado en contextos de accidentes y reclamaciones.,,,Finance and Insurance Vocabulary,documento-local:finance-insurance-vocabulary-source,Borrador,,,"Importado del glosario proporcionado por el usuario, página 15.",Término,,,"Colisión múltiple, accidente en cadena",,,,Media,,Intermedia,Demo,2026-07-17,2026-07-17,2026-07-17,1.0,"Importación de vocabulario financiero, bancario, seguros, automotriz y asistencia pública"
654,Policy,Póliza,Seguros y trámites,Seguros y pólizas,,,,,Término bilingüe utilizado en contextos de seguros y pólizas.,,,Finance and Insurance Vocabulary,documento-local:finance-insurance-vocabulary-source,Borrador,,,"Importado del glosario proporcionado por el usuario, página 15.",Término,,,Póliza,,,,Media,,Intermedia,Demo,2026-07-17,2026-07-17,2026-07-17,1.0,"Importación de vocabulario financiero, bancario, seguros, automotriz y asistencia pública"
655,Policyholder,Titular de la póliza,Seguros y trámites,Seguros y pólizas,,,,,Término bilingüe utilizado en contextos de seguros y pólizas.,,,Finance and Insurance Vocabulary,documento-local:finance-insurance-vocabulary-source,Borrador,,,"Importado del glosario proporcionado por el usuario, página 15.",Término,,,Titular de la póliza,,,,Media,,Intermedia,Demo,2026-07-17,2026-07-17,2026-07-17,1.0,"Importación de vocabulario financiero, bancario, seguros, automotriz y asistencia pública"
656,Posted speed limit,Límite de velocidad marcada o indicada,Partes de carros,Carreteras y tránsito,,,,,Término bilingüe utilizado en contextos de carreteras y tránsito.,,,Finance and Insurance Vocabulary,documento-local:finance-insurance-vocabulary-source,Borrador,,,"Importado del glosario proporcionado por el usuario, página 15.",Término,,,Límite de velocidad marcada o indicada,,,,Media,,Intermedia,Demo,2026-07-17,2026-07-17,2026-07-17,1.0,"Importación de vocabulario financiero, bancario, seguros, automotriz y asistencia pública"
657,Pothole,Bache,Partes de carros,Carreteras y tránsito,,,,,Término bilingüe utilizado en contextos de carreteras y tránsito.,,,Finance and Insurance Vocabulary,documento-local:finance-insurance-vocabulary-source,Borrador,,,"Importado del glosario proporcionado por el usuario, página 15.",Término,,,Bache,,,,Media,,Intermedia,Demo,2026-07-17,2026-07-17,2026-07-17,1.0,"Importación de vocabulario financiero, bancario, seguros, automotriz y asistencia pública"
658,Power brakes,Frenos de potencia,Legal,Documentos y procedimientos,,,,,Término bilingüe utilizado en contextos de documentos y procedimientos.,,,Finance and Insurance Vocabulary,documento-local:finance-insurance-vocabulary-source,Borrador,,,"Importado del glosario proporcionado por el usuario, página 15.",Término,,,Frenos de potencia,,,,Media,,Intermedia,Demo,2026-07-17,2026-07-17,2026-07-17,1.0,"Importación de vocabulario financiero, bancario, seguros, automotriz y asistencia pública"
659,Power steering,Dirección hidráulica,Legal,Documentos y procedimientos,,,,,Término bilingüe utilizado en contextos de documentos y procedimientos.,,,Finance and Insurance Vocabulary,documento-local:finance-insurance-vocabulary-source,Borrador,,,"Importado del glosario proporcionado por el usuario, página 15.",Término,,,Dirección hidráulica,,,,Media,,Intermedia,Demo,2026-07-17,2026-07-17,2026-07-17,1.0,"Importación de vocabulario financiero, bancario, seguros, automotriz y asistencia pública"
660,Power windows,Vidrios eléctricos,Legal,Documentos y procedimientos,,,,,Término bilingüe utilizado en contextos de documentos y procedimientos.,,,Finance and Insurance Vocabulary,documento-local:finance-insurance-vocabulary-source,Borrador,,,"Importado del glosario proporcionado por el usuario, página 15.",Término,,,Vidrios eléctricos,,,,Media,,Intermedia,Demo,2026-07-17,2026-07-17,2026-07-17,1.0,"Importación de vocabulario financiero, bancario, seguros, automotriz y asistencia pública"
661,Premium,Prima,Seguros y trámites,Seguros y pólizas,,,,,Término bilingüe utilizado en contextos de seguros y pólizas.,,,Finance and Insurance Vocabulary,documento-local:finance-insurance-vocabulary-source,Borrador,,,"Importado del glosario proporcionado por el usuario, página 15. Lista Medical Verbs, fila 7: Premium = Prima.",Término,,,Prima,,,,Media,,Intermedia,Demo,2026-07-17,2026-07-17,2026-07-28,1.1,"Importación de vocabulario financiero, bancario, seguros, automotriz y asistencia pública; consolidado sin duplicar con Medical Verbs"
662,Process,"Trámite, procedimiento",Partes de carros,Automotriz y seguros,,,,,Término bilingüe utilizado en contextos de automotriz y seguros.,,,Finance and Insurance Vocabulary,documento-local:finance-insurance-vocabulary-source,Borrador,,,"Importado del glosario proporcionado por el usuario, página 16.",Término,,,"Trámite, procedimiento",,,,Media,,Intermedia,Demo,2026-07-17,2026-07-17,2026-07-17,1.0,"Importación de vocabulario financiero, bancario, seguros, automotriz y asistencia pública"
663,Product recall,Retiro de un producto del mercado por tener algún problema,Partes de carros,Automotriz y seguros,,,,,Término bilingüe utilizado en contextos de automotriz y seguros.,,,Finance and Insurance Vocabulary,documento-local:finance-insurance-vocabulary-source,Borrador,,,"Importado del glosario proporcionado por el usuario, página 16.",Término,,,Retiro de un producto del mercado por tener algún problema,,,,Media,,Intermedia,Demo,2026-07-17,2026-07-17,2026-07-17,1.0,"Importación de vocabulario financiero, bancario, seguros, automotriz y asistencia pública"
664,Proof of insurance,Comprobante de seguro,Legal,Documentos y procedimientos,,,,,Término bilingüe utilizado en contextos de documentos y procedimientos.,,,Finance and Insurance Vocabulary,documento-local:finance-insurance-vocabulary-source,Borrador,,,"Importado del glosario proporcionado por el usuario, página 16.",Término,,,Comprobante de seguro,,,,Media,,Intermedia,Demo,2026-07-17,2026-07-17,2026-07-17,1.0,"Importación de vocabulario financiero, bancario, seguros, automotriz y asistencia pública"
665,Proof of policy,Comprobante de póliza,Legal,Documentos y procedimientos,,,,,Término bilingüe utilizado en contextos de documentos y procedimientos.,,,Finance and Insurance Vocabulary,documento-local:finance-insurance-vocabulary-source,Borrador,,,"Importado del glosario proporcionado por el usuario, página 16.",Término,,,Comprobante de póliza,,,,Media,,Intermedia,Demo,2026-07-17,2026-07-17,2026-07-17,1.0,"Importación de vocabulario financiero, bancario, seguros, automotriz y asistencia pública"
666,Property damage,Daños a la propiedad,Seguros y trámites,Accidentes y reclamaciones,,,,,Término bilingüe utilizado en contextos de accidentes y reclamaciones.,,,Finance and Insurance Vocabulary,documento-local:finance-insurance-vocabulary-source,Borrador,,,"Importado del glosario proporcionado por el usuario, página 16.",Término,,,Daños a la propiedad,,,,Media,,Intermedia,Demo,2026-07-17,2026-07-17,2026-07-17,1.0,"Importación de vocabulario financiero, bancario, seguros, automotriz y asistencia pública"
667,Protection barrier,Barandal de protección,Partes de carros,Automotriz y seguros,,,,,Término bilingüe utilizado en contextos de automotriz y seguros.,,,Finance and Insurance Vocabulary,documento-local:finance-insurance-vocabulary-source,Borrador,,,"Importado del glosario proporcionado por el usuario, página 16.",Término,,,Barandal de protección,,,,Media,,Intermedia,Demo,2026-07-17,2026-07-17,2026-07-17,1.0,"Importación de vocabulario financiero, bancario, seguros, automotriz y asistencia pública"
668,Pull over (to),Hacerse a un lado,Partes de carros,Carreteras y tránsito,,,,,Término bilingüe utilizado en contextos de carreteras y tránsito.,,,Finance and Insurance Vocabulary,documento-local:finance-insurance-vocabulary-source,Borrador,,,"Importado del glosario proporcionado por el usuario, página 16.",Término,,,Hacerse a un lado,,,,Media,,Intermedia,Demo,2026-07-17,2026-07-17,2026-07-17,1.0,"Importación de vocabulario financiero, bancario, seguros, automotriz y asistencia pública"
669,Radiator cap,Tapa del radiador,Partes de carros,Partes y mantenimiento,,,,,Término bilingüe utilizado en contextos de partes y mantenimiento.,,,Finance and Insurance Vocabulary,documento-local:finance-insurance-vocabulary-source,Borrador,,,"Importado del glosario proporcionado por el usuario, página 16.",Término,,,Tapa del radiador,,,,Media,,Intermedia,Demo,2026-07-17,2026-07-17,2026-07-17,1.0,"Importación de vocabulario financiero, bancario, seguros, automotriz y asistencia pública"
670,Rating,Clasificación,Partes de carros,Automotriz y seguros,,,,,Término bilingüe utilizado en contextos de automotriz y seguros.,,,Finance and Insurance Vocabulary,documento-local:finance-insurance-vocabulary-source,Borrador,,,"Importado del glosario proporcionado por el usuario, página 16.",Término,,,Clasificación,,,,Media,,Intermedia,Demo,2026-07-17,2026-07-17,2026-07-17,1.0,"Importación de vocabulario financiero, bancario, seguros, automotriz y asistencia pública"
671,Rear tailgate (of a truck),Compuerta trasera de un camión,Legal,Documentos y procedimientos,,,,,Término bilingüe utilizado en contextos de documentos y procedimientos.,,,Finance and Insurance Vocabulary,documento-local:finance-insurance-vocabulary-source,Borrador,,,"Importado del glosario proporcionado por el usuario, página 16.",Término,,,Compuerta trasera de un camión,,,,Media,,Intermedia,Demo,2026-07-17,2026-07-17,2026-07-17,1.0,"Importación de vocabulario financiero, bancario, seguros, automotriz y asistencia pública"
672,Rear-end (collision),Choque por detrás,Seguros y trámites,Accidentes y reclamaciones,,,,,Término bilingüe utilizado en contextos de accidentes y reclamaciones.,,,Finance and Insurance Vocabulary,documento-local:finance-insurance-vocabulary-source,Borrador,,,"Importado del glosario proporcionado por el usuario, página 16.",Término,,,Choque por detrás,,,,Media,,Intermedia,Demo,2026-07-17,2026-07-17,2026-07-17,1.0,"Importación de vocabulario financiero, bancario, seguros, automotriz y asistencia pública"
673,Reckless driving,Manejar con imprudencia,Partes de carros,Carreteras y tránsito,,,,,Término bilingüe utilizado en contextos de carreteras y tránsito.,,,Finance and Insurance Vocabulary,documento-local:finance-insurance-vocabulary-source,Borrador,,,"Importado del glosario proporcionado por el usuario, página 16.",Término,,,Manejar con imprudencia,,,,Media,,Intermedia,Demo,2026-07-17,2026-07-17,2026-07-17,1.0,"Importación de vocabulario financiero, bancario, seguros, automotriz y asistencia pública"
674,"Record, for the",Constar en el acta (para que,Partes de carros,Automotriz y seguros,,,,,Término bilingüe utilizado en contextos de automotriz y seguros.,,,Finance and Insurance Vocabulary,documento-local:finance-insurance-vocabulary-source,Borrador,,,"Importado del glosario proporcionado por el usuario, página 16.",Término,,,Constar en el acta (para que,,,,Media,,Intermedia,Demo,2026-07-17,2026-07-17,2026-07-17,1.0,"Importación de vocabulario financiero, bancario, seguros, automotriz y asistencia pública"
675,Recorded statement,Declaración grabada,Seguros y trámites,Accidentes y reclamaciones,,,,,Término bilingüe utilizado en contextos de accidentes y reclamaciones.,,,Finance and Insurance Vocabulary,documento-local:finance-insurance-vocabulary-source,Borrador,,,"Importado del glosario proporcionado por el usuario, página 16.",Término,,,Declaración grabada,,,,Media,,Intermedia,Demo,2026-07-17,2026-07-17,2026-07-17,1.0,"Importación de vocabulario financiero, bancario, seguros, automotriz y asistencia pública"
676,Recreational vehicle (RV),"Carro-casa, casa rodante",Partes de carros,Automotriz y seguros,RV,,,,Término bilingüe utilizado en contextos de automotriz y seguros.,,,Finance and Insurance Vocabulary,documento-local:finance-insurance-vocabulary-source,Borrador,,,"Importado del glosario proporcionado por el usuario, página 16.",Término,,,"Carro-casa, casa rodante",,,,Media,,Intermedia,Demo,2026-07-17,2026-07-17,2026-07-17,1.0,"Importación de vocabulario financiero, bancario, seguros, automotriz y asistencia pública"
677,Registered owner,Propietario registrado,Partes de carros,Automotriz y seguros,,,,,Término bilingüe utilizado en contextos de automotriz y seguros.,,,Finance and Insurance Vocabulary,documento-local:finance-insurance-vocabulary-source,Borrador,,,"Importado del glosario proporcionado por el usuario, página 16.",Término,,,Propietario registrado,,,,Media,,Intermedia,Demo,2026-07-17,2026-07-17,2026-07-17,1.0,"Importación de vocabulario financiero, bancario, seguros, automotriz y asistencia pública"
678,Registration,"Matrícula, tenencia (Mex)",Partes de carros,Automotriz y seguros,,,,,Término bilingüe utilizado en contextos de automotriz y seguros.,,,Finance and Insurance Vocabulary,documento-local:finance-insurance-vocabulary-source,Borrador,,,"Importado del glosario proporcionado por el usuario, página 16.",Término,,,"Matrícula, tenencia (Mex)",,,,Media,,Intermedia,Demo,2026-07-17,2026-07-17,2026-07-17,1.0,"Importación de vocabulario financiero, bancario, seguros, automotriz y asistencia pública"
679,Registration fee,Cuota para matricular un vehículo; pago de tenencia,Partes de carros,Automotriz y seguros,,,,,Término bilingüe utilizado en contextos de automotriz y seguros.,,,Finance and Insurance Vocabulary,documento-local:finance-insurance-vocabulary-source,Borrador,,,"Importado del glosario proporcionado por el usuario, página 16.",Término,,,Cuota para matricular un vehículo; pago de tenencia,,,,Media,,Intermedia,Demo,2026-07-17,2026-07-17,2026-07-17,1.0,"Importación de vocabulario financiero, bancario, seguros, automotriz y asistencia pública"
680,Reimburse,Reembolsar,Partes de carros,Automotriz y seguros,,,,,Término bilingüe utilizado en contextos de automotriz y seguros.,,,Finance and Insurance Vocabulary,documento-local:finance-insurance-vocabulary-source,Borrador,,,"Importado del glosario proporcionado por el usuario, página 16.",Término,,,Reembolsar,,,,Media,,Intermedia,Demo,2026-07-17,2026-07-17,2026-07-17,1.0,"Importación de vocabulario financiero, bancario, seguros, automotriz y asistencia pública"
681,Reinstatement of policy,Restitución de una póliza,Legal,Documentos y procedimientos,,,,,Término bilingüe utilizado en contextos de documentos y procedimientos.,,,Finance and Insurance Vocabulary,documento-local:finance-insurance-vocabulary-source,Borrador,,,"Importado del glosario proporcionado por el usuario, página 16.",Término,,,Restitución de una póliza,,,,Media,,Intermedia,Demo,2026-07-17,2026-07-17,2026-07-17,1.0,"Importación de vocabulario financiero, bancario, seguros, automotriz y asistencia pública"
682,Release form,Formulario en donde una de las partes de un contrato se declara exento de responsabilidad,Partes de carros,Automotriz y seguros,,,,,Término bilingüe utilizado en contextos de automotriz y seguros.,,,Finance and Insurance Vocabulary,documento-local:finance-insurance-vocabulary-source,Borrador,,,"Importado del glosario proporcionado por el usuario, página 16.",Término,,,Formulario en donde una de las partes de un contrato se declara exento de responsabilidad,,,,Media,,Intermedia,Demo,2026-07-17,2026-07-17,2026-07-17,1.0,"Importación de vocabulario financiero, bancario, seguros, automotriz y asistencia pública"
683,Renewal,Renovación,Partes de carros,Automotriz y seguros,,,,,Término bilingüe utilizado en contextos de automotriz y seguros.,,,Finance and Insurance Vocabulary,documento-local:finance-insurance-vocabulary-source,Borrador,,,"Importado del glosario proporcionado por el usuario, página 16.",Término,,,Renovación,,,,Media,,Intermedia,Demo,2026-07-17,2026-07-17,2026-07-17,1.0,"Importación de vocabulario financiero, bancario, seguros, automotriz y asistencia pública"
684,Renewal notice,Aviso de renovación,Partes de carros,Automotriz y seguros,,,,,Término bilingüe utilizado en contextos de automotriz y seguros.,,,Finance and Insurance Vocabulary,documento-local:finance-insurance-vocabulary-source,Borrador,,,"Importado del glosario proporcionado por el usuario, página 16.",Término,,,Aviso de renovación,,,,Media,,Intermedia,Demo,2026-07-17,2026-07-17,2026-07-17,1.0,"Importación de vocabulario financiero, bancario, seguros, automotriz y asistencia pública"
685,Rental reimbursement,Reembolso de vehículo alquilado,Seguros y trámites,Seguros y pólizas,,,,,Término bilingüe utilizado en contextos de seguros y pólizas.,,,Finance and Insurance Vocabulary,documento-local:finance-insurance-vocabulary-source,Borrador,,,"Importado del glosario proporcionado por el usuario, página 16.",Término,,,Reembolso de vehículo alquilado,,,,Media,,Intermedia,Demo,2026-07-17,2026-07-17,2026-07-17,1.0,"Importación de vocabulario financiero, bancario, seguros, automotriz y asistencia pública"
686,Repair shop,Taller,Seguros y trámites,Accidentes y reclamaciones,,,,,Término bilingüe utilizado en contextos de accidentes y reclamaciones.,,,Finance and Insurance Vocabulary,documento-local:finance-insurance-vocabulary-source,Borrador,,,"Importado del glosario proporcionado por el usuario, página 16.",Término,,,Taller,,,,Media,,Intermedia,Demo,2026-07-17,2026-07-17,2026-07-17,1.0,"Importación de vocabulario financiero, bancario, seguros, automotriz y asistencia pública"
687,Replacement costs,"Valor de sustitución, valor de reposición",Partes de carros,Automotriz y seguros,,,,,Término bilingüe utilizado en contextos de automotriz y seguros.,,,Finance and Insurance Vocabulary,documento-local:finance-insurance-vocabulary-source,Borrador,,,"Importado del glosario proporcionado por el usuario, página 16.",Término,,,"Valor de sustitución, valor de reposición",,,,Media,,Intermedia,Demo,2026-07-17,2026-07-17,2026-07-17,1.0,"Importación de vocabulario financiero, bancario, seguros, automotriz y asistencia pública"
688,Risk,Riesgo,Seguros y trámites,Seguros y pólizas,,,,,Término bilingüe utilizado en contextos de seguros y pólizas.,,,Finance and Insurance Vocabulary,documento-local:finance-insurance-vocabulary-source,Borrador,,,"Importado del glosario proporcionado por el usuario, página 16.",Término,,,Riesgo,,,,Media,,Intermedia,Demo,2026-07-17,2026-07-17,2026-07-17,1.0,"Importación de vocabulario financiero, bancario, seguros, automotriz y asistencia pública"
689,Risk rating,Clasificación de riesgo,Seguros y trámites,Seguros y pólizas,,,,,Término bilingüe utilizado en contextos de seguros y pólizas.,,,Finance and Insurance Vocabulary,documento-local:finance-insurance-vocabulary-source,Borrador,,,"Importado del glosario proporcionado por el usuario, página 16.",Término,,,Clasificación de riesgo,,,,Media,,Intermedia,Demo,2026-07-17,2026-07-17,2026-07-17,1.0,"Importación de vocabulario financiero, bancario, seguros, automotriz y asistencia pública"
690,"Routed (for example, manner in which a cable is routed)","Dirección que sigue la instalación de una parte (por ejemplo, un cable)",Partes de carros,Automotriz y seguros,,,,,Término bilingüe utilizado en contextos de automotriz y seguros.,,,Finance and Insurance Vocabulary,documento-local:finance-insurance-vocabulary-source,Borrador,,,"Importado del glosario proporcionado por el usuario, página 17.",Término,,,"Dirección que sigue la instalación de una parte (por ejemplo, un cable)",,,,Media,,Intermedia,Demo,2026-07-17,2026-07-17,2026-07-17,1.0,"Importación de vocabulario financiero, bancario, seguros, automotriz y asistencia pública"
691,Scrap value,Valor de los restos de un siniestro; valor como chatarra,Partes de carros,Automotriz y seguros,,,,,Término bilingüe utilizado en contextos de automotriz y seguros.,,,Finance and Insurance Vocabulary,documento-local:finance-insurance-vocabulary-source,Borrador,,,"Importado del glosario proporcionado por el usuario, página 17.",Término,,,Valor de los restos de un siniestro; valor como chatarra,,,,Media,,Intermedia,Demo,2026-07-17,2026-07-17,2026-07-17,1.0,"Importación de vocabulario financiero, bancario, seguros, automotriz y asistencia pública"
692,Scratch,Rallar,Partes de carros,Automotriz y seguros,,,,,Término bilingüe utilizado en contextos de automotriz y seguros.,,,Finance and Insurance Vocabulary,documento-local:finance-insurance-vocabulary-source,Borrador,,,"Importado del glosario proporcionado por el usuario, página 17.",Término,,,Rallar,,,,Media,,Intermedia,Demo,2026-07-17,2026-07-17,2026-07-17,1.0,"Importación de vocabulario financiero, bancario, seguros, automotriz y asistencia pública"
693,Screech,Chillido,Partes de carros,Automotriz y seguros,,,,,Término bilingüe utilizado en contextos de automotriz y seguros.,,,Finance and Insurance Vocabulary,documento-local:finance-insurance-vocabulary-source,Borrador,,,"Importado del glosario proporcionado por el usuario, página 17.",Término,,,Chillido,,,,Media,,Intermedia,Demo,2026-07-17,2026-07-17,2026-07-17,1.0,"Importación de vocabulario financiero, bancario, seguros, automotriz y asistencia pública"
694,Seat belts,Cinturones de seguridad,Partes de carros,Partes y mantenimiento,,,,,Término bilingüe utilizado en contextos de partes y mantenimiento.,,,Finance and Insurance Vocabulary,documento-local:finance-insurance-vocabulary-source,Borrador,,,"Importado del glosario proporcionado por el usuario, página 17.",Término,,,Cinturones de seguridad,,,,Media,,Intermedia,Demo,2026-07-17,2026-07-17,2026-07-17,1.0,"Importación de vocabulario financiero, bancario, seguros, automotriz y asistencia pública"
695,Seat cover,Cubreasiento,Partes de carros,Automotriz y seguros,,,,,Término bilingüe utilizado en contextos de automotriz y seguros.,,,Finance and Insurance Vocabulary,documento-local:finance-insurance-vocabulary-source,Borrador,,,"Importado del glosario proporcionado por el usuario, página 17.",Término,,,Cubreasiento,,,,Media,,Intermedia,Demo,2026-07-17,2026-07-17,2026-07-17,1.0,"Importación de vocabulario financiero, bancario, seguros, automotriz y asistencia pública"
696,Semi,Camión de carga pesada,Partes de carros,Automotriz y seguros,,,,,Término bilingüe utilizado en contextos de automotriz y seguros.,,,Finance and Insurance Vocabulary,documento-local:finance-insurance-vocabulary-source,Borrador,,,"Importado del glosario proporcionado por el usuario, página 17.",Término,,,Camión de carga pesada,,,,Media,,Intermedia,Demo,2026-07-17,2026-07-17,2026-07-17,1.0,"Importación de vocabulario financiero, bancario, seguros, automotriz y asistencia pública"
697,Settlement,Acuerdo,Legal,Documentos y procedimientos,,,,,Término bilingüe utilizado en contextos de documentos y procedimientos.,,,Finance and Insurance Vocabulary,documento-local:finance-insurance-vocabulary-source,Borrador,,,"Importado del glosario proporcionado por el usuario, página 17.",Término,,,Acuerdo,,,,Media,,Intermedia,Demo,2026-07-17,2026-07-17,2026-07-17,1.0,"Importación de vocabulario financiero, bancario, seguros, automotriz y asistencia pública"
698,Shaft,Eje,Partes de carros,Automotriz y seguros,,,,,Término bilingüe utilizado en contextos de automotriz y seguros.,,,Finance and Insurance Vocabulary,documento-local:finance-insurance-vocabulary-source,Borrador,,,"Importado del glosario proporcionado por el usuario, página 17.",Término,,,Eje,,,,Media,,Intermedia,Demo,2026-07-17,2026-07-17,2026-07-17,1.0,"Importación de vocabulario financiero, bancario, seguros, automotriz y asistencia pública"
699,Shock absorbers,Amortiguadores,Partes de carros,Partes y mantenimiento,,,,,Término bilingüe utilizado en contextos de partes y mantenimiento.,,,Finance and Insurance Vocabulary,documento-local:finance-insurance-vocabulary-source,Borrador,,,"Importado del glosario proporcionado por el usuario, página 17.",Término,,,Amortiguadores,,,,Media,,Intermedia,Demo,2026-07-17,2026-07-17,2026-07-17,1.0,"Importación de vocabulario financiero, bancario, seguros, automotriz y asistencia pública"
700,Shop,Taller,Partes de carros,Automotriz y seguros,,,,,Término bilingüe utilizado en contextos de automotriz y seguros.,,,Finance and Insurance Vocabulary,documento-local:finance-insurance-vocabulary-source,Borrador,,,"Importado del glosario proporcionado por el usuario, página 17.",Término,,,Taller,,,,Media,,Intermedia,Demo,2026-07-17,2026-07-17,2026-07-17,1.0,"Importación de vocabulario financiero, bancario, seguros, automotriz y asistencia pública"
701,Shoulder,Orilla de la carretera,Partes de carros,Carreteras y tránsito,,,,,Término bilingüe utilizado en contextos de carreteras y tránsito.,,,Finance and Insurance Vocabulary,documento-local:finance-insurance-vocabulary-source,Borrador,,,"Importado del glosario proporcionado por el usuario, página 17.",Término,,,Orilla de la carretera,,,,Media,,Intermedia,Demo,2026-07-17,2026-07-17,2026-07-17,1.0,"Importación de vocabulario financiero, bancario, seguros, automotriz y asistencia pública"
702,Sickness allowance,Subsidio de enfermedad,Seguros y trámites,Beneficios e incapacidad,,,,,Término bilingüe utilizado en contextos de beneficios e incapacidad.,,,Finance and Insurance Vocabulary,documento-local:finance-insurance-vocabulary-source,Borrador,,,"Importado del glosario proporcionado por el usuario, página 17.",Término,,,Subsidio de enfermedad,,,,Media,,Intermedia,Demo,2026-07-17,2026-07-17,2026-07-17,1.0,"Importación de vocabulario financiero, bancario, seguros, automotriz y asistencia pública"
703,Skid,Patinarse,Partes de carros,Carreteras y tránsito,,,,,Término bilingüe utilizado en contextos de carreteras y tránsito.,,,Finance and Insurance Vocabulary,documento-local:finance-insurance-vocabulary-source,Borrador,,,"Importado del glosario proporcionado por el usuario, página 17.",Término,,,Patinarse,,,,Media,,Intermedia,Demo,2026-07-17,2026-07-17,2026-07-17,1.0,"Importación de vocabulario financiero, bancario, seguros, automotriz y asistencia pública"
704,Slam into,Embestir,Seguros y trámites,Accidentes y reclamaciones,,,,,Término bilingüe utilizado en contextos de accidentes y reclamaciones.,,,Finance and Insurance Vocabulary,documento-local:finance-insurance-vocabulary-source,Borrador,,,"Importado del glosario proporcionado por el usuario, página 17.",Término,,,Embestir,,,,Media,,Intermedia,Demo,2026-07-17,2026-07-17,2026-07-17,1.0,"Importación de vocabulario financiero, bancario, seguros, automotriz y asistencia pública"
705,Slippery,Resbaloso,Partes de carros,Automotriz y seguros,,,,,Término bilingüe utilizado en contextos de automotriz y seguros.,,,Finance and Insurance Vocabulary,documento-local:finance-insurance-vocabulary-source,Borrador,,,"Importado del glosario proporcionado por el usuario, página 17.",Término,,,Resbaloso,,,,Media,,Intermedia,Demo,2026-07-17,2026-07-17,2026-07-17,1.0,"Importación de vocabulario financiero, bancario, seguros, automotriz y asistencia pública"
706,Spare parts,Refacciones,Partes de carros,Automotriz y seguros,,,,,Término bilingüe utilizado en contextos de automotriz y seguros.,,,Finance and Insurance Vocabulary,documento-local:finance-insurance-vocabulary-source,Borrador,,,"Importado del glosario proporcionado por el usuario, página 17.",Término,,,Refacciones,,,,Media,,Intermedia,Demo,2026-07-17,2026-07-17,2026-07-17,1.0,"Importación de vocabulario financiero, bancario, seguros, automotriz y asistencia pública"
707,Spark plugs,Bujías,Partes de carros,Partes y mantenimiento,,,,,Término bilingüe utilizado en contextos de partes y mantenimiento.,,,Finance and Insurance Vocabulary,documento-local:finance-insurance-vocabulary-source,Borrador,,,"Importado del glosario proporcionado por el usuario, página 17.",Término,,,Bujías,,,,Media,,Intermedia,Demo,2026-07-17,2026-07-17,2026-07-17,1.0,"Importación de vocabulario financiero, bancario, seguros, automotriz y asistencia pública"
708,Speed,Velocidad,Partes de carros,Carreteras y tránsito,,,,,Término bilingüe utilizado en contextos de carreteras y tránsito.,,,Finance and Insurance Vocabulary,documento-local:finance-insurance-vocabulary-source,Borrador,,,"Importado del glosario proporcionado por el usuario, página 17.",Término,,,Velocidad,,,,Media,,Intermedia,Demo,2026-07-17,2026-07-17,2026-07-17,1.0,"Importación de vocabulario financiero, bancario, seguros, automotriz y asistencia pública"
709,Speed bumps,Topes de control de velocidad,Partes de carros,Carreteras y tránsito,,,,,Término bilingüe utilizado en contextos de carreteras y tránsito.,,,Finance and Insurance Vocabulary,documento-local:finance-insurance-vocabulary-source,Borrador,,,"Importado del glosario proporcionado por el usuario, página 17.",Término,,,Topes de control de velocidad,,,,Media,,Intermedia,Demo,2026-07-17,2026-07-17,2026-07-17,1.0,"Importación de vocabulario financiero, bancario, seguros, automotriz y asistencia pública"
710,Speeding,Exceso de velocidad,Partes de carros,Carreteras y tránsito,,,,,Término bilingüe utilizado en contextos de carreteras y tránsito.,,,Finance and Insurance Vocabulary,documento-local:finance-insurance-vocabulary-source,Borrador,,,"Importado del glosario proporcionado por el usuario, página 17.",Término,,,Exceso de velocidad,,,,Media,,Intermedia,Demo,2026-07-17,2026-07-17,2026-07-17,1.0,"Importación de vocabulario financiero, bancario, seguros, automotriz y asistencia pública"
711,Spin out,"Perder el control, patinarse",Seguros y trámites,Accidentes y reclamaciones,,,,,Término bilingüe utilizado en contextos de accidentes y reclamaciones.,,,Finance and Insurance Vocabulary,documento-local:finance-insurance-vocabulary-source,Borrador,,,"Importado del glosario proporcionado por el usuario, página 17.",Término,,,"Perder el control, patinarse",,,,Media,,Intermedia,Demo,2026-07-17,2026-07-17,2026-07-17,1.0,"Importación de vocabulario financiero, bancario, seguros, automotriz y asistencia pública"
712,Squealing of tires,Rechinido de llantas,Legal,Documentos y procedimientos,,,,,Término bilingüe utilizado en contextos de documentos y procedimientos.,,,Finance and Insurance Vocabulary,documento-local:finance-insurance-vocabulary-source,Borrador,,,"Importado del glosario proporcionado por el usuario, página 17.",Término,,,Rechinido de llantas,,,,Media,,Intermedia,Demo,2026-07-17,2026-07-17,2026-07-17,1.0,"Importación de vocabulario financiero, bancario, seguros, automotriz y asistencia pública"
713,Start,Arrancar,Partes de carros,Automotriz y seguros,,,,,Término bilingüe utilizado en contextos de automotriz y seguros.,,,Finance and Insurance Vocabulary,documento-local:finance-insurance-vocabulary-source,Borrador,,,"Importado del glosario proporcionado por el usuario, página 17.",Término,,,Arrancar,,,,Media,,Intermedia,Demo,2026-07-17,2026-07-17,2026-07-17,1.0,"Importación de vocabulario financiero, bancario, seguros, automotriz y asistencia pública"
714,Starter (on vehicle),"Arrancador, motor de arranque",Partes de carros,Partes y mantenimiento,,,,,Término bilingüe utilizado en contextos de partes y mantenimiento.,,,Finance and Insurance Vocabulary,documento-local:finance-insurance-vocabulary-source,Borrador,,,"Importado del glosario proporcionado por el usuario, página 17.",Término,,,"Arrancador, motor de arranque",,,,Media,,Intermedia,Demo,2026-07-17,2026-07-17,2026-07-17,1.0,"Importación de vocabulario financiero, bancario, seguros, automotriz y asistencia pública"
715,Steer,Conducir,Partes de carros,Automotriz y seguros,,,,,Término bilingüe utilizado en contextos de automotriz y seguros.,,,Finance and Insurance Vocabulary,documento-local:finance-insurance-vocabulary-source,Borrador,,,"Importado del glosario proporcionado por el usuario, página 17.",Término,,,Conducir,,,,Media,,Intermedia,Demo,2026-07-17,2026-07-17,2026-07-17,1.0,"Importación de vocabulario financiero, bancario, seguros, automotriz y asistencia pública"
716,Stop sign,Señal de alto,Partes de carros,Carreteras y tránsito,,,,,Término bilingüe utilizado en contextos de carreteras y tránsito.,,,Finance and Insurance Vocabulary,documento-local:finance-insurance-vocabulary-source,Borrador,,,"Importado del glosario proporcionado por el usuario, página 17.",Término,,,Señal de alto,,,,Media,,Intermedia,Demo,2026-07-17,2026-07-17,2026-07-17,1.0,"Importación de vocabulario financiero, bancario, seguros, automotriz y asistencia pública"
717,Storage charges,Cargos por almacenaje,Partes de carros,Automotriz y seguros,,,,,Término bilingüe utilizado en contextos de automotriz y seguros.,,,Finance and Insurance Vocabulary,documento-local:finance-insurance-vocabulary-source,Borrador,,,"Importado del glosario proporcionado por el usuario, página 17.",Término,,,Cargos por almacenaje,,,,Media,,Intermedia,Demo,2026-07-17,2026-07-17,2026-07-17,1.0,"Importación de vocabulario financiero, bancario, seguros, automotriz y asistencia pública"
718,Structural damage,"Daño estructural, daño a la estructura",Seguros y trámites,Accidentes y reclamaciones,,,,,Término bilingüe utilizado en contextos de accidentes y reclamaciones.,,,Finance and Insurance Vocabulary,documento-local:finance-insurance-vocabulary-source,Borrador,,,"Importado del glosario proporcionado por el usuario, página 17.",Término,,,"Daño estructural, daño a la estructura",,,,Media,,Intermedia,Demo,2026-07-17,2026-07-17,2026-07-17,1.0,"Importación de vocabulario financiero, bancario, seguros, automotriz y asistencia pública"
719,Sun roof (of a vehicle),(Techo con) quemacocos (de un vehículo),Legal,Documentos y procedimientos,,,,,Término bilingüe utilizado en contextos de documentos y procedimientos.,,,Finance and Insurance Vocabulary,documento-local:finance-insurance-vocabulary-source,Borrador,,,"Importado del glosario proporcionado por el usuario, página 17.",Término,,,(Techo con) quemacocos (de un vehículo),,,,Media,,Intermedia,Demo,2026-07-17,2026-07-17,2026-07-17,1.0,"Importación de vocabulario financiero, bancario, seguros, automotriz y asistencia pública"
720,Surgical expense insurance,Seguro de gastos quirúrgicos,Seguros y trámites,Beneficios e incapacidad,,,,,Término bilingüe utilizado en contextos de beneficios e incapacidad.,,,Finance and Insurance Vocabulary,documento-local:finance-insurance-vocabulary-source,Borrador,,,"Importado del glosario proporcionado por el usuario, página 17.",Término,,,Seguro de gastos quirúrgicos,,,,Media,,Intermedia,Demo,2026-07-17,2026-07-17,2026-07-17,1.0,"Importación de vocabulario financiero, bancario, seguros, automotriz y asistencia pública"
721,Swerve,Desviar,Partes de carros,Carreteras y tránsito,,,,,Término bilingüe utilizado en contextos de carreteras y tránsito.,,,Finance and Insurance Vocabulary,documento-local:finance-insurance-vocabulary-source,Borrador,,,"Importado del glosario proporcionado por el usuario, página 18.",Término,,,Desviar,,,,Media,,Intermedia,Demo,2026-07-17,2026-07-17,2026-07-17,1.0,"Importación de vocabulario financiero, bancario, seguros, automotriz y asistencia pública"
722,"Swerve, “fish tail”",Colear,Partes de carros,Carreteras y tránsito,,,,,Término bilingüe utilizado en contextos de carreteras y tránsito.,,,Finance and Insurance Vocabulary,documento-local:finance-insurance-vocabulary-source,Borrador,,,"Importado del glosario proporcionado por el usuario, página 18.",Término,,,Colear,,,,Media,,Intermedia,Demo,2026-07-17,2026-07-17,2026-07-17,1.0,"Importación de vocabulario financiero, bancario, seguros, automotriz y asistencia pública"
723,Tag,Placa,Partes de carros,Carreteras y tránsito,,,,,Término bilingüe utilizado en contextos de carreteras y tránsito.,,,Finance and Insurance Vocabulary,documento-local:finance-insurance-vocabulary-source,Borrador,,,"Importado del glosario proporcionado por el usuario, página 18.",Término,,,Placa,,,,Media,,Intermedia,Demo,2026-07-17,2026-07-17,2026-07-17,1.0,"Importación de vocabulario financiero, bancario, seguros, automotriz y asistencia pública"
724,Tail light (of a car),"Luz trasera, faro de cola",Legal,Documentos y procedimientos,,,,,Término bilingüe utilizado en contextos de documentos y procedimientos.,,,Finance and Insurance Vocabulary,documento-local:finance-insurance-vocabulary-source,Borrador,,,"Importado del glosario proporcionado por el usuario, página 18.",Término,,,"Luz trasera, faro de cola",,,,Media,,Intermedia,Demo,2026-07-17,2026-07-17,2026-07-17,1.0,"Importación de vocabulario financiero, bancario, seguros, automotriz y asistencia pública"
725,Tailgate,Puerta trasera; puerta de descarga,Partes de carros,Automotriz y seguros,,,,,Término bilingüe utilizado en contextos de automotriz y seguros.,,,Finance and Insurance Vocabulary,documento-local:finance-insurance-vocabulary-source,Borrador,,,"Importado del glosario proporcionado por el usuario, página 18.",Término,,,Puerta trasera; puerta de descarga,,,,Media,,Intermedia,Demo,2026-07-17,2026-07-17,2026-07-17,1.0,"Importación de vocabulario financiero, bancario, seguros, automotriz y asistencia pública"
726,Term insurance,Seguro de vida con plazo determinado,Seguros y trámites,Seguros y pólizas,,,,,Término bilingüe utilizado en contextos de seguros y pólizas.,,,Finance and Insurance Vocabulary,documento-local:finance-insurance-vocabulary-source,Borrador,,,"Importado del glosario proporcionado por el usuario, página 18.",Término,,,Seguro de vida con plazo determinado,,,,Media,,Intermedia,Demo,2026-07-17,2026-07-17,2026-07-17,1.0,"Importación de vocabulario financiero, bancario, seguros, automotriz y asistencia pública"
727,Term Life Policy,Póliza de vida a término,Seguros y trámites,Seguros y pólizas,,,,,Término bilingüe utilizado en contextos de seguros y pólizas.,,,Finance and Insurance Vocabulary,documento-local:finance-insurance-vocabulary-source,Borrador,,,"Importado del glosario proporcionado por el usuario, página 18.",Término,,,Póliza de vida a término,,,,Media,,Intermedia,Demo,2026-07-17,2026-07-17,2026-07-17,1.0,"Importación de vocabulario financiero, bancario, seguros, automotriz y asistencia pública"
728,Testimony,Testimonio,Legal,Documentos y procedimientos,,,,,Término bilingüe utilizado en contextos de documentos y procedimientos.,,,Finance and Insurance Vocabulary,documento-local:finance-insurance-vocabulary-source,Borrador,,,"Importado del glosario proporcionado por el usuario, página 18.",Término,,,Testimonio,,,,Media,,Intermedia,Demo,2026-07-17,2026-07-17,2026-07-17,1.0,"Importación de vocabulario financiero, bancario, seguros, automotriz y asistencia pública"
729,Third party,"Tercera parte (por ejemplo, en un contrato)",Legal,Documentos y procedimientos,,,,,Término bilingüe utilizado en contextos de documentos y procedimientos.,,,Finance and Insurance Vocabulary,documento-local:finance-insurance-vocabulary-source,Borrador,,,"Importado del glosario proporcionado por el usuario, página 18.",Término,,,"Tercera parte (por ejemplo, en un contrato)",,,,Media,,Intermedia,Demo,2026-07-17,2026-07-17,2026-07-17,1.0,"Importación de vocabulario financiero, bancario, seguros, automotriz y asistencia pública"
730,Third party property damage,Daños materiales a terceros,Legal,Documentos y procedimientos,,,,,Término bilingüe utilizado en contextos de documentos y procedimientos.,,,Finance and Insurance Vocabulary,documento-local:finance-insurance-vocabulary-source,Borrador,,,"Importado del glosario proporcionado por el usuario, página 18.",Término,,,Daños materiales a terceros,,,,Media,,Intermedia,Demo,2026-07-17,2026-07-17,2026-07-17,1.0,"Importación de vocabulario financiero, bancario, seguros, automotriz y asistencia pública"
731,Ticket,Infracción,Partes de carros,Carreteras y tránsito,,,,,Término bilingüe utilizado en contextos de carreteras y tránsito.,,,Finance and Insurance Vocabulary,documento-local:finance-insurance-vocabulary-source,Borrador,,,"Importado del glosario proporcionado por el usuario, página 18.",Término,,,Infracción,,,,Media,,Intermedia,Demo,2026-07-17,2026-07-17,2026-07-17,1.0,"Importación de vocabulario financiero, bancario, seguros, automotriz y asistencia pública"
732,Tire chains,Cadenas antideslizantes,Partes de carros,Partes y mantenimiento,,,,,Término bilingüe utilizado en contextos de partes y mantenimiento.,,,Finance and Insurance Vocabulary,documento-local:finance-insurance-vocabulary-source,Borrador,,,"Importado del glosario proporcionado por el usuario, página 18.",Término,,,Cadenas antideslizantes,,,,Media,,Intermedia,Demo,2026-07-17,2026-07-17,2026-07-17,1.0,"Importación de vocabulario financiero, bancario, seguros, automotriz y asistencia pública"
733,Title; pink slip,Título de propiedad,Partes de carros,Automotriz y seguros,,,,,Término bilingüe utilizado en contextos de automotriz y seguros.,,,Finance and Insurance Vocabulary,documento-local:finance-insurance-vocabulary-source,Borrador,,,"Importado del glosario proporcionado por el usuario, página 18.",Término,,,Título de propiedad,,,,Media,,Intermedia,Demo,2026-07-17,2026-07-17,2026-07-17,1.0,"Importación de vocabulario financiero, bancario, seguros, automotriz y asistencia pública"
734,To the best of your knowledge and belief,A su mejor saber y,Legal,Documentos y procedimientos,,,,,Término bilingüe utilizado en contextos de documentos y procedimientos.,,,Finance and Insurance Vocabulary,documento-local:finance-insurance-vocabulary-source,Borrador,,,"Importado del glosario proporcionado por el usuario, página 18.",Término,,,A su mejor saber y,,,,Media,,Intermedia,Demo,2026-07-17,2026-07-17,2026-07-17,1.0,"Importación de vocabulario financiero, bancario, seguros, automotriz y asistencia pública"
735,Total loss,Pérdida total,Seguros y trámites,Accidentes y reclamaciones,,,,,Término bilingüe utilizado en contextos de accidentes y reclamaciones.,,,Finance and Insurance Vocabulary,documento-local:finance-insurance-vocabulary-source,Borrador,,,"Importado del glosario proporcionado por el usuario, página 18.",Término,,,Pérdida total,,,,Media,,Intermedia,Demo,2026-07-17,2026-07-17,2026-07-17,1.0,"Importación de vocabulario financiero, bancario, seguros, automotriz y asistencia pública"
736,Totaled vehicle,Vehículo considerado,Seguros y trámites,Accidentes y reclamaciones,,,,,Término bilingüe utilizado en contextos de accidentes y reclamaciones.,,,Finance and Insurance Vocabulary,documento-local:finance-insurance-vocabulary-source,Borrador,,,"Importado del glosario proporcionado por el usuario, página 18.",Término,,,Vehículo considerado,,,,Media,,Intermedia,Demo,2026-07-17,2026-07-17,2026-07-17,1.0,"Importación de vocabulario financiero, bancario, seguros, automotriz y asistencia pública"
737,Tow (to),Llevar en grúa,Seguros y trámites,Accidentes y reclamaciones,,,,,Término bilingüe utilizado en contextos de accidentes y reclamaciones.,,,Finance and Insurance Vocabulary,documento-local:finance-insurance-vocabulary-source,Borrador,,,"Importado del glosario proporcionado por el usuario, página 18.",Término,,,Llevar en grúa,,,,Media,,Intermedia,Demo,2026-07-17,2026-07-17,2026-07-17,1.0,"Importación de vocabulario financiero, bancario, seguros, automotriz y asistencia pública"
738,Tow bar,Enganche de remolque,Partes de carros,Partes y mantenimiento,,,,,Término bilingüe utilizado en contextos de partes y mantenimiento.,,,Finance and Insurance Vocabulary,documento-local:finance-insurance-vocabulary-source,Borrador,,,"Importado del glosario proporcionado por el usuario, página 18.",Término,,,Enganche de remolque,,,,Media,,Intermedia,Demo,2026-07-17,2026-07-17,2026-07-17,1.0,"Importación de vocabulario financiero, bancario, seguros, automotriz y asistencia pública"
739,Tow truck,Grúa,Seguros y trámites,Accidentes y reclamaciones,,,,,Término bilingüe utilizado en contextos de accidentes y reclamaciones.,,,Finance and Insurance Vocabulary,documento-local:finance-insurance-vocabulary-source,Borrador,,,"Importado del glosario proporcionado por el usuario, página 18.",Término,,,Grúa,,,,Media,,Intermedia,Demo,2026-07-17,2026-07-17,2026-07-17,1.0,"Importación de vocabulario financiero, bancario, seguros, automotriz y asistencia pública"
740,Tow yard,"Lote de carros remolcados,",Seguros y trámites,Accidentes y reclamaciones,,,,,Término bilingüe utilizado en contextos de accidentes y reclamaciones.,,,Finance and Insurance Vocabulary,documento-local:finance-insurance-vocabulary-source,Borrador,,,"Importado del glosario proporcionado por el usuario, página 18.",Término,,,"Lote de carros remolcados,",,,,Media,,Intermedia,Demo,2026-07-17,2026-07-17,2026-07-17,1.0,"Importación de vocabulario financiero, bancario, seguros, automotriz y asistencia pública"
741,Traffic sign,Señal de tráfico,Partes de carros,Carreteras y tránsito,,,,,Término bilingüe utilizado en contextos de carreteras y tránsito.,,,Finance and Insurance Vocabulary,documento-local:finance-insurance-vocabulary-source,Borrador,,,"Importado del glosario proporcionado por el usuario, página 18.",Término,,,Señal de tráfico,,,,Media,,Intermedia,Demo,2026-07-17,2026-07-17,2026-07-17,1.0,"Importación de vocabulario financiero, bancario, seguros, automotriz y asistencia pública"
742,Traffic tickets,Infracciones de tránsito,Partes de carros,Carreteras y tránsito,,,,,Término bilingüe utilizado en contextos de carreteras y tránsito.,,,Finance and Insurance Vocabulary,documento-local:finance-insurance-vocabulary-source,Borrador,,,"Importado del glosario proporcionado por el usuario, página 18.",Término,,,Infracciones de tránsito,,,,Media,,Intermedia,Demo,2026-07-17,2026-07-17,2026-07-17,1.0,"Importación de vocabulario financiero, bancario, seguros, automotriz y asistencia pública"
743,Trailer,Remolque,Partes de carros,Automotriz y seguros,,,,,Término bilingüe utilizado en contextos de automotriz y seguros.,,,Finance and Insurance Vocabulary,documento-local:finance-insurance-vocabulary-source,Borrador,,,"Importado del glosario proporcionado por el usuario, página 18.",Término,,,Remolque,,,,Media,,Intermedia,Demo,2026-07-17,2026-07-17,2026-07-17,1.0,"Importación de vocabulario financiero, bancario, seguros, automotriz y asistencia pública"
744,Transferable voucher,Comprobante transferible,Partes de carros,Automotriz y seguros,,,,,Término bilingüe utilizado en contextos de automotriz y seguros.,,,Finance and Insurance Vocabulary,documento-local:finance-insurance-vocabulary-source,Borrador,,,"Importado del glosario proporcionado por el usuario, página 18.",Término,,,Comprobante transferible,,,,Media,,Intermedia,Demo,2026-07-17,2026-07-17,2026-07-17,1.0,"Importación de vocabulario financiero, bancario, seguros, automotriz y asistencia pública"
745,Tread/ pattern on a tire,"Dibujo de la llanta, banda de rodadura",Partes de carros,Partes y mantenimiento,,,,,Término bilingüe utilizado en contextos de partes y mantenimiento.,,,Finance and Insurance Vocabulary,documento-local:finance-insurance-vocabulary-source,Borrador,,,"Importado del glosario proporcionado por el usuario, página 18.",Término,,,"Dibujo de la llanta, banda de rodadura",,,,Media,,Intermedia,Demo,2026-07-17,2026-07-17,2026-07-17,1.0,"Importación de vocabulario financiero, bancario, seguros, automotriz y asistencia pública"
746,Turning lane,Carril para dar vuelta,Partes de carros,Carreteras y tránsito,,,,,Término bilingüe utilizado en contextos de carreteras y tránsito.,,,Finance and Insurance Vocabulary,documento-local:finance-insurance-vocabulary-source,Borrador,,,"Importado del glosario proporcionado por el usuario, página 18.",Término,,,Carril para dar vuelta,,,,Media,,Intermedia,Demo,2026-07-17,2026-07-17,2026-07-17,1.0,"Importación de vocabulario financiero, bancario, seguros, automotriz y asistencia pública"
747,Twisted,Torcido,Partes de carros,Automotriz y seguros,,,,,Término bilingüe utilizado en contextos de automotriz y seguros.,,,Finance and Insurance Vocabulary,documento-local:finance-insurance-vocabulary-source,Borrador,,,"Importado del glosario proporcionado por el usuario, página 18.",Término,,,Torcido,,,,Media,,Intermedia,Demo,2026-07-17,2026-07-17,2026-07-17,1.0,"Importación de vocabulario financiero, bancario, seguros, automotriz y asistencia pública"
748,Two-way street,Calle de doble sentido,Partes de carros,Carreteras y tránsito,,,,,Término bilingüe utilizado en contextos de carreteras y tránsito.,,,Finance and Insurance Vocabulary,documento-local:finance-insurance-vocabulary-source,Borrador,,,"Importado del glosario proporcionado por el usuario, página 18.",Término,,,Calle de doble sentido,,,,Media,,Intermedia,Demo,2026-07-17,2026-07-17,2026-07-17,1.0,"Importación de vocabulario financiero, bancario, seguros, automotriz y asistencia pública"
749,Underpass,Paso subterráneo,Partes de carros,Carreteras y tránsito,,,,,Término bilingüe utilizado en contextos de carreteras y tránsito.,,,Finance and Insurance Vocabulary,documento-local:finance-insurance-vocabulary-source,Borrador,,,"Importado del glosario proporcionado por el usuario, página 18.",Término,,,Paso subterráneo,,,,Media,,Intermedia,Demo,2026-07-17,2026-07-17,2026-07-17,1.0,"Importación de vocabulario financiero, bancario, seguros, automotriz y asistencia pública"
750,Underwriting,Evaluación de riesgos,Seguros y trámites,Seguros y pólizas,,,,,Término bilingüe utilizado en contextos de seguros y pólizas.,,,Finance and Insurance Vocabulary,documento-local:finance-insurance-vocabulary-source,Borrador,,,"Importado del glosario proporcionado por el usuario, página 18.",Término,,,Evaluación de riesgos,,,,Media,,Intermedia,Demo,2026-07-17,2026-07-17,2026-07-17,1.0,"Importación de vocabulario financiero, bancario, seguros, automotriz y asistencia pública"
751,Abuse,Abuso,Seguros y trámites,Asistencia pública,,,,,Término bilingüe utilizado en contextos de asistencia pública.,,,Finance and Insurance Vocabulary,documento-local:finance-insurance-vocabulary-source,Borrador,,,"Importado del glosario proporcionado por el usuario, página 19.",Término,,,Abuso,,,,Media,,Intermedia,Demo,2026-07-17,2026-07-17,2026-07-17,1.0,"Importación de vocabulario financiero, bancario, seguros, automotriz y asistencia pública"
752,Alien,Extranjero,Seguros y trámites,Asistencia pública,,,,,Término bilingüe utilizado en contextos de asistencia pública.,,,Finance and Insurance Vocabulary,documento-local:finance-insurance-vocabulary-source,Borrador,,,"Importado del glosario proporcionado por el usuario, página 19.",Término,,,Extranjero,,,,Media,,Intermedia,Demo,2026-07-17,2026-07-17,2026-07-17,1.0,"Importación de vocabulario financiero, bancario, seguros, automotriz y asistencia pública"
753,Alimony,Pensión Alimenticia,Seguros y trámites,Asistencia pública,,,,,Término bilingüe utilizado en contextos de asistencia pública.,,,Finance and Insurance Vocabulary,documento-local:finance-insurance-vocabulary-source,Borrador,,,"Importado del glosario proporcionado por el usuario, página 19.",Término,,,Pensión Alimenticia,,,,Media,,Intermedia,Demo,2026-07-17,2026-07-17,2026-07-17,1.0,"Importación de vocabulario financiero, bancario, seguros, automotriz y asistencia pública"
754,Apply for,Solicitar,Seguros y trámites,Asistencia pública,,,,,Término bilingüe utilizado en contextos de asistencia pública.,,,Finance and Insurance Vocabulary,documento-local:finance-insurance-vocabulary-source,Borrador,,,"Importado del glosario proporcionado por el usuario, página 19.",Término,,,Solicitar,,,,Media,,Intermedia,Demo,2026-07-17,2026-07-17,2026-07-17,1.0,"Importación de vocabulario financiero, bancario, seguros, automotriz y asistencia pública"
755,Approval,Aprobación,Seguros y trámites,Asistencia pública,,,,,Término bilingüe utilizado en contextos de asistencia pública.,,,Finance and Insurance Vocabulary,documento-local:finance-insurance-vocabulary-source,Borrador,,,"Importado del glosario proporcionado por el usuario, página 19.",Término,,,Aprobación,,,,Media,,Intermedia,Demo,2026-07-17,2026-07-17,2026-07-17,1.0,"Importación de vocabulario financiero, bancario, seguros, automotriz y asistencia pública"
756,Assessment,Evaluación,Seguros y trámites,Asistencia pública,,,,,Término bilingüe utilizado en contextos de asistencia pública.,,,Finance and Insurance Vocabulary,documento-local:finance-insurance-vocabulary-source,Borrador,,,"Importado del glosario proporcionado por el usuario, página 19.",Término,,,Evaluación,,,,Media,,Intermedia,Demo,2026-07-17,2026-07-17,2026-07-17,1.0,"Importación de vocabulario financiero, bancario, seguros, automotriz y asistencia pública"
757,Bedbugs,Chinches,Seguros y trámites,Asistencia pública,,,,,Término bilingüe utilizado en contextos de asistencia pública.,,,Finance and Insurance Vocabulary,documento-local:finance-insurance-vocabulary-source,Borrador,,,"Importado del glosario proporcionado por el usuario, página 19.",Término,,,Chinches,,,,Media,,Intermedia,Demo,2026-07-17,2026-07-17,2026-07-17,1.0,"Importación de vocabulario financiero, bancario, seguros, automotriz y asistencia pública"
758,Bi-weekly,Cada dos semanas,Seguros y trámites,Asistencia pública,,,,,Término bilingüe utilizado en contextos de asistencia pública.,,,Finance and Insurance Vocabulary,documento-local:finance-insurance-vocabulary-source,Borrador,,,"Importado del glosario proporcionado por el usuario, página 19.",Término,,,Cada dos semanas,,,,Media,,Intermedia,Demo,2026-07-17,2026-07-17,2026-07-17,1.0,"Importación de vocabulario financiero, bancario, seguros, automotriz y asistencia pública"
759,Birth certificate,Acta de Nacimiento,Seguros y trámites,Asistencia pública,,,,,Término bilingüe utilizado en contextos de asistencia pública.,,,Finance and Insurance Vocabulary,documento-local:finance-insurance-vocabulary-source,Borrador,,,"Importado del glosario proporcionado por el usuario, página 19.",Término,,,Acta de Nacimiento,,,,Media,,Intermedia,Demo,2026-07-17,2026-07-17,2026-07-17,1.0,"Importación de vocabulario financiero, bancario, seguros, automotriz y asistencia pública"
760,Business Hours,Horas Hábiles,Seguros y trámites,Asistencia pública,,,,,Término bilingüe utilizado en contextos de asistencia pública.,,,Finance and Insurance Vocabulary,documento-local:finance-insurance-vocabulary-source,Borrador,,,"Importado del glosario proporcionado por el usuario, página 19.",Término,,,Horas Hábiles,,,,Media,,Intermedia,Demo,2026-07-17,2026-07-17,2026-07-17,1.0,"Importación de vocabulario financiero, bancario, seguros, automotriz y asistencia pública"
761,Uninsured motorist,Conductor no asegurado,Seguros y trámites,Seguros y pólizas,,,,,Término bilingüe utilizado en contextos de seguros y pólizas.,,,Finance and Insurance Vocabulary,documento-local:finance-insurance-vocabulary-source,Borrador,,,"Importado del glosario proporcionado por el usuario, página 19.",Término,,,Conductor no asegurado,,,,Media,,Intermedia,Demo,2026-07-17,2026-07-17,2026-07-17,1.0,"Importación de vocabulario financiero, bancario, seguros, automotriz y asistencia pública"
762,Uninsured motorist coverage,Protección (cobertura) contra conductores no asegurados,Seguros y trámites,Seguros y pólizas,,,,,Término bilingüe utilizado en contextos de seguros y pólizas.,,,Finance and Insurance Vocabulary,documento-local:finance-insurance-vocabulary-source,Borrador,,,"Importado del glosario proporcionado por el usuario, página 19.",Término,,,Protección (cobertura) contra conductores no asegurados,,,,Media,,Intermedia,Demo,2026-07-17,2026-07-17,2026-07-17,1.0,"Importación de vocabulario financiero, bancario, seguros, automotriz y asistencia pública"
763,Up-keep,Mantenimiento,Partes de carros,Automotriz y seguros,,,,,Término bilingüe utilizado en contextos de automotriz y seguros.,,,Finance and Insurance Vocabulary,documento-local:finance-insurance-vocabulary-source,Borrador,,,"Importado del glosario proporcionado por el usuario, página 19.",Término,,,Mantenimiento,,,,Media,,Intermedia,Demo,2026-07-17,2026-07-17,2026-07-17,1.0,"Importación de vocabulario financiero, bancario, seguros, automotriz y asistencia pública"
764,Upgrades,Calidad mejorada (mejore que el producto básico),Partes de carros,Automotriz y seguros,,,,,Término bilingüe utilizado en contextos de automotriz y seguros.,,,Finance and Insurance Vocabulary,documento-local:finance-insurance-vocabulary-source,Borrador,,,"Importado del glosario proporcionado por el usuario, página 19.",Término,,,Calidad mejorada (mejore que el producto básico),,,,Media,,Intermedia,Demo,2026-07-17,2026-07-17,2026-07-17,1.0,"Importación de vocabulario financiero, bancario, seguros, automotriz y asistencia pública"
765,Upholstery,"Tapizado, tapicería",Partes de carros,Partes y mantenimiento,,,,,Término bilingüe utilizado en contextos de partes y mantenimiento.,,,Finance and Insurance Vocabulary,documento-local:finance-insurance-vocabulary-source,Borrador,,,"Importado del glosario proporcionado por el usuario, página 19.",Término,,,"Tapizado, tapicería",,,,Media,,Intermedia,Demo,2026-07-17,2026-07-17,2026-07-17,1.0,"Importación de vocabulario financiero, bancario, seguros, automotriz y asistencia pública"
766,Vandalism,Vandalismo,Partes de carros,Automotriz y seguros,,,,,Término bilingüe utilizado en contextos de automotriz y seguros.,,,Finance and Insurance Vocabulary,documento-local:finance-insurance-vocabulary-source,Borrador,,,"Importado del glosario proporcionado por el usuario, página 19.",Término,,,Vandalismo,,,,Media,,Intermedia,Demo,2026-07-17,2026-07-17,2026-07-17,1.0,"Importación de vocabulario financiero, bancario, seguros, automotriz y asistencia pública"
767,Vandalize,Causar daños por vandalismo,Partes de carros,Automotriz y seguros,,,,,Término bilingüe utilizado en contextos de automotriz y seguros.,,,Finance and Insurance Vocabulary,documento-local:finance-insurance-vocabulary-source,Borrador,,,"Importado del glosario proporcionado por el usuario, página 19.",Término,,,Causar daños por vandalismo,,,,Media,,Intermedia,Demo,2026-07-17,2026-07-17,2026-07-17,1.0,"Importación de vocabulario financiero, bancario, seguros, automotriz y asistencia pública"
768,Went into effect,Entró en vigor,Partes de carros,Automotriz y seguros,,,,,Término bilingüe utilizado en contextos de automotriz y seguros.,,,Finance and Insurance Vocabulary,documento-local:finance-insurance-vocabulary-source,Borrador,,,"Importado del glosario proporcionado por el usuario, página 19.",Término,,,Entró en vigor,,,,Media,,Intermedia,Demo,2026-07-17,2026-07-17,2026-07-17,1.0,"Importación de vocabulario financiero, bancario, seguros, automotriz y asistencia pública"
769,Whip lash,Latigazo,Seguros y trámites,Accidentes y reclamaciones,,,,,Término bilingüe utilizado en contextos de accidentes y reclamaciones.,,,Finance and Insurance Vocabulary,documento-local:finance-insurance-vocabulary-source,Borrador,,,"Importado del glosario proporcionado por el usuario, página 19.",Término,,,Latigazo,,,,Media,,Intermedia,Demo,2026-07-17,2026-07-17,2026-07-17,1.0,"Importación de vocabulario financiero, bancario, seguros, automotriz y asistencia pública"
770,Whole life insurance,Seguro de vida entera,Seguros y trámites,Seguros y pólizas,,,,,Término bilingüe utilizado en contextos de seguros y pólizas.,,,Finance and Insurance Vocabulary,documento-local:finance-insurance-vocabulary-source,Borrador,,,"Importado del glosario proporcionado por el usuario, página 19.",Término,,,Seguro de vida entera,,,,Media,,Intermedia,Demo,2026-07-17,2026-07-17,2026-07-17,1.0,"Importación de vocabulario financiero, bancario, seguros, automotriz y asistencia pública"
771,Windshield wipers,Limpiaparabrisas,Partes de carros,Partes y mantenimiento,,,,,Término bilingüe utilizado en contextos de partes y mantenimiento.,,,Finance and Insurance Vocabulary,documento-local:finance-insurance-vocabulary-source,Borrador,,,"Importado del glosario proporcionado por el usuario, página 19.",Término,,,Limpiaparabrisas,,,,Media,,Intermedia,Demo,2026-07-17,2026-07-17,2026-07-17,1.0,"Importación de vocabulario financiero, bancario, seguros, automotriz y asistencia pública"
772,Wire,Alambre,Partes de carros,Partes y mantenimiento,,,,,Término bilingüe utilizado en contextos de partes y mantenimiento.,,,Finance and Insurance Vocabulary,documento-local:finance-insurance-vocabulary-source,Borrador,,,"Importado del glosario proporcionado por el usuario, página 19.",Término,,,Alambre,,,,Media,,Intermedia,Demo,2026-07-17,2026-07-17,2026-07-17,1.0,"Importación de vocabulario financiero, bancario, seguros, automotriz y asistencia pública"
773,Witness,Testigo,Partes de carros,Automotriz y seguros,,,,,Término bilingüe utilizado en contextos de automotriz y seguros.,,,Finance and Insurance Vocabulary,documento-local:finance-insurance-vocabulary-source,Borrador,,,"Importado del glosario proporcionado por el usuario, página 19.",Término,,,Testigo,,,,Media,,Intermedia,Demo,2026-07-17,2026-07-17,2026-07-17,1.0,"Importación de vocabulario financiero, bancario, seguros, automotriz y asistencia pública"
774,Workers’ union,Sindicato,Partes de carros,Automotriz y seguros,,,,,Término bilingüe utilizado en contextos de automotriz y seguros.,,,Finance and Insurance Vocabulary,documento-local:finance-insurance-vocabulary-source,Borrador,,,"Importado del glosario proporcionado por el usuario, página 19.",Término,,,Sindicato,,,,Media,,Intermedia,Demo,2026-07-17,2026-07-17,2026-07-17,1.0,"Importación de vocabulario financiero, bancario, seguros, automotriz y asistencia pública"
775,Workman’s comp,Indemnización por accidente,Partes de carros,Automotriz y seguros,,,,,Término bilingüe utilizado en contextos de automotriz y seguros.,,,Finance and Insurance Vocabulary,documento-local:finance-insurance-vocabulary-source,Borrador,,,"Importado del glosario proporcionado por el usuario, página 19.",Término,,,Indemnización por accidente,,,,Media,,Intermedia,Demo,2026-07-17,2026-07-17,2026-07-17,1.0,"Importación de vocabulario financiero, bancario, seguros, automotriz y asistencia pública"
776,Worn-out tires (having bald tires),Llantas lisas o llantas sin dibujo,Partes de carros,Partes y mantenimiento,,,,,Término bilingüe utilizado en contextos de partes y mantenimiento.,,,Finance and Insurance Vocabulary,documento-local:finance-insurance-vocabulary-source,Borrador,,,"Importado del glosario proporcionado por el usuario, página 19.",Término,,,Llantas lisas o llantas sin dibujo,,,,Media,,Intermedia,Demo,2026-07-17,2026-07-17,2026-07-17,1.0,"Importación de vocabulario financiero, bancario, seguros, automotriz y asistencia pública"
777,Wrecking company,Compañía que ofrece,Seguros y trámites,Accidentes y reclamaciones,,,,,Término bilingüe utilizado en contextos de accidentes y reclamaciones.,,,Finance and Insurance Vocabulary,documento-local:finance-insurance-vocabulary-source,Borrador,,,"Importado del glosario proporcionado por el usuario, página 19.",Término,,,Compañía que ofrece,,,,Media,,Intermedia,Demo,2026-07-17,2026-07-17,2026-07-17,1.0,"Importación de vocabulario financiero, bancario, seguros, automotriz y asistencia pública"
778,Wrong way street,Calle en sentido contrario,Partes de carros,Carreteras y tránsito,,,,,Término bilingüe utilizado en contextos de carreteras y tránsito.,,,Finance and Insurance Vocabulary,documento-local:finance-insurance-vocabulary-source,Borrador,,,"Importado del glosario proporcionado por el usuario, página 19.",Término,,,Calle en sentido contrario,,,,Media,,Intermedia,Demo,2026-07-17,2026-07-17,2026-07-17,1.0,"Importación de vocabulario financiero, bancario, seguros, automotriz y asistencia pública"
779,Wrongful act,Acto ilícito,Legal,Documentos y procedimientos,,,,,Término bilingüe utilizado en contextos de documentos y procedimientos.,,,Finance and Insurance Vocabulary,documento-local:finance-insurance-vocabulary-source,Borrador,,,"Importado del glosario proporcionado por el usuario, página 19.",Término,,,Acto ilícito,,,,Media,,Intermedia,Demo,2026-07-17,2026-07-17,2026-07-17,1.0,"Importación de vocabulario financiero, bancario, seguros, automotriz y asistencia pública"
780,Wrongful death,Muerte ilegítima,Legal,Documentos y procedimientos,,,,,Término bilingüe utilizado en contextos de documentos y procedimientos.,,,Finance and Insurance Vocabulary,documento-local:finance-insurance-vocabulary-source,Borrador,,,"Importado del glosario proporcionado por el usuario, página 19.",Término,,,Muerte ilegítima,,,,Media,,Intermedia,Demo,2026-07-17,2026-07-17,2026-07-17,1.0,"Importación de vocabulario financiero, bancario, seguros, automotriz y asistencia pública"
781,Case worker,Trabajador(a) de caso,Seguros y trámites,Asistencia pública,,,,,Término bilingüe utilizado en contextos de asistencia pública.,,,Finance and Insurance Vocabulary,documento-local:finance-insurance-vocabulary-source,Borrador,,,"Importado del glosario proporcionado por el usuario, página 20.",Término,,,Trabajador(a) de caso,,,,Media,,Intermedia,Demo,2026-07-17,2026-07-17,2026-07-17,1.0,"Importación de vocabulario financiero, bancario, seguros, automotriz y asistencia pública"
782,Cash assistance,Ayuda con dinero en efectivo,Seguros y trámites,Asistencia pública,,,,,Término bilingüe utilizado en contextos de asistencia pública.,,,Finance and Insurance Vocabulary,documento-local:finance-insurance-vocabulary-source,Borrador,,,"Importado del glosario proporcionado por el usuario, página 20.",Término,,,Ayuda con dinero en efectivo,,,,Media,,Intermedia,Demo,2026-07-17,2026-07-17,2026-07-17,1.0,"Importación de vocabulario financiero, bancario, seguros, automotriz y asistencia pública"
783,Cash on hand,Dinero en efectivo a mano,Seguros y trámites,Asistencia pública,,,,,Término bilingüe utilizado en contextos de asistencia pública.,,,Finance and Insurance Vocabulary,documento-local:finance-insurance-vocabulary-source,Borrador,,,"Importado del glosario proporcionado por el usuario, página 20.",Término,,,Dinero en efectivo a mano,,,,Media,,Intermedia,Demo,2026-07-17,2026-07-17,2026-07-17,1.0,"Importación de vocabulario financiero, bancario, seguros, automotriz y asistencia pública"
784,Child Support,Manutención Infantil,Seguros y trámites,Asistencia pública,,,,,Término bilingüe utilizado en contextos de asistencia pública.,,,Finance and Insurance Vocabulary,documento-local:finance-insurance-vocabulary-source,Borrador,,,"Importado del glosario proporcionado por el usuario, página 20.",Término,,,Manutención Infantil,,,,Media,,Intermedia,Demo,2026-07-17,2026-07-17,2026-07-17,1.0,"Importación de vocabulario financiero, bancario, seguros, automotriz y asistencia pública"
785,CHIP (The Children’s Health Insurance Program),Programa de Seguro Médico para niños,Seguros y trámites,Asistencia pública,,,,,Término bilingüe utilizado en contextos de asistencia pública.,,,Finance and Insurance Vocabulary,documento-local:finance-insurance-vocabulary-source,Borrador,,,"Importado del glosario proporcionado por el usuario, página 20.",Término,,,Programa de Seguro Médico para niños,,,,Media,,Intermedia,Demo,2026-07-17,2026-07-17,2026-07-17,1.0,"Importación de vocabulario financiero, bancario, seguros, automotriz y asistencia pública"
786,Compensation,Indemnización,Seguros y trámites,Asistencia pública,,,,,Término bilingüe utilizado en contextos de asistencia pública.,,,Finance and Insurance Vocabulary,documento-local:finance-insurance-vocabulary-source,Borrador,,,"Importado del glosario proporcionado por el usuario, página 20.",Término,,,Indemnización,,,,Media,,Intermedia,Demo,2026-07-17,2026-07-17,2026-07-17,1.0,"Importación de vocabulario financiero, bancario, seguros, automotriz y asistencia pública"
787,Counselor,Consejero / terapeuta,Seguros y trámites,Asistencia pública,,,,,Término bilingüe utilizado en contextos de asistencia pública.,,,Finance and Insurance Vocabulary,documento-local:finance-insurance-vocabulary-source,Borrador,,,"Importado del glosario proporcionado por el usuario, página 20.",Término,,,Consejero / terapeuta,,,,Media,,Intermedia,Demo,2026-07-17,2026-07-17,2026-07-17,1.0,"Importación de vocabulario financiero, bancario, seguros, automotriz y asistencia pública"
788,Death Certificate,Acta de Defunción,Seguros y trámites,Asistencia pública,,,,,Término bilingüe utilizado en contextos de asistencia pública.,,,Finance and Insurance Vocabulary,documento-local:finance-insurance-vocabulary-source,Borrador,,,"Importado del glosario proporcionado por el usuario, página 20.",Término,,,Acta de Defunción,,,,Media,,Intermedia,Demo,2026-07-17,2026-07-17,2026-07-17,1.0,"Importación de vocabulario financiero, bancario, seguros, automotriz y asistencia pública"
789,Dependant,Dependiente,Seguros y trámites,Asistencia pública,,,,,Término bilingüe utilizado en contextos de asistencia pública.,,,Finance and Insurance Vocabulary,documento-local:finance-insurance-vocabulary-source,Borrador,,,"Importado del glosario proporcionado por el usuario, página 20.",Término,,,Dependiente,,,,Media,,Intermedia,Demo,2026-07-17,2026-07-17,2026-07-17,1.0,"Importación de vocabulario financiero, bancario, seguros, automotriz y asistencia pública"
790,Diapers,Pañales,Seguros y trámites,Asistencia pública,,,,,Término bilingüe utilizado en contextos de asistencia pública.,,,Finance and Insurance Vocabulary,documento-local:finance-insurance-vocabulary-source,Borrador,,,"Importado del glosario proporcionado por el usuario, página 20.",Término,,,Pañales,,,,Media,,Intermedia,Demo,2026-07-17,2026-07-17,2026-07-17,1.0,"Importación de vocabulario financiero, bancario, seguros, automotriz y asistencia pública"
791,Disclaimer/ Disclosure,Declaración; Divulgación Legal (liberación de responsabilidades),Seguros y trámites,Asistencia pública,,,,,Término bilingüe utilizado en contextos de asistencia pública.,,,Finance and Insurance Vocabulary,documento-local:finance-insurance-vocabulary-source,Borrador,,,"Importado del glosario proporcionado por el usuario, página 20.",Término,,,Declaración; Divulgación Legal (liberación de responsabilidades),,,,Media,,Intermedia,Demo,2026-07-17,2026-07-17,2026-07-17,1.0,"Importación de vocabulario financiero, bancario, seguros, automotriz y asistencia pública"
792,Domestic Violence,Violencia Domestica,Seguros y trámites,Asistencia pública,,,,,Término bilingüe utilizado en contextos de asistencia pública.,,,Finance and Insurance Vocabulary,documento-local:finance-insurance-vocabulary-source,Borrador,,,"Importado del glosario proporcionado por el usuario, página 20.",Término,,,Violencia Domestica,,,,Media,,Intermedia,Demo,2026-07-17,2026-07-17,2026-07-17,1.0,"Importación de vocabulario financiero, bancario, seguros, automotriz y asistencia pública"
793,Dustmite,Ácaros,Seguros y trámites,Asistencia pública,,,,,Término bilingüe utilizado en contextos de asistencia pública.,,,Finance and Insurance Vocabulary,documento-local:finance-insurance-vocabulary-source,Borrador,,,"Importado del glosario proporcionado por el usuario, página 20.",Término,,,Ácaros,,,,Media,,Intermedia,Demo,2026-07-17,2026-07-17,2026-07-17,1.0,"Importación de vocabulario financiero, bancario, seguros, automotriz y asistencia pública"
794,Employer,Empleador,Seguros y trámites,Asistencia pública,,,,,Término bilingüe utilizado en contextos de asistencia pública.,,,Finance and Insurance Vocabulary,documento-local:finance-insurance-vocabulary-source,Borrador,,,"Importado del glosario proporcionado por el usuario, página 20.",Término,,,Empleador,,,,Media,,Intermedia,Demo,2026-07-17,2026-07-17,2026-07-17,1.0,"Importación de vocabulario financiero, bancario, seguros, automotriz y asistencia pública"
795,Every other day,Día de por medio,Seguros y trámites,Asistencia pública,,,,,Término bilingüe utilizado en contextos de asistencia pública.,,,Finance and Insurance Vocabulary,documento-local:finance-insurance-vocabulary-source,Borrador,,,"Importado del glosario proporcionado por el usuario, página 20.",Término,,,Día de por medio,,,,Media,,Intermedia,Demo,2026-07-17,2026-07-17,2026-07-17,1.0,"Importación de vocabulario financiero, bancario, seguros, automotriz y asistencia pública"
796,Eviction order,Orden de desalojo,Seguros y trámites,Asistencia pública,,,,,Término bilingüe utilizado en contextos de asistencia pública.,,,Finance and Insurance Vocabulary,documento-local:finance-insurance-vocabulary-source,Borrador,,,"Importado del glosario proporcionado por el usuario, página 20.",Término,,,Orden de desalojo,,,,Media,,Intermedia,Demo,2026-07-17,2026-07-17,2026-07-17,1.0,"Importación de vocabulario financiero, bancario, seguros, automotriz y asistencia pública"
797,Fair hearing,Audiencia justa,Seguros y trámites,Asistencia pública,,,,,Término bilingüe utilizado en contextos de asistencia pública.,,,Finance and Insurance Vocabulary,documento-local:finance-insurance-vocabulary-source,Borrador,,,"Importado del glosario proporcionado por el usuario, página 20.",Término,,,Audiencia justa,,,,Media,,Intermedia,Demo,2026-07-17,2026-07-17,2026-07-17,1.0,"Importación de vocabulario financiero, bancario, seguros, automotriz y asistencia pública"
798,File taxes,Declarar Impuestos,Seguros y trámites,Asistencia pública,,,,,Término bilingüe utilizado en contextos de asistencia pública.,,,Finance and Insurance Vocabulary,documento-local:finance-insurance-vocabulary-source,Borrador,,,"Importado del glosario proporcionado por el usuario, página 20.",Término,,,Declarar Impuestos,,,,Media,,Intermedia,Demo,2026-07-17,2026-07-17,2026-07-17,1.0,"Importación de vocabulario financiero, bancario, seguros, automotriz y asistencia pública"
799,Liquidated damages,Daños y perjuicios,Seguros y trámites,Asistencia pública,,,,,Término bilingüe utilizado en contextos de asistencia pública.,,,Finance and Insurance Vocabulary,documento-local:finance-insurance-vocabulary-source,Borrador,,,"Importado del glosario proporcionado por el usuario, página 20.",Término,,,Daños y perjuicios,,,,Media,,Intermedia,Demo,2026-07-17,2026-07-17,2026-07-17,1.0,"Importación de vocabulario financiero, bancario, seguros, automotriz y asistencia pública"
800,Lost Wages,Sueldos caídos/ No devengados,Seguros y trámites,Asistencia pública,,,,,Término bilingüe utilizado en contextos de asistencia pública.,,,Finance and Insurance Vocabulary,documento-local:finance-insurance-vocabulary-source,Borrador,,,"Importado del glosario proporcionado por el usuario, página 20.",Término,,,Sueldos caídos/ No devengados,,,,Media,,Intermedia,Demo,2026-07-17,2026-07-17,2026-07-17,1.0,"Importación de vocabulario financiero, bancario, seguros, automotriz y asistencia pública"
801,SNAP (Supplemental Nutrition Assitance Program)/food stamps,Programa de Asistencia Nutricional Suplementaria; cupones de alimentos,Seguros y trámites,Asistencia pública,,,,,Término bilingüe utilizado en contextos de asistencia pública.,,,Finance and Insurance Vocabulary,documento-local:finance-insurance-vocabulary-source,Borrador,,,"Importado del glosario proporcionado por el usuario, página 20.",Término,,,Programa de Asistencia Nutricional Suplementaria; cupones de alimentos,,,,Media,,Intermedia,Demo,2026-07-17,2026-07-17,2026-07-17,1.0,"Importación de vocabulario financiero, bancario, seguros, automotriz y asistencia pública"
802,SSI (Supplemental Security Income),Seguridad de Ingreso Suplementario,Seguros y trámites,Asistencia pública,,SSI - Supplemental Security Income,Ingreso de Seguro Suplementario,,Término bilingüe utilizado en contextos de asistencia pública.,,,Finance and Insurance Vocabulary,documento-local:finance-insurance-vocabulary-source,Borrador,,,"Importado del glosario proporcionado por el usuario, página 20. Lista Medical Verbs, fila 21: SSI - Supplemental Security Income = Ingreso de Seguro Suplementario.",Término,,,Seguridad de Ingreso Suplementario,,,,Media,,Intermedia,Demo,2026-07-17,2026-07-17,2026-07-28,1.1,"Importación de vocabulario financiero, bancario, seguros, automotriz y asistencia pública; consolidado sin duplicar con Medical Verbs"
803,TANF (Temporary Assistance for Needy Families),Asistencia Temporal para Familias Necesitadas,Seguros y trámites,Asistencia pública,,,,,Término bilingüe utilizado en contextos de asistencia pública.,,,Finance and Insurance Vocabulary,documento-local:finance-insurance-vocabulary-source,Borrador,,,"Importado del glosario proporcionado por el usuario, página 20.",Término,,,Asistencia Temporal para Familias Necesitadas,,,,Media,,Intermedia,Demo,2026-07-17,2026-07-17,2026-07-17,1.0,"Importación de vocabulario financiero, bancario, seguros, automotriz y asistencia pública"
804,UC (Unemployment Compensation),Indemnización por desempleo,Seguros y trámites,Asistencia pública,,,,,Término bilingüe utilizado en contextos de asistencia pública.,,,Finance and Insurance Vocabulary,documento-local:finance-insurance-vocabulary-source,Borrador,,,"Importado del glosario proporcionado por el usuario, página 20.",Término,,,Indemnización por desempleo,,,,Media,,Intermedia,Demo,2026-07-17,2026-07-17,2026-07-17,1.0,"Importación de vocabulario financiero, bancario, seguros, automotriz y asistencia pública"
805,WIC (Women Infant and Children),"Mujeres, Infantes y Niños",Seguros y trámites,Asistencia pública,,,,,Término bilingüe utilizado en contextos de asistencia pública.,,,Finance and Insurance Vocabulary,documento-local:finance-insurance-vocabulary-source,Borrador,,,"Importado del glosario proporcionado por el usuario, página 20.",Término,,,"Mujeres, Infantes y Niños",,,,Media,,Intermedia,Demo,2026-07-17,2026-07-17,2026-07-17,1.0,"Importación de vocabulario financiero, bancario, seguros, automotriz y asistencia pública"
806,Anterior cruciate ligament,Ligamento cruzado anterior,Anatomía,Musculoesquelético,ACL,,Ligamento anterior cruzado,/ACL/,Estructura ligamentosa de la rodilla que ayuda a controlar la estabilidad y el movimiento.,The provider explained that ACL means Anterior cruciate ligament.,,Lista Medical Acronyms proporcionada por el usuario,documento-local:medical-acronyms-2026-07-27,Borrador,,,Importado y normalizado desde la lista Medical Acronyms proporcionada por el usuario.,Acrónimo,Medical Acronyms,"Interpretar según el contexto clínico, administrativo o legal correspondiente.",Ligamento cruzado anterior,Ligamento cruzado anterior,Ligamento cruzado anterior,Ligamento anterior cruzado,Alta,Frecuente,Intermedia,Demo,2026-07-27,2026-07-27,2026-07-27,1.0,Añadido desde la lista Medical Acronyms; ortografía y equivalencias normalizadas.
807,Hemoglobin A1C test,Prueba de hemoglobina A1c,Procedimientos,Laboratorio,A1C,,Prueba de hemoglobina glicosilada; HbA1c,/A1C/,Análisis que estima el promedio de glucosa en sangre durante los últimos meses.,The provider explained that A1C means Hemoglobin A1C test.,,Lista Medical Acronyms proporcionada por el usuario,documento-local:medical-acronyms-2026-07-27,Borrador,,,Importado y normalizado desde la lista Medical Acronyms proporcionada por el usuario.,Acrónimo,Medical Acronyms,"Interpretar según el contexto clínico, administrativo o legal correspondiente.",Prueba de hemoglobina A1c,Prueba de hemoglobina A1c,Prueba de hemoglobina A1c,Prueba de hemoglobina glicosilada; HbA1c,Alta,Frecuente,Intermedia,Demo,2026-07-27,2026-07-27,2026-07-27,1.0,Añadido desde la lista Medical Acronyms; ortografía y equivalencias normalizadas.
808,Attention-deficit disorder,Trastorno por déficit de atención,Condiciones,Salud mental,ADD,,Trastorno de déficit de atención,/ADD/,Término histórico utilizado para describir problemas persistentes de atención sin destacar hiperactividad.,The provider explained that ADD means Attention-deficit disorder.,ADD es una denominación antigua; actualmente suele clasificarse dentro de ADHD/TDAH. Confirme el término usado por el profesional.,Lista Medical Acronyms proporcionada por el usuario,documento-local:medical-acronyms-2026-07-27,Borrador,,,Importado y normalizado desde la lista Medical Acronyms proporcionada por el usuario.,Acrónimo,Medical Acronyms,"Interpretar según el contexto clínico, administrativo o legal correspondiente.",Trastorno por déficit de atención,Trastorno por déficit de atención,Trastorno por déficit de atención,Trastorno de déficit de atención,Alta,Frecuente,Intermedia,Demo,2026-07-27,2026-07-27,2026-07-27,1.0,Añadido desde la lista Medical Acronyms; ortografía y equivalencias normalizadas.
809,Attention-deficit/hyperactivity disorder,Trastorno por déficit de atención e hiperactividad,Condiciones,Salud mental,ADHD,,TDAH,/ADHD/,"Trastorno del neurodesarrollo relacionado con dificultades persistentes de atención, impulsividad o hiperactividad.",The provider explained that ADHD means Attention-deficit/hyperactivity disorder.,,Lista Medical Acronyms proporcionada por el usuario,documento-local:medical-acronyms-2026-07-27,Borrador,,,Importado y normalizado desde la lista Medical Acronyms proporcionada por el usuario.,Acrónimo,Medical Acronyms,"Interpretar según el contexto clínico, administrativo o legal correspondiente.",Trastorno por déficit de atención e hiperactividad,Trastorno por déficit de atención e hiperactividad,Trastorno por déficit de atención e hiperactividad,TDAH,Alta,Frecuente,Intermedia,Demo,2026-07-27,2026-07-27,2026-07-27,1.0,Añadido desde la lista Medical Acronyms; ortografía y equivalencias normalizadas.
810,Acquired immunodeficiency syndrome,Síndrome de inmunodeficiencia adquirida,Condiciones,Infecciosas,AIDS,,SIDA,/AIDS/,Etapa avanzada de la infección por VIH caracterizada por daño grave al sistema inmunitario.,The provider explained that AIDS means Acquired immunodeficiency syndrome.,"No confundir HIV/VIH, el virus, con AIDS/SIDA, el síndrome.",Lista Medical Acronyms proporcionada por el usuario,documento-local:medical-acronyms-2026-07-27,Borrador,,,Importado y normalizado desde la lista Medical Acronyms proporcionada por el usuario.,Acrónimo,Medical Acronyms,"Interpretar según el contexto clínico, administrativo o legal correspondiente.",Síndrome de inmunodeficiencia adquirida,Síndrome de inmunodeficiencia adquirida,Síndrome de inmunodeficiencia adquirida,SIDA,Alta,Frecuente,Intermedia,Demo,2026-07-27,2026-07-27,2026-07-27,1.0,Añadido desde la lista Medical Acronyms; ortografía y equivalencias normalizadas.
811,Body mass index,Índice de masa corporal,Signos vitales,Medidas corporales,BMI,,IMC,/BMI/,Cálculo basado en peso y estatura que se utiliza como indicador general de categorías de peso.,The provider explained that BMI means Body mass index.,El IMC es una medida de detección y no establece por sí solo un diagnóstico.,Lista Medical Acronyms proporcionada por el usuario,documento-local:medical-acronyms-2026-07-27,Borrador,,,Importado y normalizado desde la lista Medical Acronyms proporcionada por el usuario.,Acrónimo,Medical Acronyms,"Interpretar según el contexto clínico, administrativo o legal correspondiente.",Índice de masa corporal,Índice de masa corporal,Índice de masa corporal,IMC,Alta,Frecuente,Intermedia,Demo,2026-07-27,2026-07-27,2026-07-27,1.0,Añadido desde la lista Medical Acronyms; ortografía y equivalencias normalizadas.
812,Cytomegalovirus,Citomegalovirus,Condiciones,Infecciosas,CMV,,,/CMV/,Virus común de la familia de los herpesvirus que puede causar complicaciones en personas vulnerables.,The provider explained that CMV means Cytomegalovirus.,La forma inglesa correcta es Cytomegalovirus.,Lista Medical Acronyms proporcionada por el usuario,documento-local:medical-acronyms-2026-07-27,Borrador,,,Importado y normalizado desde la lista Medical Acronyms proporcionada por el usuario.,Acrónimo,Medical Acronyms,"Interpretar según el contexto clínico, administrativo o legal correspondiente.",Citomegalovirus,Citomegalovirus,Citomegalovirus,,Alta,Frecuente,Intermedia,Demo,2026-07-27,2026-07-27,2026-07-27,1.0,Añadido desde la lista Medical Acronyms; ortografía y equivalencias normalizadas.
813,Chronic obstructive pulmonary disease,Enfermedad pulmonar obstructiva crónica,Condiciones,Respiratorio,COPD,,EPOC,/COPD/,Enfermedad pulmonar crónica que limita el flujo de aire y dificulta la respiración.,The provider explained that COPD means Chronic obstructive pulmonary disease.,,Lista Medical Acronyms proporcionada por el usuario,documento-local:medical-acronyms-2026-07-27,Borrador,,,Importado y normalizado desde la lista Medical Acronyms proporcionada por el usuario.,Acrónimo,Medical Acronyms,"Interpretar según el contexto clínico, administrativo o legal correspondiente.",Enfermedad pulmonar obstructiva crónica,Enfermedad pulmonar obstructiva crónica,Enfermedad pulmonar obstructiva crónica,EPOC,Alta,Frecuente,Intermedia,Demo,2026-07-27,2026-07-27,2026-07-27,1.0,Añadido desde la lista Medical Acronyms; ortografía y equivalencias normalizadas.
814,Continuous positive airway pressure,Presión positiva continua en la vía respiratoria,Procedimientos,Respiratorio,CPAP,,Presión positiva continua en las vías respiratorias,/CPAP/,Tratamiento que mantiene abiertas las vías respiratorias mediante una presión de aire continua.,The provider explained that CPAP means Continuous positive airway pressure.,Debe incluirse la idea de presión positiva; no traducir solamente como presión continua.,"NHLBI, NIH",https://www.nhlbi.nih.gov/es/salud/cpap,Borrador,,,Importado y normalizado desde la lista Medical Acronyms proporcionada por el usuario.,Acrónimo,Medical Acronyms,"Interpretar según el contexto clínico, administrativo o legal correspondiente.",Presión positiva continua en la vía respiratoria,Presión positiva continua en la vía respiratoria,Presión positiva continua en la vía respiratoria,Presión positiva continua en las vías respiratorias,Alta,Frecuente,Intermedia,Demo,2026-07-27,2026-07-27,2026-07-27,1.0,Añadido desde la lista Medical Acronyms; ortografía y equivalencias normalizadas.
815,Dilation and curettage,Dilatación y legrado,Procedimientos,Ginecología,D&C,,Legrado,/DandC/,Procedimiento ginecológico en el que se dilata el cuello uterino y se retira tejido del interior del útero.,The provider explained that D&C means Dilation and curettage.,,Lista Medical Acronyms proporcionada por el usuario,documento-local:medical-acronyms-2026-07-27,Borrador,,,Importado y normalizado desde la lista Medical Acronyms proporcionada por el usuario.,Acrónimo,Medical Acronyms,"Interpretar según el contexto clínico, administrativo o legal correspondiente.",Dilatación y legrado,Dilatación y legrado,Dilatación y legrado,Legrado,Alta,Frecuente,Intermedia,Demo,2026-07-27,2026-07-27,2026-07-27,1.0,Añadido desde la lista Medical Acronyms; ortografía y equivalencias normalizadas.
816,Do not intubate,Orden de no intubar,Atención médica,Órdenes médicas,DNI,,,/DNI/,Orden médica que indica que no debe colocarse un tubo endotraqueal para ventilación invasiva.,The provider explained that DNI means Do not intubate.,DNI y DNR son órdenes distintas; una no implica automáticamente la otra.,Lista Medical Acronyms proporcionada por el usuario,documento-local:medical-acronyms-2026-07-27,Borrador,,,Importado y normalizado desde la lista Medical Acronyms proporcionada por el usuario.,Acrónimo,Medical Acronyms,"Interpretar según el contexto clínico, administrativo o legal correspondiente.",Orden de no intubar,Orden de no intubar,Orden de no intubar,,Alta,Frecuente,Intermedia,Demo,2026-07-27,2026-07-27,2026-07-27,1.0,Añadido desde la lista Medical Acronyms; ortografía y equivalencias normalizadas.
817,Do not resuscitate,Orden de no reanimar,Atención médica,Órdenes médicas,DNR,,Orden de no resucitar,/DNR/,Orden médica que indica que no debe iniciarse reanimación cardiopulmonar si se detienen el corazón o la respiración.,The provider explained that DNR means Do not resuscitate.,DNR no significa suspender toda la atención médica.,Lista Medical Acronyms proporcionada por el usuario,documento-local:medical-acronyms-2026-07-27,Borrador,,,Importado y normalizado desde la lista Medical Acronyms proporcionada por el usuario.,Acrónimo,Medical Acronyms,"Interpretar según el contexto clínico, administrativo o legal correspondiente.",Orden de no reanimar,Orden de no reanimar,Orden de no reanimar,Orden de no resucitar,Alta,Frecuente,Intermedia,Demo,2026-07-27,2026-07-27,2026-07-27,1.0,Añadido desde la lista Medical Acronyms; ortografía y equivalencias normalizadas.
818,"Diphtheria, tetanus, and pertussis vaccines","Vacunas contra la difteria, el tétanos y la tosferina",Medicamentos,Vacunas,DTaP / Tdap,,"DPT; T-DAP; difteria, tos ferina y tétanos",/DTaP-Tdap/,"Vacunas combinadas que protegen contra difteria, tétanos y tosferina.","The provider explained that DTaP / Tdap means Diphtheria, tetanus, and pertussis vaccines.",DTaP y Tdap son formulaciones diferentes y no deben tratarse como intercambiables.,Centers for Disease Control and Prevention,https://www.cdc.gov/diphtheria/vaccines/types.html,Borrador,,,Importado y normalizado desde la lista Medical Acronyms proporcionada por el usuario.,Acrónimo,Medical Acronyms,"Interpretar según el contexto clínico, administrativo o legal correspondiente.","Vacunas contra la difteria, el tétanos y la tosferina","Vacunas contra la difteria, el tétanos y la tosferina","Vacunas contra la difteria, el tétanos y la tosferina","DPT; T-DAP; difteria, tos ferina y tétanos",Alta,Frecuente,Intermedia,Demo,2026-07-27,2026-07-27,2026-07-27,1.0,Añadido desde la lista Medical Acronyms; ortografía y equivalencias normalizadas.
819,Deep vein thrombosis,Trombosis venosa profunda,Condiciones,Vascular,DVT,,TVP,/DVT/,"Coágulo de sangre que se forma en una vena profunda, con frecuencia en una pierna.",The provider explained that DVT means Deep vein thrombosis.,,Lista Medical Acronyms proporcionada por el usuario,documento-local:medical-acronyms-2026-07-27,Borrador,,,Importado y normalizado desde la lista Medical Acronyms proporcionada por el usuario.,Acrónimo,Medical Acronyms,"Interpretar según el contexto clínico, administrativo o legal correspondiente.",Trombosis venosa profunda,Trombosis venosa profunda,Trombosis venosa profunda,TVP,Alta,Frecuente,Intermedia,Demo,2026-07-27,2026-07-27,2026-07-27,1.0,Añadido desde la lista Medical Acronyms; ortografía y equivalencias normalizadas.
820,Electronic Benefit Transfer card,Tarjeta de transferencia electrónica de beneficios,Seguros y trámites,Beneficios públicos,EBT card,,Tarjeta de Transferencia de Beneficios Electrónicos,/EBT-card/,Tarjeta utilizada para recibir y utilizar determinados beneficios públicos mediante un sistema electrónico.,The provider explained that EBT card means Electronic Benefit Transfer card.,"Es un término administrativo, no un procedimiento médico.",Lista Medical Acronyms proporcionada por el usuario,documento-local:medical-acronyms-2026-07-27,Borrador,,,Importado y normalizado desde la lista Medical Acronyms proporcionada por el usuario.,Abreviatura,Medical Acronyms,"Interpretar según el contexto clínico, administrativo o legal correspondiente.",Tarjeta de transferencia electrónica de beneficios,Tarjeta de transferencia electrónica de beneficios,Tarjeta de transferencia electrónica de beneficios,Tarjeta de Transferencia de Beneficios Electrónicos,Alta,Frecuente,Intermedia,Demo,2026-07-27,2026-07-27,2026-07-27,1.0,Añadido desde la lista Medical Acronyms; ortografía y equivalencias normalizadas.
821,Electrocardiogram,Electrocardiograma,Procedimientos,Cardiología,ECG / EKG,,,/ECG-EKG/,Prueba que registra la actividad eléctrica del corazón.,The provider explained that ECG / EKG means Electrocardiogram.,"ECG y EKG significan electrocardiograma; no confundir con echocardiogram, que es ecocardiograma.",MedlinePlus,https://medlineplus.gov/lab-tests/electrocardiogram/,Borrador,,,Importado y normalizado desde la lista Medical Acronyms proporcionada por el usuario.,Acrónimo,Medical Acronyms,"Interpretar según el contexto clínico, administrativo o legal correspondiente.",Electrocardiograma,Electrocardiograma,Electrocardiograma,,Alta,Frecuente,Intermedia,Demo,2026-07-27,2026-07-27,2026-07-27,1.0,Añadido desde la lista Medical Acronyms; ortografía y equivalencias normalizadas.
822,Electroencephalogram,Electroencefalograma,Procedimientos,Neurología,EEG,,,/EEG/,Prueba que registra la actividad eléctrica del cerebro mediante electrodos colocados en el cuero cabelludo.,The provider explained that EEG means Electroencephalogram.,,Lista Medical Acronyms proporcionada por el usuario,documento-local:medical-acronyms-2026-07-27,Borrador,,,Importado y normalizado desde la lista Medical Acronyms proporcionada por el usuario.,Acrónimo,Medical Acronyms,"Interpretar según el contexto clínico, administrativo o legal correspondiente.",Electroencefalograma,Electroencefalograma,Electroencefalograma,,Alta,Frecuente,Intermedia,Demo,2026-07-27,2026-07-27,2026-07-27,1.0,Añadido desde la lista Medical Acronyms; ortografía y equivalencias normalizadas.
823,Esophagogastroduodenoscopy,Esofagogastroduodenoscopia,Procedimientos,Gastroenterología,EGD,Upper Endoscopy,Endoscopia digestiva alta,/EGD/,"Procedimiento endoscópico para observar el esófago, el estómago y el duodeno.",The provider explained that EGD means Esophagogastroduodenoscopy.,,Lista Medical Acronyms proporcionada por el usuario,documento-local:medical-acronyms-2026-07-27,Borrador,,,"Importado y normalizado desde la lista Medical Acronyms proporcionada por el usuario. Supplies 1, fila 5: Upper Endoscopy = Endoscopia digestiva alta.",Acrónimo,Medical Acronyms,"Interpretar según el contexto clínico, administrativo o legal correspondiente.",Esofagogastroduodenoscopia,Esofagogastroduodenoscopia,Esofagogastroduodenoscopia,Endoscopia digestiva alta,Alta,Frecuente,Intermedia,Demo,2026-07-27,2026-07-27,2026-07-28,1.1,Añadido desde la lista Medical Acronyms; ortografía y equivalencias normalizadas.; consolidado sin duplicar con Supplies 1
824,Family and Medical Leave Act,Ley de Licencia Familiar y Médica,Seguros y trámites,Empleo y licencias,FMLA,,Ley para permisos médicos y familiares,/FMLA/,Ley federal estadounidense relacionada con licencias laborales protegidas por motivos familiares o médicos.,The provider explained that FMLA means Family and Medical Leave Act.,Es una ley de Estados Unidos; la elegibilidad y las condiciones dependen del caso.,Lista Medical Acronyms proporcionada por el usuario,documento-local:medical-acronyms-2026-07-27,Borrador,,,Importado y normalizado desde la lista Medical Acronyms proporcionada por el usuario.,Acrónimo,Medical Acronyms,"Interpretar según el contexto clínico, administrativo o legal correspondiente.",Ley de Licencia Familiar y Médica,Ley de Licencia Familiar y Médica,Ley de Licencia Familiar y Médica,Ley para permisos médicos y familiares,Alta,Frecuente,Intermedia,Demo,2026-07-27,2026-07-27,2026-07-27,1.0,Añadido desde la lista Medical Acronyms; ortografía y equivalencias normalizadas.
825,Gastroesophageal reflux disease,Enfermedad por reflujo gastroesofágico,Condiciones,Digestivo,GERD,,ERGE,/GERD/,Afección en la que el contenido del estómago regresa repetidamente hacia el esófago.,The provider explained that GERD means Gastroesophageal reflux disease.,,Lista Medical Acronyms proporcionada por el usuario,documento-local:medical-acronyms-2026-07-27,Borrador,,,Importado y normalizado desde la lista Medical Acronyms proporcionada por el usuario.,Acrónimo,Medical Acronyms,"Interpretar según el contexto clínico, administrativo o legal correspondiente.",Enfermedad por reflujo gastroesofágico,Enfermedad por reflujo gastroesofágico,Enfermedad por reflujo gastroesofágico,ERGE,Alta,Frecuente,Intermedia,Demo,2026-07-27,2026-07-27,2026-07-27,1.0,Añadido desde la lista Medical Acronyms; ortografía y equivalencias normalizadas.
826,High-density lipoprotein,Lipoproteína de alta densidad,Procedimientos,Laboratorio,HDL,,Colesterol bueno,/HDL/,Tipo de lipoproteína que transporta colesterol en la sangre y suele asociarse con menor riesgo cardiovascular.,The provider explained that HDL means High-density lipoprotein.,Colesterol bueno es una explicación coloquial; HDL es una lipoproteína.,Lista Medical Acronyms proporcionada por el usuario,documento-local:medical-acronyms-2026-07-27,Borrador,,,Importado y normalizado desde la lista Medical Acronyms proporcionada por el usuario.,Acrónimo,Medical Acronyms,"Interpretar según el contexto clínico, administrativo o legal correspondiente.",Lipoproteína de alta densidad,Lipoproteína de alta densidad,Lipoproteína de alta densidad,Colesterol bueno,Alta,Frecuente,Intermedia,Demo,2026-07-27,2026-07-27,2026-07-27,1.0,Añadido desde la lista Medical Acronyms; ortografía y equivalencias normalizadas.
827,Human immunodeficiency virus,Virus de la inmunodeficiencia humana,Condiciones,Infecciosas,HIV,,VIH,/HIV/,"Virus que ataca el sistema inmunitario y que, sin tratamiento, puede causar SIDA.",The provider explained that HIV means Human immunodeficiency virus.,No confundir HIV/VIH con AIDS/SIDA.,Lista Medical Acronyms proporcionada por el usuario,documento-local:medical-acronyms-2026-07-27,Borrador,,,Importado y normalizado desde la lista Medical Acronyms proporcionada por el usuario.,Acrónimo,Medical Acronyms,"Interpretar según el contexto clínico, administrativo o legal correspondiente.",Virus de la inmunodeficiencia humana,Virus de la inmunodeficiencia humana,Virus de la inmunodeficiencia humana,VIH,Alta,Frecuente,Intermedia,Demo,2026-07-27,2026-07-27,2026-07-27,1.0,Añadido desde la lista Medical Acronyms; ortografía y equivalencias normalizadas.
828,Health maintenance organization,Organización para el mantenimiento de la salud,Seguros y trámites,Planes de salud,HMO,,Organización de Mantenimiento de la Salud,/HMO/,Tipo de plan u organización de atención médica que utiliza una red definida de proveedores y reglas de cobertura.,The provider explained that HMO means Health maintenance organization.,Los requisitos específicos dependen del plan.,Lista Medical Acronyms proporcionada por el usuario,documento-local:medical-acronyms-2026-07-27,Borrador,,,Importado y normalizado desde la lista Medical Acronyms proporcionada por el usuario.,Acrónimo,Medical Acronyms,"Interpretar según el contexto clínico, administrativo o legal correspondiente.",Organización para el mantenimiento de la salud,Organización para el mantenimiento de la salud,Organización para el mantenimiento de la salud,Organización de Mantenimiento de la Salud,Alta,Frecuente,Intermedia,Demo,2026-07-27,2026-07-27,2026-07-27,1.0,Añadido desde la lista Medical Acronyms; ortografía y equivalencias normalizadas.
829,Human papillomavirus,Virus del papiloma humano,Condiciones,Infecciosas,HPV,,VPH,/HPV/,Grupo de virus frecuentes que pueden infectar la piel y las mucosas.,The provider explained that HPV means Human papillomavirus.,,Lista Medical Acronyms proporcionada por el usuario,documento-local:medical-acronyms-2026-07-27,Borrador,,,Importado y normalizado desde la lista Medical Acronyms proporcionada por el usuario.,Acrónimo,Medical Acronyms,"Interpretar según el contexto clínico, administrativo o legal correspondiente.",Virus del papiloma humano,Virus del papiloma humano,Virus del papiloma humano,VPH,Alta,Frecuente,Intermedia,Demo,2026-07-27,2026-07-27,2026-07-27,1.0,Añadido desde la lista Medical Acronyms; ortografía y equivalencias normalizadas.
830,Intensive care unit,Unidad de cuidados intensivos,Atención médica,Hospitalización,ICU,,UCI,/ICU/,Área hospitalaria para pacientes que necesitan vigilancia y tratamiento intensivos.,The provider explained that ICU means Intensive care unit.,,Lista Medical Acronyms proporcionada por el usuario,documento-local:medical-acronyms-2026-07-27,Borrador,,,Importado y normalizado desde la lista Medical Acronyms proporcionada por el usuario.,Acrónimo,Medical Acronyms,"Interpretar según el contexto clínico, administrativo o legal correspondiente.",Unidad de cuidados intensivos,Unidad de cuidados intensivos,Unidad de cuidados intensivos,UCI,Alta,Frecuente,Intermedia,Demo,2026-07-27,2026-07-27,2026-07-27,1.0,Añadido desde la lista Medical Acronyms; ortografía y equivalencias normalizadas.
831,Individualized education program,Programa de educación individualizado,Seguros y trámites,Educación especial,IEP,,Programa de Educación Individualizada,/IEP/,Plan escrito de educación especial desarrollado para un estudiante que reúne los requisitos correspondientes.,The provider explained that IEP means Individualized education program.,Es un término educativo y legal de Estados Unidos.,Lista Medical Acronyms proporcionada por el usuario,documento-local:medical-acronyms-2026-07-27,Borrador,,,Importado y normalizado desde la lista Medical Acronyms proporcionada por el usuario.,Acrónimo,Medical Acronyms,"Interpretar según el contexto clínico, administrativo o legal correspondiente.",Programa de educación individualizado,Programa de educación individualizado,Programa de educación individualizado,Programa de Educación Individualizada,Alta,Frecuente,Intermedia,Demo,2026-07-27,2026-07-27,2026-07-27,1.0,Añadido desde la lista Medical Acronyms; ortografía y equivalencias normalizadas.
832,International normalized ratio,Razón internacional normalizada,Procedimientos,Laboratorio,INR,,Índice internacional normalizado; RIN,/INR/,"Cálculo estandarizado utilizado para informar resultados de coagulación sanguínea, especialmente el tiempo de protrombina.",The provider explained that INR means International normalized ratio.,,Lista Medical Acronyms proporcionada por el usuario,documento-local:medical-acronyms-2026-07-27,Borrador,,,Importado y normalizado desde la lista Medical Acronyms proporcionada por el usuario.,Acrónimo,Medical Acronyms,"Interpretar según el contexto clínico, administrativo o legal correspondiente.",Razón internacional normalizada,Razón internacional normalizada,Razón internacional normalizada,Índice internacional normalizado; RIN,Alta,Frecuente,Intermedia,Demo,2026-07-27,2026-07-27,2026-07-27,1.0,Añadido desde la lista Medical Acronyms; ortografía y equivalencias normalizadas.
833,Intrauterine device,Dispositivo intrauterino,Maternidad y pediatría,Anticoncepción,IUD,,DIU,/IUD/,Dispositivo anticonceptivo pequeño que se coloca dentro del útero.,The provider explained that IUD means Intrauterine device.,,Lista Medical Acronyms proporcionada por el usuario,documento-local:medical-acronyms-2026-07-27,Borrador,,,Importado y normalizado desde la lista Medical Acronyms proporcionada por el usuario.,Acrónimo,Medical Acronyms,"Interpretar según el contexto clínico, administrativo o legal correspondiente.",Dispositivo intrauterino,Dispositivo intrauterino,Dispositivo intrauterino,DIU,Alta,Frecuente,Intermedia,Demo,2026-07-27,2026-07-27,2026-07-27,1.0,Añadido desde la lista Medical Acronyms; ortografía y equivalencias normalizadas.
834,Low-density lipoprotein,Lipoproteína de baja densidad,Procedimientos,Laboratorio,LDL,,Colesterol malo,/LDL/,"Tipo de lipoproteína que transporta colesterol y que, en niveles elevados, puede contribuir a la acumulación de placa arterial.",The provider explained that LDL means Low-density lipoprotein.,Colesterol malo es una explicación coloquial; LDL es una lipoproteína.,Lista Medical Acronyms proporcionada por el usuario,documento-local:medical-acronyms-2026-07-27,Borrador,,,Importado y normalizado desde la lista Medical Acronyms proporcionada por el usuario.,Acrónimo,Medical Acronyms,"Interpretar según el contexto clínico, administrativo o legal correspondiente.",Lipoproteína de baja densidad,Lipoproteína de baja densidad,Lipoproteína de baja densidad,Colesterol malo,Alta,Frecuente,Intermedia,Demo,2026-07-27,2026-07-27,2026-07-27,1.0,Añadido desde la lista Medical Acronyms; ortografía y equivalencias normalizadas.
835,Loop electrosurgical excision procedure,Procedimiento de escisión electroquirúrgica con asa,Procedimientos,Ginecología,LEEP,,,/LEEP/,Procedimiento que utiliza un asa de alambre con corriente eléctrica para retirar tejido anormal del cuello uterino.,The provider explained that LEEP means Loop electrosurgical excision procedure.,,Lista Medical Acronyms proporcionada por el usuario,documento-local:medical-acronyms-2026-07-27,Borrador,,,Importado y normalizado desde la lista Medical Acronyms proporcionada por el usuario.,Acrónimo,Medical Acronyms,"Interpretar según el contexto clínico, administrativo o legal correspondiente.",Procedimiento de escisión electroquirúrgica con asa,Procedimiento de escisión electroquirúrgica con asa,Procedimiento de escisión electroquirúrgica con asa,,Alta,Frecuente,Intermedia,Demo,2026-07-27,2026-07-27,2026-07-27,1.0,Añadido desde la lista Medical Acronyms; ortografía y equivalencias normalizadas.
836,"Measles, mumps, and rubella vaccine","Vacuna contra el sarampión, las paperas y la rubéola",Medicamentos,Vacunas,MMR,,SRP,/MMR/,"Vacuna combinada que protege contra sarampión, paperas y rubéola.","The provider explained that MMR means Measles, mumps, and rubella vaccine.",,Lista Medical Acronyms proporcionada por el usuario,documento-local:medical-acronyms-2026-07-27,Borrador,,,Importado y normalizado desde la lista Medical Acronyms proporcionada por el usuario.,Acrónimo,Medical Acronyms,"Interpretar según el contexto clínico, administrativo o legal correspondiente.","Vacuna contra el sarampión, las paperas y la rubéola","Vacuna contra el sarampión, las paperas y la rubéola","Vacuna contra el sarampión, las paperas y la rubéola",SRP,Alta,Frecuente,Intermedia,Demo,2026-07-27,2026-07-27,2026-07-27,1.0,Añadido desde la lista Medical Acronyms; ortografía y equivalencias normalizadas.
837,Magnetic resonance imaging,Imagen por resonancia magnética,Procedimientos,Diagnóstico por imágenes,MRI,,IRM; resonancia magnética,/MRI/,Técnica de diagnóstico por imágenes que utiliza un campo magnético y ondas de radio.,The provider explained that MRI means Magnetic resonance imaging.,"La expansión estándar es imaging, no image.",Lista Medical Acronyms proporcionada por el usuario,documento-local:medical-acronyms-2026-07-27,Borrador,,,Importado y normalizado desde la lista Medical Acronyms proporcionada por el usuario.,Acrónimo,Medical Acronyms,"Interpretar según el contexto clínico, administrativo o legal correspondiente.",Imagen por resonancia magnética,Imagen por resonancia magnética,Imagen por resonancia magnética,IRM; resonancia magnética,Alta,Frecuente,Intermedia,Demo,2026-07-27,2026-07-27,2026-07-27,1.0,Añadido desde la lista Medical Acronyms; ortografía y equivalencias normalizadas.
838,Medical record number,Número de expediente médico,Atención médica,Registros,MRN,,Número de historia clínica,/MRN/,Identificador asignado al expediente o historia clínica de un paciente dentro de una organización.,The provider explained that MRN means Medical record number.,No siempre es igual al número de cuenta o de facturación.,Lista Medical Acronyms proporcionada por el usuario,documento-local:medical-acronyms-2026-07-27,Borrador,,,Importado y normalizado desde la lista Medical Acronyms proporcionada por el usuario.,Acrónimo,Medical Acronyms,"Interpretar según el contexto clínico, administrativo o legal correspondiente.",Número de expediente médico,Número de expediente médico,Número de expediente médico,Número de historia clínica,Alta,Frecuente,Intermedia,Demo,2026-07-27,2026-07-27,2026-07-27,1.0,Añadido desde la lista Medical Acronyms; ortografía y equivalencias normalizadas.
839,Methicillin-resistant Staphylococcus aureus,Staphylococcus aureus resistente a la meticilina,Condiciones,Infecciosas,MRSA,,SARM; estafilococo áureo resistente a la meticilina,/MRSA/,Tipo de bacteria Staphylococcus aureus resistente a determinados antibióticos betalactámicos.,The provider explained that MRSA means Methicillin-resistant Staphylococcus aureus.,,Lista Medical Acronyms proporcionada por el usuario,documento-local:medical-acronyms-2026-07-27,Borrador,,,Importado y normalizado desde la lista Medical Acronyms proporcionada por el usuario.,Acrónimo,Medical Acronyms,"Interpretar según el contexto clínico, administrativo o legal correspondiente.",Staphylococcus aureus resistente a la meticilina,Staphylococcus aureus resistente a la meticilina,Staphylococcus aureus resistente a la meticilina,SARM; estafilococo áureo resistente a la meticilina,Alta,Frecuente,Intermedia,Demo,2026-07-27,2026-07-27,2026-07-27,1.0,Añadido desde la lista Medical Acronyms; ortografía y equivalencias normalizadas.
840,Neonatal intensive care unit,Unidad de cuidados intensivos neonatales,Maternidad y pediatría,Neonatología,NICU,,UCIN,/NICU/,Área hospitalaria especializada en el cuidado intensivo de recién nacidos.,The provider explained that NICU means Neonatal intensive care unit.,,Lista Medical Acronyms proporcionada por el usuario,documento-local:medical-acronyms-2026-07-27,Borrador,,,Importado y normalizado desde la lista Medical Acronyms proporcionada por el usuario.,Acrónimo,Medical Acronyms,"Interpretar según el contexto clínico, administrativo o legal correspondiente.",Unidad de cuidados intensivos neonatales,Unidad de cuidados intensivos neonatales,Unidad de cuidados intensivos neonatales,UCIN,Alta,Frecuente,Intermedia,Demo,2026-07-27,2026-07-27,2026-07-27,1.0,Añadido desde la lista Medical Acronyms; ortografía y equivalencias normalizadas.
841,Nurse practitioner,Enfermero/a practicante,Especialidades,Enfermería avanzada,NP,,Enfermera especializada; profesional de enfermería de práctica avanzada,/NP/,Profesional de enfermería de práctica avanzada con funciones clínicas que varían según la jurisdicción.,The provider explained that NP means Nurse practitioner.,La equivalencia profesional y el alcance de práctica varían por país y estado.,Lista Medical Acronyms proporcionada por el usuario,documento-local:medical-acronyms-2026-07-27,Borrador,,,Importado y normalizado desde la lista Medical Acronyms proporcionada por el usuario.,Acrónimo,Medical Acronyms,"Interpretar según el contexto clínico, administrativo o legal correspondiente.",Enfermero/a practicante,Enfermero/a practicante,Enfermero/a practicante,Enfermera especializada; profesional de enfermería de práctica avanzada,Alta,Frecuente,Intermedia,Demo,2026-07-27,2026-07-27,2026-07-27,1.0,Añadido desde la lista Medical Acronyms; ortografía y equivalencias normalizadas.
842,Occupational therapy / physical therapy,Terapia ocupacional / fisioterapia,Procedimientos,Rehabilitación,OT / PT,,Terapia ocupacional - terapia física,/OT-PT/,Dos disciplinas de rehabilitación: terapia ocupacional y fisioterapia o terapia física.,The provider explained that OT / PT means Occupational therapy / physical therapy.,OT y PT son servicios distintos; interprete cada sigla según el contexto.,Lista Medical Acronyms proporcionada por el usuario,documento-local:medical-acronyms-2026-07-27,Borrador,,,Importado y normalizado desde la lista Medical Acronyms proporcionada por el usuario.,Acrónimo,Medical Acronyms,"Interpretar según el contexto clínico, administrativo o legal correspondiente.",Terapia ocupacional / fisioterapia,Terapia ocupacional / fisioterapia,Terapia ocupacional / fisioterapia,Terapia ocupacional - terapia física,Alta,Frecuente,Intermedia,Demo,2026-07-27,2026-07-27,2026-07-27,1.0,Añadido desde la lista Medical Acronyms; ortografía y equivalencias normalizadas.
843,Positron emission tomography scan,Tomografía por emisión de positrones,Procedimientos,Diagnóstico por imágenes,PET scan,,TEP,/PET-scan/,Estudio de imagen que utiliza un trazador radiactivo para mostrar actividad metabólica en tejidos y órganos.,The provider explained that PET scan means Positron emission tomography scan.,,Lista Medical Acronyms proporcionada por el usuario,documento-local:medical-acronyms-2026-07-27,Borrador,,,Importado y normalizado desde la lista Medical Acronyms proporcionada por el usuario.,Abreviatura,Medical Acronyms,"Interpretar según el contexto clínico, administrativo o legal correspondiente.",Tomografía por emisión de positrones,Tomografía por emisión de positrones,Tomografía por emisión de positrones,TEP,Alta,Frecuente,Intermedia,Demo,2026-07-27,2026-07-27,2026-07-27,1.0,Añadido desde la lista Medical Acronyms; ortografía y equivalencias normalizadas.
844,Peripherally inserted central catheter,Catéter central de inserción periférica,Procedimientos,Acceso vascular,PICC,,Catéter central insertado periféricamente,/PICC/,Catéter largo introducido por una vena periférica hasta una vena central para administrar tratamientos o extraer muestras.,The provider explained that PICC means Peripherally inserted central catheter.,,Lista Medical Acronyms proporcionada por el usuario,documento-local:medical-acronyms-2026-07-27,Borrador,,,Importado y normalizado desde la lista Medical Acronyms proporcionada por el usuario.,Acrónimo,Medical Acronyms,"Interpretar según el contexto clínico, administrativo o legal correspondiente.",Catéter central de inserción periférica,Catéter central de inserción periférica,Catéter central de inserción periférica,Catéter central insertado periféricamente,Alta,Frecuente,Intermedia,Demo,2026-07-27,2026-07-27,2026-07-27,1.0,Añadido desde la lista Medical Acronyms; ortografía y equivalencias normalizadas.
845,Phenylketonuria,Fenilcetonuria,Condiciones,Metabólicas,PKU,,,/PKU/,Trastorno hereditario que impide procesar adecuadamente el aminoácido fenilalanina.,The provider explained that PKU means Phenylketonuria.,,Lista Medical Acronyms proporcionada por el usuario,documento-local:medical-acronyms-2026-07-27,Borrador,,,Importado y normalizado desde la lista Medical Acronyms proporcionada por el usuario.,Acrónimo,Medical Acronyms,"Interpretar según el contexto clínico, administrativo o legal correspondiente.",Fenilcetonuria,Fenilcetonuria,Fenilcetonuria,,Alta,Frecuente,Intermedia,Demo,2026-07-27,2026-07-27,2026-07-27,1.0,Añadido desde la lista Medical Acronyms; ortografía y equivalencias normalizadas.
846,Premenstrual syndrome,Síndrome premenstrual,Condiciones,Ginecología,PMS,,SPM,/PMS/,Conjunto de síntomas físicos o emocionales que aparece antes de la menstruación.,The provider explained that PMS means Premenstrual syndrome.,,Lista Medical Acronyms proporcionada por el usuario,documento-local:medical-acronyms-2026-07-27,Borrador,,,Importado y normalizado desde la lista Medical Acronyms proporcionada por el usuario.,Acrónimo,Medical Acronyms,"Interpretar según el contexto clínico, administrativo o legal correspondiente.",Síndrome premenstrual,Síndrome premenstrual,Síndrome premenstrual,SPM,Alta,Frecuente,Intermedia,Demo,2026-07-27,2026-07-27,2026-07-27,1.0,Añadido desde la lista Medical Acronyms; ortografía y equivalencias normalizadas.
847,Preferred provider organization,Organización de proveedores preferidos,Seguros y trámites,Planes de salud,PPO,,Organización de Proveedor Preferido,/PPO/,Tipo de plan de salud con una red de proveedores preferidos y mayor flexibilidad para recibir atención fuera de la red.,The provider explained that PPO means Preferred provider organization.,Los costos y reglas dependen del plan específico.,Lista Medical Acronyms proporcionada por el usuario,documento-local:medical-acronyms-2026-07-27,Borrador,,,Importado y normalizado desde la lista Medical Acronyms proporcionada por el usuario.,Acrónimo,Medical Acronyms,"Interpretar según el contexto clínico, administrativo o legal correspondiente.",Organización de proveedores preferidos,Organización de proveedores preferidos,Organización de proveedores preferidos,Organización de Proveedor Preferido,Alta,Frecuente,Intermedia,Demo,2026-07-27,2026-07-27,2026-07-27,1.0,Añadido desde la lista Medical Acronyms; ortografía y equivalencias normalizadas.
848,Post-traumatic stress disorder,Trastorno de estrés postraumático,Condiciones,Salud mental,PTSD,,TEPT,/PTSD/,Trastorno relacionado con síntomas persistentes después de vivir o presenciar un evento traumático.,The provider explained that PTSD means Post-traumatic stress disorder.,,Lista Medical Acronyms proporcionada por el usuario,documento-local:medical-acronyms-2026-07-27,Borrador,,,Importado y normalizado desde la lista Medical Acronyms proporcionada por el usuario.,Acrónimo,Medical Acronyms,"Interpretar según el contexto clínico, administrativo o legal correspondiente.",Trastorno de estrés postraumático,Trastorno de estrés postraumático,Trastorno de estrés postraumático,TEPT,Alta,Frecuente,Intermedia,Demo,2026-07-27,2026-07-27,2026-07-27,1.0,Añadido desde la lista Medical Acronyms; ortografía y equivalencias normalizadas.
849,Registered nurse,Enfermero/a titulado/a o registrado/a,Especialidades,Enfermería,RN,,Enfermera certificada,/RN/,Profesional de enfermería que ha cumplido requisitos de formación y licencia o registro profesional.,The provider explained that RN means Registered nurse.,La equivalencia del título profesional varía según el país.,Lista Medical Acronyms proporcionada por el usuario,documento-local:medical-acronyms-2026-07-27,Borrador,,,Importado y normalizado desde la lista Medical Acronyms proporcionada por el usuario.,Acrónimo,Medical Acronyms,"Interpretar según el contexto clínico, administrativo o legal correspondiente.",Enfermero/a titulado/a o registrado/a,Enfermero/a titulado/a o registrado/a,Enfermero/a titulado/a o registrado/a,Enfermera certificada,Alta,Frecuente,Intermedia,Demo,2026-07-27,2026-07-27,2026-07-27,1.0,Añadido desde la lista Medical Acronyms; ortografía y equivalencias normalizadas.
850,Sudden infant death syndrome,Síndrome de muerte súbita del lactante,Maternidad y pediatría,Pediatría,SIDS,,Síndrome de muerte súbita infantil; SMSL,/SIDS/,"Muerte repentina e inexplicada de un bebé menor de un año, generalmente durante el sueño.",The provider explained that SIDS means Sudden infant death syndrome.,,Lista Medical Acronyms proporcionada por el usuario,documento-local:medical-acronyms-2026-07-27,Borrador,,,Importado y normalizado desde la lista Medical Acronyms proporcionada por el usuario.,Acrónimo,Medical Acronyms,"Interpretar según el contexto clínico, administrativo o legal correspondiente.",Síndrome de muerte súbita del lactante,Síndrome de muerte súbita del lactante,Síndrome de muerte súbita del lactante,Síndrome de muerte súbita infantil; SMSL,Alta,Frecuente,Intermedia,Demo,2026-07-27,2026-07-27,2026-07-27,1.0,Añadido desde la lista Medical Acronyms; ortografía y equivalencias normalizadas.
851,Sexually transmitted disease,Enfermedad de transmisión sexual,Condiciones,Infecciosas,STD,,ETS,/STD/,Enfermedad transmitida principalmente mediante contacto sexual.,The provider explained that STD means Sexually transmitted disease.,"STI, infección de transmisión sexual, se utiliza con frecuencia como término más amplio y actual.",Lista Medical Acronyms proporcionada por el usuario,documento-local:medical-acronyms-2026-07-27,Borrador,,,Importado y normalizado desde la lista Medical Acronyms proporcionada por el usuario.,Acrónimo,Medical Acronyms,"Interpretar según el contexto clínico, administrativo o legal correspondiente.",Enfermedad de transmisión sexual,Enfermedad de transmisión sexual,Enfermedad de transmisión sexual,ETS,Alta,Frecuente,Intermedia,Demo,2026-07-27,2026-07-27,2026-07-27,1.0,Añadido desde la lista Medical Acronyms; ortografía y equivalencias normalizadas.
852,Temporomandibular joint,Articulación temporomandibular,Anatomía,Cabeza y cuello,TMJ,,ATM,/TMJ/,Articulación que conecta la mandíbula con el cráneo.,The provider explained that TMJ means Temporomandibular joint.,TMJ se refiere a la articulación; TMD se refiere a los trastornos temporomandibulares.,National Institute of Dental and Craniofacial Research,https://www.nidcr.nih.gov/health-info/tmd,Borrador,,,Importado y normalizado desde la lista Medical Acronyms proporcionada por el usuario.,Acrónimo,Medical Acronyms,"Interpretar según el contexto clínico, administrativo o legal correspondiente.",Articulación temporomandibular,Articulación temporomandibular,Articulación temporomandibular,ATM,Alta,Frecuente,Intermedia,Demo,2026-07-27,2026-07-27,2026-07-27,1.0,Añadido desde la lista Medical Acronyms; ortografía y equivalencias normalizadas.
853,Urinary tract infection,Infección de las vías urinarias,Condiciones,Urinario,UTI,,Infección del tracto urinario; IVU,/UTI/,"Infección que afecta alguna parte del aparato urinario, como vejiga, uretra o riñones.",The provider explained that UTI means Urinary tract infection.,,Lista Medical Acronyms proporcionada por el usuario,documento-local:medical-acronyms-2026-07-27,Borrador,,,Importado y normalizado desde la lista Medical Acronyms proporcionada por el usuario.,Acrónimo,Medical Acronyms,"Interpretar según el contexto clínico, administrativo o legal correspondiente.",Infección de las vías urinarias,Infección de las vías urinarias,Infección de las vías urinarias,Infección del tracto urinario; IVU,Alta,Frecuente,Intermedia,Demo,2026-07-27,2026-07-27,2026-07-27,1.0,Añadido desde la lista Medical Acronyms; ortografía y equivalencias normalizadas.
854,Vancomycin-resistant Staphylococcus aureus,Staphylococcus aureus resistente a la vancomicina,Condiciones,Infecciosas,VRSA,,Estafilococo áureo resistente a la vancomicina,/VRSA/,Tipo poco frecuente de Staphylococcus aureus con resistencia a la vancomicina.,The provider explained that VRSA means Vancomycin-resistant Staphylococcus aureus.,,Lista Medical Acronyms proporcionada por el usuario,documento-local:medical-acronyms-2026-07-27,Borrador,,,Importado y normalizado desde la lista Medical Acronyms proporcionada por el usuario.,Acrónimo,Medical Acronyms,"Interpretar según el contexto clínico, administrativo o legal correspondiente.",Staphylococcus aureus resistente a la vancomicina,Staphylococcus aureus resistente a la vancomicina,Staphylococcus aureus resistente a la vancomicina,Estafilococo áureo resistente a la vancomicina,Alta,Frecuente,Intermedia,Demo,2026-07-27,2026-07-27,2026-07-27,1.0,Añadido desde la lista Medical Acronyms; ortografía y equivalencias normalizadas.
855,Preadmission testing,Pruebas de preadmisión,Procedimientos,Preoperatorio,PAT,,Pruebas de pre-admisión; evaluación preoperatoria,/PAT/,Evaluaciones o pruebas realizadas antes de una admisión hospitalaria o un procedimiento programado.,The provider explained that PAT means Preadmission testing.,PAT puede tener otros significados; confirme el contexto clínico.,Lista Medical Acronyms proporcionada por el usuario,documento-local:medical-acronyms-2026-07-27,Borrador,,,Importado y normalizado desde la lista Medical Acronyms proporcionada por el usuario.,Acrónimo,Medical Acronyms,"Interpretar según el contexto clínico, administrativo o legal correspondiente.",Pruebas de preadmisión,Pruebas de preadmisión,Pruebas de preadmisión,Pruebas de pre-admisión; evaluación preoperatoria,Alta,Frecuente,Intermedia,Demo,2026-07-27,2026-07-27,2026-07-27,1.0,Añadido desde la lista Medical Acronyms; ortografía y equivalencias normalizadas.
856,Patent foramen ovale,Persistencia del agujero oval,Condiciones,Cardiología,PFO,,Foramen oval permeable; FOP,/PFO/,Abertura entre las aurículas que no se cerró completamente después del nacimiento.,The provider explained that PFO means Patent foramen ovale.,La sigla inglesa estándar es PFO; FOP no es el orden habitual.,MedlinePlus,https://medlineplus.gov/spanish/ency/article/001113.htm,Borrador,,,Importado y normalizado desde la lista Medical Acronyms proporcionada por el usuario.,Acrónimo,Medical Acronyms,"Interpretar según el contexto clínico, administrativo o legal correspondiente.",Persistencia del agujero oval,Persistencia del agujero oval,Persistencia del agujero oval,Foramen oval permeable; FOP,Alta,Frecuente,Intermedia,Demo,2026-07-27,2026-07-27,2026-07-27,1.0,Añadido desde la lista Medical Acronyms; ortografía y equivalencias normalizadas.
857,Cardiac catheterization laboratory,Laboratorio de cateterismo cardíaco,Atención médica,Cardiología,Cath lab,,,/Cath-lab/,Área hospitalaria especializada donde se realizan cateterismos cardíacos y otros procedimientos cardiovasculares.,The provider explained that Cath lab means Cardiac catheterization laboratory.,Cath es una abreviatura informal de catheterization.,Lista Medical Acronyms proporcionada por el usuario,documento-local:medical-acronyms-2026-07-27,Borrador,,,Importado y normalizado desde la lista Medical Acronyms proporcionada por el usuario.,Abreviatura,Medical Acronyms,"Interpretar según el contexto clínico, administrativo o legal correspondiente.",Laboratorio de cateterismo cardíaco,Laboratorio de cateterismo cardíaco,Laboratorio de cateterismo cardíaco,,Alta,Frecuente,Intermedia,Demo,2026-07-27,2026-07-27,2026-07-27,1.0,Añadido desde la lista Medical Acronyms; ortografía y equivalencias normalizadas.
858,Fecal immunochemical test,Prueba inmunoquímica fecal,Procedimientos,Laboratorio,FIT,,FIT testing,/FIT/,Prueba de heces utilizada para detectar sangre oculta mediante un método inmunoquímico.,The provider explained that FIT means Fecal immunochemical test.,,Lista Medical Acronyms proporcionada por el usuario,documento-local:medical-acronyms-2026-07-27,Borrador,,,Importado y normalizado desde la lista Medical Acronyms proporcionada por el usuario.,Acrónimo,Medical Acronyms,"Interpretar según el contexto clínico, administrativo o legal correspondiente.",Prueba inmunoquímica fecal,Prueba inmunoquímica fecal,Prueba inmunoquímica fecal,FIT testing,Alta,Frecuente,Intermedia,Demo,2026-07-27,2026-07-27,2026-07-27,1.0,Añadido desde la lista Medical Acronyms; ortografía y equivalencias normalizadas.
859,Atrial fibrillation,Fibrilación auricular,Condiciones,Cardiología,AF / A-fib,,A-Fib; AFib; FA,/AF-A-fib/,"Ritmo cardíaco irregular y, con frecuencia, rápido que se origina en las aurículas.",The provider explained that AF / A-fib means Atrial fibrillation.,,Lista Medical Acronyms proporcionada por el usuario,documento-local:medical-acronyms-2026-07-27,Borrador,,,Importado y normalizado desde la lista Medical Acronyms proporcionada por el usuario.,Acrónimo,Medical Acronyms,"Interpretar según el contexto clínico, administrativo o legal correspondiente.",Fibrilación auricular,Fibrilación auricular,Fibrilación auricular,A-Fib; AFib; FA,Alta,Frecuente,Intermedia,Demo,2026-07-27,2026-07-27,2026-07-27,1.0,Añadido desde la lista Medical Acronyms; ortografía y equivalencias normalizadas.
860,Health Insurance Portability and Accountability Act,Ley de Responsabilidad y Portabilidad del Seguro Médico,Legal,Privacidad médica,HIPAA,,Ley de Portabilidad y Responsabilidad de los Seguros de Salud,/HIPAA/,Ley federal estadounidense que establece normas relacionadas con la información de salud y otras obligaciones del sistema de atención médica.,The provider explained that HIPAA means Health Insurance Portability and Accountability Act.,HIPAA no es una autorización general ni impide toda comunicación de información médica; su aplicación depende del contexto.,U.S. Department of Health and Human Services,https://www.hhs.gov/ocr/get-help-in-other-languages/spanish.html,Borrador,,,Importado y normalizado desde la lista Medical Acronyms proporcionada por el usuario.,Acrónimo,Medical Acronyms,"Interpretar según el contexto clínico, administrativo o legal correspondiente.",Ley de Responsabilidad y Portabilidad del Seguro Médico,Ley de Responsabilidad y Portabilidad del Seguro Médico,Ley de Responsabilidad y Portabilidad del Seguro Médico,Ley de Portabilidad y Responsabilidad de los Seguros de Salud,Alta,Frecuente,Intermedia,Demo,2026-07-27,2026-07-27,2026-07-27,1.0,Añadido desde la lista Medical Acronyms; ortografía y equivalencias normalizadas.
861,Respiratory syncytial virus,Virus respiratorio sincitial,Condiciones,Respiratorio,RSV,,VRS,/RSV/,"Virus respiratorio frecuente que puede causar enfermedad grave en bebés, adultos mayores y otras personas vulnerables.",The provider explained that RSV means Respiratory syncytial virus.,,Lista Medical Acronyms proporcionada por el usuario,documento-local:medical-acronyms-2026-07-27,Borrador,,,Importado y normalizado desde la lista Medical Acronyms proporcionada por el usuario.,Acrónimo,Medical Acronyms,"Interpretar según el contexto clínico, administrativo o legal correspondiente.",Virus respiratorio sincitial,Virus respiratorio sincitial,Virus respiratorio sincitial,VRS,Alta,Frecuente,Intermedia,Demo,2026-07-27,2026-07-27,2026-07-27,1.0,Añadido desde la lista Medical Acronyms; ortografía y equivalencias normalizadas.
862,Continuous glucose monitor,Monitor continuo de glucosa,Atención médica,Diabetes,CGM,,Monitoreo continuo de glucosa; MCG,/CGM/,Dispositivo que mide los niveles de glucosa de manera continua o frecuente mediante un sensor.,The provider explained that CGM means Continuous glucose monitor.,,Lista Medical Acronyms proporcionada por el usuario,documento-local:medical-acronyms-2026-07-27,Borrador,,,Importado y normalizado desde la lista Medical Acronyms proporcionada por el usuario.,Acrónimo,Medical Acronyms,"Interpretar según el contexto clínico, administrativo o legal correspondiente.",Monitor continuo de glucosa,Monitor continuo de glucosa,Monitor continuo de glucosa,Monitoreo continuo de glucosa; MCG,Alta,Frecuente,Intermedia,Demo,2026-07-27,2026-07-27,2026-07-27,1.0,Añadido desde la lista Medical Acronyms; ortografía y equivalencias normalizadas.
863,Endoscopic retrograde cholangiopancreatography,Colangiopancreatografía retrógrada endoscópica,Procedimientos,Gastroenterología,ERCP,,CPRE,/ERCP/,Procedimiento endoscópico y radiológico utilizado para evaluar o tratar los conductos biliares y pancreáticos.,The provider explained that ERCP means Endoscopic retrograde cholangiopancreatography.,,Lista Medical Acronyms proporcionada por el usuario,documento-local:medical-acronyms-2026-07-27,Borrador,,,Importado y normalizado desde la lista Medical Acronyms proporcionada por el usuario.,Acrónimo,Medical Acronyms,"Interpretar según el contexto clínico, administrativo o legal correspondiente.",Colangiopancreatografía retrógrada endoscópica,Colangiopancreatografía retrógrada endoscópica,Colangiopancreatografía retrógrada endoscópica,CPRE,Alta,Frecuente,Intermedia,Demo,2026-07-27,2026-07-27,2026-07-27,1.0,Añadido desde la lista Medical Acronyms; ortografía y equivalencias normalizadas.
864,Biophysical profile,Perfil biofísico fetal,Maternidad y pediatría,Obstetricia,BPP,,PBF,/BPP/,"Evaluación prenatal del bienestar fetal que combina ultrasonido y, con frecuencia, una prueba sin estrés.",The provider explained that BPP means Biophysical profile.,No lleva tilde en perfil.,Lista Medical Acronyms proporcionada por el usuario,documento-local:medical-acronyms-2026-07-27,Borrador,,,Importado y normalizado desde la lista Medical Acronyms proporcionada por el usuario.,Acrónimo,Medical Acronyms,"Interpretar según el contexto clínico, administrativo o legal correspondiente.",Perfil biofísico fetal,Perfil biofísico fetal,Perfil biofísico fetal,PBF,Alta,Frecuente,Intermedia,Demo,2026-07-27,2026-07-27,2026-07-27,1.0,Añadido desde la lista Medical Acronyms; ortografía y equivalencias normalizadas.
865,Gonorrhea culture,Cultivo para detectar gonorrea,Procedimientos,Laboratorio,GC culture,,Gonococcal culture; cultivo de detección de gonorrea,/GC-culture/,Cultivo de laboratorio utilizado para detectar la bacteria que causa la gonorrea.,The provider explained that GC culture means Gonorrhea culture.,GC puede tener otros significados; confirme que se refiere a gonococcus o gonorrhea.,Lista Medical Acronyms proporcionada por el usuario,documento-local:medical-acronyms-2026-07-27,Borrador,,,Importado y normalizado desde la lista Medical Acronyms proporcionada por el usuario.,Abreviatura,Medical Acronyms,"Interpretar según el contexto clínico, administrativo o legal correspondiente.",Cultivo para detectar gonorrea,Cultivo para detectar gonorrea,Cultivo para detectar gonorrea,Gonococcal culture; cultivo de detección de gonorrea,Alta,Frecuente,Intermedia,Demo,2026-07-27,2026-07-27,2026-07-27,1.0,Añadido desde la lista Medical Acronyms; ortografía y equivalencias normalizadas.
866,Robot-assisted laparoscopic prostatectomy,Prostatectomía laparoscópica asistida por robot,Procedimientos,Urología,RALP,,,/RALP/,Cirugía laparoscópica de extirpación de la próstata realizada con asistencia robótica.,The provider explained that RALP means Robot-assisted laparoscopic prostatectomy.,,Lista Medical Acronyms proporcionada por el usuario,documento-local:medical-acronyms-2026-07-27,Borrador,,,Importado y normalizado desde la lista Medical Acronyms proporcionada por el usuario.,Acrónimo,Medical Acronyms,"Interpretar según el contexto clínico, administrativo o legal correspondiente.",Prostatectomía laparoscópica asistida por robot,Prostatectomía laparoscópica asistida por robot,Prostatectomía laparoscópica asistida por robot,,Alta,Frecuente,Intermedia,Demo,2026-07-27,2026-07-27,2026-07-27,1.0,Añadido desde la lista Medical Acronyms; ortografía y equivalencias normalizadas.
867,Percutaneous endoscopic gastrostomy tube,Sonda de gastrostomía endoscópica percutánea,Procedimientos,Gastroenterología,PEG tube,,Gastrostomía endoscópica percutánea,/PEG-tube/,Sonda de alimentación colocada en el estómago a través de la pared abdominal mediante endoscopia.,The provider explained that PEG tube means Percutaneous endoscopic gastrostomy tube.,"PEG puede referirse al procedimiento o a la sonda, según el contexto.",Lista Medical Acronyms proporcionada por el usuario,documento-local:medical-acronyms-2026-07-27,Borrador,,,Importado y normalizado desde la lista Medical Acronyms proporcionada por el usuario.,Abreviatura,Medical Acronyms,"Interpretar según el contexto clínico, administrativo o legal correspondiente.",Sonda de gastrostomía endoscópica percutánea,Sonda de gastrostomía endoscópica percutánea,Sonda de gastrostomía endoscópica percutánea,Gastrostomía endoscópica percutánea,Alta,Frecuente,Intermedia,Demo,2026-07-27,2026-07-27,2026-07-27,1.0,Añadido desde la lista Medical Acronyms; ortografía y equivalencias normalizadas.
868,Acetaminophen,Acetaminofén,Medicamentos,Analgésicos y antipiréticos,,Tylenol,Paracetamol,/ˈæsɪtˌæmɪnˌɑːfən/,Medicamento utilizado para aliviar el dolor leve o moderado y reducir la fiebre; también puede combinarse con opioides para tratar dolor más intenso.,The provider recommended acetaminophen to reduce the fever.,"En muchos países se conoce como paracetamol. Confirme el nombre, la concentración y la dosis.",Most Common Prescribed Medications — Interactive Contact Center (PDF proporcionado por el usuario),documento-local:docs/sources/most-common-prescribed-medications.pdf,Borrador,,,Fila 1 del PDF. Nombre en la fuente: Acetaminophen; español en la fuente: Acetaminofen; marca indicada: Tylenol.,Término,Medicamentos recetados comunes,Ficha educativa para preparación terminológica de interpretación médica; no constituye indicación clínica.,Acetaminofén,Acetaminofén,Acetaminofén,Paracetamol,Alta,Frecuente,Intermedia,Demo,2026-07-27,2026-07-27,2026-07-27,1.0,Importado del PDF Most Common Prescribed Medications; normalizado para búsqueda y pendiente de revisión profesional.
869,Albuterol,Albuterol,Medicamentos,Respiratorio,,Ventolin,Salbutamol,/ˈælbjuːɾɚɹˌɑːl/,"Broncodilatador utilizado para tratar o prevenir el broncoespasmo en personas con asma o ciertos tipos de EPOC, incluido el broncoespasmo inducido por ejercicio.",Use the albuterol inhaler before exercise as directed.,"En muchos países se utiliza el nombre salbutamol. Confirme inhalador, solución, dosis y frecuencia.",Most Common Prescribed Medications — Interactive Contact Center (PDF proporcionado por el usuario),documento-local:docs/sources/most-common-prescribed-medications.pdf,Borrador,,,Fila 2 del PDF. Nombre en la fuente: Albuterol; español en la fuente: Albuterol; marca indicada: Ventolin.,Término,Medicamentos recetados comunes,Ficha educativa para preparación terminológica de interpretación médica; no constituye indicación clínica.,Albuterol,Albuterol,Albuterol,Salbutamol,Alta,Frecuente,Intermedia,Demo,2026-07-27,2026-07-27,2026-07-27,1.0,Importado del PDF Most Common Prescribed Medications; normalizado para búsqueda y pendiente de revisión profesional.
870,Allopurinol,Alopurinol,Medicamentos,Gota y ácido úrico,,Zyloprim,,/ˈæləpjˌʊɹɪnˌɑːl/,"Medicamento que reduce la producción de ácido úrico y se utiliza para prevenir problemas relacionados con su acumulación, como la gota o ciertos cálculos renales.",The patient takes allopurinol to control uric acid levels.,No confundir con analgésicos utilizados para tratar un ataque agudo de gota.,Most Common Prescribed Medications — Interactive Contact Center (PDF proporcionado por el usuario),documento-local:docs/sources/most-common-prescribed-medications.pdf,Borrador,,,Fila 3 del PDF. Nombre en la fuente: Allopurinol; español en la fuente: Alopurinol; marca indicada: Zyloprim.,Término,Medicamentos recetados comunes,Ficha educativa para preparación terminológica de interpretación médica; no constituye indicación clínica.,Alopurinol,Alopurinol,Alopurinol,,Alta,Frecuente,Intermedia,Demo,2026-07-27,2026-07-27,2026-07-27,1.0,Importado del PDF Most Common Prescribed Medications; normalizado para búsqueda y pendiente de revisión profesional.
871,Alprazolam,Alprazolam,Medicamentos,Salud mental,,Xanax,,/ˈælpɹɐzˌɑːlæm/,"Medicamento utilizado para tratar trastornos de ansiedad, trastorno de pánico y ansiedad asociada con la depresión.",The patient reports taking alprazolam for panic attacks.,Puede ser una sustancia controlada. Reproduzca con precisión la dosis y la frecuencia sin añadir recomendaciones.,Most Common Prescribed Medications — Interactive Contact Center (PDF proporcionado por el usuario),documento-local:docs/sources/most-common-prescribed-medications.pdf,Borrador,,,Fila 4 del PDF. Nombre en la fuente: Alprazolam; español en la fuente: Alprazolam; marca indicada: Xanax.,Término,Medicamentos recetados comunes,Ficha educativa para preparación terminológica de interpretación médica; no constituye indicación clínica.,Alprazolam,Alprazolam,Alprazolam,,Alta,Frecuente,Intermedia,Demo,2026-07-27,2026-07-27,2026-07-27,1.0,Importado del PDF Most Common Prescribed Medications; normalizado para búsqueda y pendiente de revisión profesional.
872,Amlodipine,Amlodipino,Medicamentos,Cardiovascular,,Norvasc,Amlodipina,/ˈæmlədˌɪpaɪn/,Medicamento utilizado para tratar la presión arterial alta y la enfermedad de las arterias coronarias.,The provider increased the amlodipine dose for high blood pressure.,El PDF contiene la forma “Amplodipina”; se normalizó a amlodipino y se conservó amlodipina como variante.,Most Common Prescribed Medications — Interactive Contact Center (PDF proporcionado por el usuario),documento-local:docs/sources/most-common-prescribed-medications.pdf,Borrador,,,Fila 5 del PDF. Nombre en la fuente: Amlodipine; español en la fuente: Amplodipina; marca indicada: Norvasc.,Término,Medicamentos recetados comunes,Ficha educativa para preparación terminológica de interpretación médica; no constituye indicación clínica.,Amlodipino,Amlodipino,Amlodipino,Amlodipina,Alta,Frecuente,Intermedia,Demo,2026-07-27,2026-07-27,2026-07-27,1.0,Importado del PDF Most Common Prescribed Medications; normalizado para búsqueda y pendiente de revisión profesional.
873,Amoxicillin,Amoxicilina,Medicamentos,Antibióticos,,Amoxil,,/ˌæməksɪsˈɪlᵻn/,Antibiótico utilizado para tratar diversos tipos de infecciones causadas por bacterias.,The provider prescribed amoxicillin for the bacterial infection.,"Confirme alergias, concentración, duración y frecuencia. No interpretar que sirve para infecciones virales.",Most Common Prescribed Medications — Interactive Contact Center (PDF proporcionado por el usuario),documento-local:docs/sources/most-common-prescribed-medications.pdf,Borrador,,,Fila 6 del PDF. Nombre en la fuente: Amoxicillin; español en la fuente: Amoxicilina; marca indicada: Amoxil.,Término,Medicamentos recetados comunes,Ficha educativa para preparación terminológica de interpretación médica; no constituye indicación clínica.,Amoxicilina,Amoxicilina,Amoxicilina,,Alta,Frecuente,Intermedia,Demo,2026-07-27,2026-07-27,2026-07-27,1.0,Importado del PDF Most Common Prescribed Medications; normalizado para búsqueda y pendiente de revisión profesional.
874,Amoxicillin and clavulanate potassium extended-release,Amoxicilina y clavulanato de potasio de liberación prolongada,Medicamentos,Antibióticos,,Amoxicillin/Potassium Clavulanate ER; Augmentin XR; amoxicillin-clavulanate,Amoxicilina con ácido clavulánico; amoxicilina/clavulanato,/ˌæməksɪsˈɪlᵻn ænd klˈævjʊlˌæneɪt pətˈæsiəm ɛkstˈɛndᵻdɹɪlˈiːs/,Antibiótico combinado de liberación prolongada que amplía la actividad de la amoxicilina frente a ciertas bacterias productoras de betalactamasa.,"The prescription is for Augmentin XR, which contains amoxicillin and clavulanate.",ER o XR significa liberación prolongada. Confirme la formulación exacta y no la sustituya por la presentación inmediata.,Most Common Prescribed Medications — Interactive Contact Center (PDF proporcionado por el usuario),documento-local:docs/sources/most-common-prescribed-medications.pdf,Borrador,,,Fila 7 del PDF. Nombre en la fuente: Amoxicillin/Potassium Clavulanate ER; español en la fuente: Amoxicilina / Acido Clavulánico; marca indicada: Augmentin XR.,Término,Medicamentos recetados comunes,Ficha educativa para preparación terminológica de interpretación médica; no constituye indicación clínica.,Amoxicilina y clavulanato de potasio de liberación prolongada,Amoxicilina y clavulanato de potasio de liberación prolongada,Amoxicilina y clavulanato de potasio de liberación prolongada,Amoxicilina con ácido clavulánico; amoxicilina/clavulanato,Alta,Frecuente,Intermedia,Demo,2026-07-27,2026-07-27,2026-07-27,1.0,Importado del PDF Most Common Prescribed Medications; normalizado para búsqueda y pendiente de revisión profesional.
875,Amphetamine/dextroamphetamine,Anfetamina/dextroanfetamina,Medicamentos,Neurología y salud mental,,Adderall; mixed amphetamine salts,Sales mixtas de anfetamina,/æmfˈɛɾɐmˌiːn ænd dˌɛkstɹoʊmfˈɛɾɐmˌiːn/,Medicamento estimulante utilizado para tratar la narcolepsia y el trastorno por déficit de atención e hiperactividad.,The patient takes amphetamine/dextroamphetamine for ADHD.,Puede ser una sustancia controlada. Confirme si la formulación es de liberación inmediata o prolongada.,Most Common Prescribed Medications — Interactive Contact Center (PDF proporcionado por el usuario),documento-local:docs/sources/most-common-prescribed-medications.pdf,Borrador,,,Fila 8 del PDF. Nombre en la fuente: Amphetamine/Dextroamphetamine; español en la fuente: Anfetamina/Dextroanfetamina; marca indicada: Adderall.,Término,Medicamentos recetados comunes,Ficha educativa para preparación terminológica de interpretación médica; no constituye indicación clínica.,Anfetamina/dextroanfetamina,Anfetamina/dextroanfetamina,Anfetamina/dextroanfetamina,Sales mixtas de anfetamina,Alta,Frecuente,Intermedia,Demo,2026-07-27,2026-07-27,2026-07-27,1.0,Importado del PDF Most Common Prescribed Medications; normalizado para búsqueda y pendiente de revisión profesional.
876,Atenolol,Atenolol,Medicamentos,Cardiovascular,,Tenormin,,/ˈeɪtnəlˌɑːl/,"Betabloqueador utilizado principalmente para tratar afecciones cardiovasculares, incluida la presión arterial alta.",The patient takes atenolol every morning for blood pressure.,Confirme la dosis y la frecuencia; no confundir con otros betabloqueadores.,Most Common Prescribed Medications — Interactive Contact Center (PDF proporcionado por el usuario),documento-local:docs/sources/most-common-prescribed-medications.pdf,Borrador,,,Fila 9 del PDF. Nombre en la fuente: Atenolol; español en la fuente: Atenolol; marca indicada: Tenormin.,Término,Medicamentos recetados comunes,Ficha educativa para preparación terminológica de interpretación médica; no constituye indicación clínica.,Atenolol,Atenolol,Atenolol,,Alta,Frecuente,Intermedia,Demo,2026-07-27,2026-07-27,2026-07-27,1.0,Importado del PDF Most Common Prescribed Medications; normalizado para búsqueda y pendiente de revisión profesional.
877,Atorvastatin,Atorvastatina,Medicamentos,Colesterol y lípidos,,Lipitor,,/ˈæɾoːɹvˌæstɐtˌɪn/,Estatina utilizada para reducir el colesterol y ayudar a disminuir el riesgo de enfermedad cardiovascular.,The provider prescribed atorvastatin to lower the patient’s cholesterol.,"Confirme el nombre genérico, ya que existen varias estatinas con nombres similares.",Most Common Prescribed Medications — Interactive Contact Center (PDF proporcionado por el usuario),documento-local:docs/sources/most-common-prescribed-medications.pdf,Borrador,,,Fila 10 del PDF. Nombre en la fuente: Atorvastatin; español en la fuente: Atorvastatina; marca indicada: Lipitor.,Término,Medicamentos recetados comunes,Ficha educativa para preparación terminológica de interpretación médica; no constituye indicación clínica.,Atorvastatina,Atorvastatina,Atorvastatina,,Alta,Frecuente,Intermedia,Demo,2026-07-27,2026-07-27,2026-07-27,1.0,Importado del PDF Most Common Prescribed Medications; normalizado para búsqueda y pendiente de revisión profesional.
878,Azithromycin,Azitromicina,Medicamentos,Antibióticos,,Zithromax; Z-Pak,,/ˌæzɪθɹəmˈaɪsɪn/,"Antibiótico utilizado para tratar diversas infecciones bacterianas, incluidas algunas infecciones respiratorias, cutáneas, del oído, de los ojos y de transmisión sexual.",The provider prescribed azithromycin for the respiratory infection.,El PDF contiene “Azitromacina”; se normalizó a azitromicina. Confirme alergias y duración del tratamiento.,Most Common Prescribed Medications — Interactive Contact Center (PDF proporcionado por el usuario),documento-local:docs/sources/most-common-prescribed-medications.pdf,Borrador,,,Fila 11 del PDF. Nombre en la fuente: Azithromycin; español en la fuente: Azitromacina; marca indicada: Zithromax.,Término,Medicamentos recetados comunes,Ficha educativa para preparación terminológica de interpretación médica; no constituye indicación clínica.,Azitromicina,Azitromicina,Azitromicina,,Alta,Frecuente,Intermedia,Demo,2026-07-27,2026-07-27,2026-07-27,1.0,Importado del PDF Most Common Prescribed Medications; normalizado para búsqueda y pendiente de revisión profesional.
879,Bupropion,Bupropión,Medicamentos,Salud mental,,Wellbutrin; Zyban,,/bʌpɹˈoʊpiən/,Antidepresivo utilizado para tratar el trastorno depresivo mayor y el trastorno afectivo estacional; algunas formulaciones también se utilizan para ayudar a dejar de fumar.,The patient takes bupropion for depression and smoking cessation.,La indicación y la marca pueden variar según la formulación. Confirme si es de liberación sostenida o prolongada.,Most Common Prescribed Medications — Interactive Contact Center (PDF proporcionado por el usuario),documento-local:docs/sources/most-common-prescribed-medications.pdf,Borrador,,,Fila 12 del PDF. Nombre en la fuente: Bupropion; español en la fuente: Bupropion; marca indicada: Wellbutrin.,Término,Medicamentos recetados comunes,Ficha educativa para preparación terminológica de interpretación médica; no constituye indicación clínica.,Bupropión,Bupropión,Bupropión,,Alta,Frecuente,Intermedia,Demo,2026-07-27,2026-07-27,2026-07-27,1.0,Importado del PDF Most Common Prescribed Medications; normalizado para búsqueda y pendiente de revisión profesional.
880,Carvedilol,Carvedilol,Medicamentos,Cardiovascular,,Coreg,,/kˈɑːɹvɪdˌɪlɑːl/,Medicamento utilizado para tratar la insuficiencia cardíaca y la hipertensión; también puede indicarse después de un infarto cuando el corazón bombea con menor eficacia.,The cardiologist prescribed carvedilol for heart failure.,Confirme la dosis y si debe tomarse con alimentos; no añada instrucciones no expresadas por el profesional.,Most Common Prescribed Medications — Interactive Contact Center (PDF proporcionado por el usuario),documento-local:docs/sources/most-common-prescribed-medications.pdf,Borrador,,,Fila 13 del PDF. Nombre en la fuente: Carvedilol; español en la fuente: Carvedilol; marca indicada: Coreg.,Término,Medicamentos recetados comunes,Ficha educativa para preparación terminológica de interpretación médica; no constituye indicación clínica.,Carvedilol,Carvedilol,Carvedilol,,Alta,Frecuente,Intermedia,Demo,2026-07-27,2026-07-27,2026-07-27,1.0,Importado del PDF Most Common Prescribed Medications; normalizado para búsqueda y pendiente de revisión profesional.
881,Cetirizine,Cetirizina,Medicamentos,Alergias,,Zyrtec,,/sˈɛɾɪɹˌɪziːn/,"Antihistamínico utilizado para aliviar síntomas de alergia, como estornudos, picazón, ojos llorosos o secreción nasal.",The patient takes cetirizine for seasonal allergies.,El PDF contiene “Cetrizina”; se normalizó a cetirizina. Diferencie síntomas de alergia de un resfriado cuando el contexto lo requiera.,Most Common Prescribed Medications — Interactive Contact Center (PDF proporcionado por el usuario),documento-local:docs/sources/most-common-prescribed-medications.pdf,Borrador,,,Fila 14 del PDF. Nombre en la fuente: Cetirizine; español en la fuente: Cetrizina; marca indicada: Zyrtec.,Término,Medicamentos recetados comunes,Ficha educativa para preparación terminológica de interpretación médica; no constituye indicación clínica.,Cetirizina,Cetirizina,Cetirizina,,Alta,Frecuente,Intermedia,Demo,2026-07-27,2026-07-27,2026-07-27,1.0,Importado del PDF Most Common Prescribed Medications; normalizado para búsqueda y pendiente de revisión profesional.
882,Citalopram,Citalopram,Medicamentos,Salud mental,,Celexa,,/sˈɪɾɐlˌɑːpɹæm/,"Antidepresivo de prescripción utilizado para tratar la depresión, incluido el trastorno depresivo mayor.",The patient has been taking citalopram for major depression.,No confundir con escitalopram; son medicamentos diferentes.,Most Common Prescribed Medications — Interactive Contact Center (PDF proporcionado por el usuario),documento-local:docs/sources/most-common-prescribed-medications.pdf,Borrador,,,Fila 15 del PDF. Nombre en la fuente: Citalopram; español en la fuente: Citalopram; marca indicada: Celexa.,Término,Medicamentos recetados comunes,Ficha educativa para preparación terminológica de interpretación médica; no constituye indicación clínica.,Citalopram,Citalopram,Citalopram,,Alta,Frecuente,Intermedia,Demo,2026-07-27,2026-07-27,2026-07-27,1.0,Importado del PDF Most Common Prescribed Medications; normalizado para búsqueda y pendiente de revisión profesional.
883,Clopidogrel,Clopidogrel,Medicamentos,Antiplaquetarios y anticoagulación,,Plavix,Antiagregante plaquetario,/klˈɑːpɪdˌɑːɡɹəl/,"Medicamento antiplaquetario utilizado para reducir el riesgo de accidente cerebrovascular, coágulos u otros problemas cardiovasculares graves en determinadas personas.",The patient is taking clopidogrel after a heart attack.,No traducir como anticoagulante de forma automática; es un antiagregante plaquetario. Confirme el contexto clínico.,Most Common Prescribed Medications — Interactive Contact Center (PDF proporcionado por el usuario),documento-local:docs/sources/most-common-prescribed-medications.pdf,Borrador,,,Fila 16 del PDF. Nombre en la fuente: Clopidogrel; español en la fuente: Clopidogrel; marca indicada: Plavix.,Término,Medicamentos recetados comunes,Ficha educativa para preparación terminológica de interpretación médica; no constituye indicación clínica.,Clopidogrel,Clopidogrel,Clopidogrel,Antiagregante plaquetario,Alta,Frecuente,Intermedia,Demo,2026-07-27,2026-07-27,2026-07-27,1.0,Importado del PDF Most Common Prescribed Medications; normalizado para búsqueda y pendiente de revisión profesional.
884,Cyclobenzaprine,Ciclobenzaprina,Medicamentos,Relajantes musculares,,Flexeril,,/sˈaɪkloʊbˌɛnzɐpɹˌiːn/,Medicamento relajante muscular utilizado para aliviar espasmos musculares en determinados tratamientos de corta duración.,The provider prescribed cyclobenzaprine for muscle spasms.,Confirme dosis y horario; puede causar somnolencia según la indicación clínica.,Most Common Prescribed Medications — Interactive Contact Center (PDF proporcionado por el usuario),documento-local:docs/sources/most-common-prescribed-medications.pdf,Borrador,,,Fila 17 del PDF. Nombre en la fuente: Cyclobenzaprine; español en la fuente: Ciclobenzaprina; marca indicada: Flexeril.,Término,Medicamentos recetados comunes,Ficha educativa para preparación terminológica de interpretación médica; no constituye indicación clínica.,Ciclobenzaprina,Ciclobenzaprina,Ciclobenzaprina,,Alta,Frecuente,Intermedia,Demo,2026-07-27,2026-07-27,2026-07-27,1.0,Importado del PDF Most Common Prescribed Medications; normalizado para búsqueda y pendiente de revisión profesional.
885,Duloxetine,Duloxetina,Medicamentos,Salud mental y dolor neuropático,,Cymbalta,,/dˈuːləksˌɛtiːn/,Medicamento utilizado para tratar depresión y ansiedad; también puede utilizarse para dolor neuropático diabético y ciertos dolores musculoesqueléticos crónicos.,The provider prescribed duloxetine for diabetic nerve pain.,La indicación puede ser psiquiátrica o para dolor. Mantenga el contexto expresado por el hablante.,Most Common Prescribed Medications — Interactive Contact Center (PDF proporcionado por el usuario),documento-local:docs/sources/most-common-prescribed-medications.pdf,Borrador,,,Fila 18 del PDF. Nombre en la fuente: Duloxetine; español en la fuente: Duloxetina; marca indicada: Cymbalta.,Término,Medicamentos recetados comunes,Ficha educativa para preparación terminológica de interpretación médica; no constituye indicación clínica.,Duloxetina,Duloxetina,Duloxetina,,Alta,Frecuente,Intermedia,Demo,2026-07-27,2026-07-27,2026-07-27,1.0,Importado del PDF Most Common Prescribed Medications; normalizado para búsqueda y pendiente de revisión profesional.
886,Escitalopram,Escitalopram,Medicamentos,Salud mental,,Lexapro,,/ˈɛsɪtˌæləpɹˌæm/,Antidepresivo utilizado para tratar el trastorno depresivo mayor y otras afecciones según indicación profesional.,The patient takes escitalopram for major depressive disorder.,No confundir con citalopram; son medicamentos distintos.,Most Common Prescribed Medications — Interactive Contact Center (PDF proporcionado por el usuario),documento-local:docs/sources/most-common-prescribed-medications.pdf,Borrador,,,Fila 19 del PDF. Nombre en la fuente: Escitalopram; español en la fuente: Escitalopram; marca indicada: Lexapro.,Término,Medicamentos recetados comunes,Ficha educativa para preparación terminológica de interpretación médica; no constituye indicación clínica.,Escitalopram,Escitalopram,Escitalopram,,Alta,Frecuente,Intermedia,Demo,2026-07-27,2026-07-27,2026-07-27,1.0,Importado del PDF Most Common Prescribed Medications; normalizado para búsqueda y pendiente de revisión profesional.
887,Fenofibrate,Fenofibrato,Medicamentos,Colesterol y lípidos,,Tricor; Triglide; Lipidil,,/fˈɛnəfˌɪbɹeɪt/,"Medicamento utilizado para reducir niveles elevados de triglicéridos y, en ciertos casos, de colesterol en la sangre.",The provider prescribed fenofibrate for high triglycerides.,No confundir con estatinas; pertenece a otra clase de medicamentos para los lípidos.,Most Common Prescribed Medications — Interactive Contact Center (PDF proporcionado por el usuario),documento-local:docs/sources/most-common-prescribed-medications.pdf,Borrador,,,"Fila 20 del PDF. Nombre en la fuente: Fenofibrate; español en la fuente: Fenofibrato; marca indicada: Tricor, Triglide, Lipidil.",Término,Medicamentos recetados comunes,Ficha educativa para preparación terminológica de interpretación médica; no constituye indicación clínica.,Fenofibrato,Fenofibrato,Fenofibrato,,Alta,Frecuente,Intermedia,Demo,2026-07-27,2026-07-27,2026-07-27,1.0,Importado del PDF Most Common Prescribed Medications; normalizado para búsqueda y pendiente de revisión profesional.
888,Fexofenadine,Fexofenadina,Medicamentos,Alergias,,Allegra,,/fˈɛksoʊfnˌædiːn/,"Antihistamínico utilizado para tratar síntomas de alergias estacionales, también conocidas como fiebre del heno.",The patient uses fexofenadine during allergy season.,Confirme si se refiere al medicamento solo o a una formulación combinada.,Most Common Prescribed Medications — Interactive Contact Center (PDF proporcionado por el usuario),documento-local:docs/sources/most-common-prescribed-medications.pdf,Borrador,,,Fila 21 del PDF. Nombre en la fuente: Fexofenadine; español en la fuente: Fexofenadina; marca indicada: Allegra.,Término,Medicamentos recetados comunes,Ficha educativa para preparación terminológica de interpretación médica; no constituye indicación clínica.,Fexofenadina,Fexofenadina,Fexofenadina,,Alta,Frecuente,Intermedia,Demo,2026-07-27,2026-07-27,2026-07-27,1.0,Importado del PDF Most Common Prescribed Medications; normalizado para búsqueda y pendiente de revisión profesional.
889,Fluoxetine,Fluoxetina,Medicamentos,Salud mental,,Prozac,,/fljˈuːəksˌɛtiːn/,"Antidepresivo utilizado para tratar el trastorno depresivo mayor, la bulimia nerviosa, el trastorno obsesivo compulsivo, el trastorno de pánico y el trastorno disfórico premenstrual.",The patient takes fluoxetine for obsessive-compulsive disorder.,Confirme la indicación y la formulación; no generalice el diagnóstico a partir del medicamento.,Most Common Prescribed Medications — Interactive Contact Center (PDF proporcionado por el usuario),documento-local:docs/sources/most-common-prescribed-medications.pdf,Borrador,,,Fila 22 del PDF. Nombre en la fuente: Fluoxetine; español en la fuente: Fluoxetina; marca indicada: Prozac.,Término,Medicamentos recetados comunes,Ficha educativa para preparación terminológica de interpretación médica; no constituye indicación clínica.,Fluoxetina,Fluoxetina,Fluoxetina,,Alta,Frecuente,Intermedia,Demo,2026-07-27,2026-07-27,2026-07-27,1.0,Importado del PDF Most Common Prescribed Medications; normalizado para búsqueda y pendiente de revisión profesional.
890,Fluticasone,Fluticasona,Medicamentos,Respiratorio y alergias,,Flonase; Flovent,,/flˈuːɾɪkˌæsoʊn/,"Corticosteroide utilizado en formulaciones nasales o inhaladas para controlar alergias o prevenir síntomas de asma, según la presentación.",The patient uses inhaled fluticasone to help prevent asthma symptoms.,Flonase y Flovent corresponden a vías y usos distintos. Confirme si es aerosol nasal o inhalador.,Most Common Prescribed Medications — Interactive Contact Center (PDF proporcionado por el usuario),documento-local:docs/sources/most-common-prescribed-medications.pdf,Borrador,,,"Fila 23 del PDF. Nombre en la fuente: Fluticasone; español en la fuente: Fluticasona; marca indicada: Flonase, Flovent.",Término,Medicamentos recetados comunes,Ficha educativa para preparación terminológica de interpretación médica; no constituye indicación clínica.,Fluticasona,Fluticasona,Fluticasona,,Alta,Frecuente,Intermedia,Demo,2026-07-27,2026-07-27,2026-07-27,1.0,Importado del PDF Most Common Prescribed Medications; normalizado para búsqueda y pendiente de revisión profesional.
891,Furosemide,Furosemida,Medicamentos,Diuréticos y cardiovascular,,Lasix; water pill,Diurético,/fjˈʊɹɹoʊsmˌaɪd/,"Diurético utilizado para tratar la retención de líquidos asociada con insuficiencia cardíaca, enfermedad hepática o trastornos renales.",The patient takes furosemide for swelling caused by fluid retention.,“Water pill” suele interpretarse como diurético. Confirme dosis y horario.,Most Common Prescribed Medications — Interactive Contact Center (PDF proporcionado por el usuario),documento-local:docs/sources/most-common-prescribed-medications.pdf,Borrador,,,Fila 24 del PDF. Nombre en la fuente: Furosemide; español en la fuente: Furosemida; marca indicada: Lasix.,Término,Medicamentos recetados comunes,Ficha educativa para preparación terminológica de interpretación médica; no constituye indicación clínica.,Furosemida,Furosemida,Furosemida,Diurético,Alta,Frecuente,Intermedia,Demo,2026-07-27,2026-07-27,2026-07-27,1.0,Importado del PDF Most Common Prescribed Medications; normalizado para búsqueda y pendiente de revisión profesional.
892,Gabapentin,Gabapentina,Medicamentos,Neurología y dolor neuropático,,Neurontin; Gralise; Horizant,,/ɡˌæbeɪpˈɛntɪn/,Medicamento utilizado para ciertos tipos de convulsiones y dolor neuropático; algunas formulaciones se utilizan para el síndrome de piernas inquietas.,The provider prescribed gabapentin for nerve pain after shingles.,Las formulaciones y marcas no siempre son intercambiables. Confirme la presentación y la indicación.,Most Common Prescribed Medications — Interactive Contact Center (PDF proporcionado por el usuario),documento-local:docs/sources/most-common-prescribed-medications.pdf,Borrador,,,"Fila 25 del PDF. Nombre en la fuente: Gabapentin; español en la fuente: Gabapentina; marca indicada: Neurontin, Gralise, Horizant.",Término,Medicamentos recetados comunes,Ficha educativa para preparación terminológica de interpretación médica; no constituye indicación clínica.,Gabapentina,Gabapentina,Gabapentina,,Alta,Frecuente,Intermedia,Demo,2026-07-27,2026-07-27,2026-07-27,1.0,Importado del PDF Most Common Prescribed Medications; normalizado para búsqueda y pendiente de revisión profesional.
893,Glipizide,Glipizida,Medicamentos,Diabetes,,Glucotrol,,/ɡlˈɪpɪzˌaɪd/,Medicamento oral utilizado para mejorar el control de la glucosa en adultos con diabetes mellitus tipo 2.,The patient takes glipizide before breakfast for type 2 diabetes.,"Confirme horario, dosis y relación con los alimentos exactamente como lo indique el profesional.",Most Common Prescribed Medications — Interactive Contact Center (PDF proporcionado por el usuario),documento-local:docs/sources/most-common-prescribed-medications.pdf,Borrador,,,Fila 26 del PDF. Nombre en la fuente: Glipizide; español en la fuente: Glipizida; marca indicada: Glucotrol.,Término,Medicamentos recetados comunes,Ficha educativa para preparación terminológica de interpretación médica; no constituye indicación clínica.,Glipizida,Glipizida,Glipizida,,Alta,Frecuente,Intermedia,Demo,2026-07-27,2026-07-27,2026-07-27,1.0,Importado del PDF Most Common Prescribed Medications; normalizado para búsqueda y pendiente de revisión profesional.
894,Hydrochlorothiazide,Hidroclorotiazida,Medicamentos,Diuréticos y cardiovascular,,Microzide; HCTZ; water pill,HCTZ; diurético,/hˌaɪdɹəklˌoːɹoʊθɪˈeɪzaɪd/,"Diurético que ayuda al cuerpo a eliminar sal y agua, y se utiliza para tratar la presión arterial alta o la retención de líquidos.",The provider added hydrochlorothiazide for high blood pressure.,Puede abreviarse HCTZ. No confundir con otros diuréticos.,Most Common Prescribed Medications — Interactive Contact Center (PDF proporcionado por el usuario),documento-local:docs/sources/most-common-prescribed-medications.pdf,Borrador,,,Fila 27 del PDF. Nombre en la fuente: Hydrochlorothiazide; español en la fuente: Hidroclorotiazida; marca indicada: Microzide.,Término,Medicamentos recetados comunes,Ficha educativa para preparación terminológica de interpretación médica; no constituye indicación clínica.,Hidroclorotiazida,Hidroclorotiazida,Hidroclorotiazida,HCTZ; diurético,Alta,Frecuente,Intermedia,Demo,2026-07-27,2026-07-27,2026-07-27,1.0,Importado del PDF Most Common Prescribed Medications; normalizado para búsqueda y pendiente de revisión profesional.
895,Hydrocodone and acetaminophen,Hidrocodona y acetaminofén,Medicamentos,Analgésicos opioides,,Lortab; hydrocodone/APAP,Hidrocodona con paracetamol,/hˈaɪdɹəkˌɑːdoʊn ænd ˈæsɪtˌæmɪnˌɑːfən/,Combinación de un analgésico opioide y acetaminofén utilizada para aliviar dolor moderado a moderadamente intenso.,The prescription contains hydrocodone and acetaminophen for pain.,"Medicamento de alto riesgo y potencialmente controlado. Confirme concentración de ambos componentes, dosis y frecuencia.",Most Common Prescribed Medications — Interactive Contact Center (PDF proporcionado por el usuario),documento-local:docs/sources/most-common-prescribed-medications.pdf,Borrador,,,Fila 28 del PDF. Nombre en la fuente: Hydrocodone and Acetaminophen; español en la fuente: Hidrocodona con Acetaminofen; marca indicada: Lortab.,Término,Medicamentos recetados comunes,Ficha educativa para preparación terminológica de interpretación médica; no constituye indicación clínica.,Hidrocodona y acetaminofén,Hidrocodona y acetaminofén,Hidrocodona y acetaminofén,Hidrocodona con paracetamol,Alta,Frecuente,Intermedia,Demo,2026-07-27,2026-07-27,2026-07-27,1.0,Importado del PDF Most Common Prescribed Medications; normalizado para búsqueda y pendiente de revisión profesional.
896,Ibuprofen,Ibuprofeno,Medicamentos,Analgésicos y antiinflamatorios,,Advil; Motrin,,/ˌaɪbjuːpɹˈoʊfən/,Antiinflamatorio no esteroideo utilizado para reducir la fiebre y tratar dolor o inflamación de diversas causas.,The provider recommended ibuprofen for pain and inflammation.,"Confirme si el paciente tiene instrucciones específicas sobre alimentos, dosis o contraindicaciones.",Most Common Prescribed Medications — Interactive Contact Center (PDF proporcionado por el usuario),documento-local:docs/sources/most-common-prescribed-medications.pdf,Borrador,,,"Fila 29 del PDF. Nombre en la fuente: Ibuprofen; español en la fuente: Ibuprofeno; marca indicada: Advil, Motrin.",Término,Medicamentos recetados comunes,Ficha educativa para preparación terminológica de interpretación médica; no constituye indicación clínica.,Ibuprofeno,Ibuprofeno,Ibuprofeno,,Alta,Frecuente,Intermedia,Demo,2026-07-27,2026-07-27,2026-07-27,1.0,Importado del PDF Most Common Prescribed Medications; normalizado para búsqueda y pendiente de revisión profesional.
897,Insulin aspart (rapid-acting insulin),Insulina aspart (insulina de acción rápida),Medicamentos,Diabetes e insulina,,NovoLog; NovoRapid,,/ˈɪnsəlˌɪn ɐspˈɑːɹt/,Insulina de acción rápida que suele administrarse antes de una comida o con ella para ayudar a controlar el aumento de glucosa posterior.,Take the insulin aspart with the meal according to the prescribed dose.,"Medicamento de alto riesgo. Interprete con exactitud unidades, horario, glucosa y relación con los alimentos.",Most Common Prescribed Medications — Interactive Contact Center (PDF proporcionado por el usuario),documento-local:docs/sources/most-common-prescribed-medications.pdf,Borrador,,,Fila 30 del PDF. Nombre en la fuente: Insulin Aspart (rapid-acting insulin); español en la fuente: Insulina Aspart (insulina de acción rápida); marca indicada: NovoLog.,Término,Medicamentos recetados comunes,Ficha educativa para preparación terminológica de interpretación médica; no constituye indicación clínica.,Insulina aspart (insulina de acción rápida),Insulina aspart (insulina de acción rápida),Insulina aspart (insulina de acción rápida),,Alta,Frecuente,Intermedia,Demo,2026-07-27,2026-07-27,2026-07-27,1.0,Importado del PDF Most Common Prescribed Medications; normalizado para búsqueda y pendiente de revisión profesional.
898,Insulin detemir (long-acting insulin),Insulina detemir (insulina de acción prolongada),Medicamentos,Diabetes e insulina,,Levemir; insulin Determir,Insulina Determir,/ˈɪnsəlˌɪn dɪtˈɛmɪɹ/,Insulina de acción prolongada que libera insulina de forma gradual para ayudar a controlar la glucosa entre comidas y durante la noche.,The patient injects insulin detemir at the prescribed time each day.,El PDF contiene “Determir”; se normalizó a detemir. Interprete con exactitud las unidades y el horario.,Most Common Prescribed Medications — Interactive Contact Center (PDF proporcionado por el usuario),documento-local:docs/sources/most-common-prescribed-medications.pdf,Borrador,,,Fila 31 del PDF. Nombre en la fuente: Insulin Determir (long-acting insulin); español en la fuente: Insulin Determir (insulina de acción prolongada); marca indicada: Levemir.,Término,Medicamentos recetados comunes,Ficha educativa para preparación terminológica de interpretación médica; no constituye indicación clínica.,Insulina detemir (insulina de acción prolongada),Insulina detemir (insulina de acción prolongada),Insulina detemir (insulina de acción prolongada),Insulina Determir,Alta,Frecuente,Intermedia,Demo,2026-07-27,2026-07-27,2026-07-27,1.0,Importado del PDF Most Common Prescribed Medications; normalizado para búsqueda y pendiente de revisión profesional.
899,Insulin glargine (long-acting insulin),Insulina glargina (insulina de acción prolongada),Medicamentos,Diabetes e insulina,,Lantus,,/ˈɪnsəlˌɪn ɡlˈɑːɹdʒɪn/,Insulina de acción prolongada que proporciona una liberación sostenida para ayudar a controlar la glucosa entre comidas y durante la noche.,The patient uses insulin glargine as the long-acting insulin.,"Medicamento de alto riesgo. Confirme marca, concentración, unidades y horario; las concentraciones pueden variar.",Most Common Prescribed Medications — Interactive Contact Center (PDF proporcionado por el usuario),documento-local:docs/sources/most-common-prescribed-medications.pdf,Borrador,,,Fila 32 del PDF. Nombre en la fuente: Insulin Glargine (long-acting insulin); español en la fuente: Insulina glargina (insulina de acción prolongada); marca indicada: Lantus.,Término,Medicamentos recetados comunes,Ficha educativa para preparación terminológica de interpretación médica; no constituye indicación clínica.,Insulina glargina (insulina de acción prolongada),Insulina glargina (insulina de acción prolongada),Insulina glargina (insulina de acción prolongada),,Alta,Frecuente,Intermedia,Demo,2026-07-27,2026-07-27,2026-07-27,1.0,Importado del PDF Most Common Prescribed Medications; normalizado para búsqueda y pendiente de revisión profesional.
900,Insulin lispro (rapid-acting insulin),Insulina lispro (insulina de acción rápida),Medicamentos,Diabetes e insulina,,Humalog,,/ˈɪnsəlˌɪn lˈɪspɹoʊ/,Insulina de acción rápida que suele administrarse antes de una comida o con ella para controlar el aumento de glucosa posterior.,The patient takes insulin lispro with meals as prescribed.,"Medicamento de alto riesgo. Interprete con exactitud unidades, horario, glucosa y relación con los alimentos.",Most Common Prescribed Medications — Interactive Contact Center (PDF proporcionado por el usuario),documento-local:docs/sources/most-common-prescribed-medications.pdf,Borrador,,,Fila 33 del PDF. Nombre en la fuente: Insulin Lispro (rapid-acting insulin); español en la fuente: Insulina Lispro (insulina de acción rápida); marca indicada: Humalog.,Término,Medicamentos recetados comunes,Ficha educativa para preparación terminológica de interpretación médica; no constituye indicación clínica.,Insulina lispro (insulina de acción rápida),Insulina lispro (insulina de acción rápida),Insulina lispro (insulina de acción rápida),,Alta,Frecuente,Intermedia,Demo,2026-07-27,2026-07-27,2026-07-27,1.0,Importado del PDF Most Common Prescribed Medications; normalizado para búsqueda y pendiente de revisión profesional.
901,Levothyroxine,Levotiroxina,Medicamentos,Tiroides y endocrinología,,Synthroid,,/lˈɛvəθˌɪɹəksˌaɪn/,Hormona tiroidea utilizada para tratar el hipotiroidismo cuando la glándula tiroides no produce suficiente hormona por sí sola.,The patient takes levothyroxine for hypothyroidism.,"Confirme microgramos, horario y relación con alimentos o suplementos exactamente como se indique.",Most Common Prescribed Medications — Interactive Contact Center (PDF proporcionado por el usuario),documento-local:docs/sources/most-common-prescribed-medications.pdf,Borrador,,,Fila 34 del PDF. Nombre en la fuente: Levothyroxine; español en la fuente: Levotiroxina; marca indicada: Synthroid.,Término,Medicamentos recetados comunes,Ficha educativa para preparación terminológica de interpretación médica; no constituye indicación clínica.,Levotiroxina,Levotiroxina,Levotiroxina,,Alta,Frecuente,Intermedia,Demo,2026-07-27,2026-07-27,2026-07-27,1.0,Importado del PDF Most Common Prescribed Medications; normalizado para búsqueda y pendiente de revisión profesional.
902,Lisinopril,Lisinopril,Medicamentos,Cardiovascular,,Prinivil; Zestril,,/lˈɪsɪnˌɑːpɹəl/,"Medicamento utilizado para tratar la presión arterial alta y la insuficiencia cardíaca, y para mejorar la supervivencia en ciertas personas después de un infarto.",The provider prescribed lisinopril for high blood pressure.,"No confundir con losartán; pertenecen a clases relacionadas, pero distintas.",Most Common Prescribed Medications — Interactive Contact Center (PDF proporcionado por el usuario),documento-local:docs/sources/most-common-prescribed-medications.pdf,Borrador,,,Fila 35 del PDF. Nombre en la fuente: Lisinopril; español en la fuente: Lisinopril; marca indicada: Prinivil.,Término,Medicamentos recetados comunes,Ficha educativa para preparación terminológica de interpretación médica; no constituye indicación clínica.,Lisinopril,Lisinopril,Lisinopril,,Alta,Frecuente,Intermedia,Demo,2026-07-27,2026-07-27,2026-07-27,1.0,Importado del PDF Most Common Prescribed Medications; normalizado para búsqueda y pendiente de revisión profesional.
903,Losartan,Losartán,Medicamentos,Cardiovascular,,Cozaar,Losartan,/lˈɑːsɑːɹtən/,"Medicamento utilizado para tratar la presión arterial alta, reducir el riesgo de accidente cerebrovascular en ciertas personas y proteger los riñones en algunos pacientes con diabetes tipo 2 e hipertensión.",The patient takes losartan for high blood pressure and kidney protection.,No confundir con lisinopril. Mantenga la indicación expresada por el profesional.,Most Common Prescribed Medications — Interactive Contact Center (PDF proporcionado por el usuario),documento-local:docs/sources/most-common-prescribed-medications.pdf,Borrador,,,Fila 36 del PDF. Nombre en la fuente: Losartan; español en la fuente: Losartan; marca indicada: Cozaar.,Término,Medicamentos recetados comunes,Ficha educativa para preparación terminológica de interpretación médica; no constituye indicación clínica.,Losartán,Losartán,Losartán,Losartan,Alta,Frecuente,Intermedia,Demo,2026-07-27,2026-07-27,2026-07-27,1.0,Importado del PDF Most Common Prescribed Medications; normalizado para búsqueda y pendiente de revisión profesional.
904,Meloxicam,Meloxicam,Medicamentos,Analgésicos y antiinflamatorios,,Mobic,,/mˈɛləksˌɪkæm/,Antiinflamatorio no esteroideo utilizado para tratar dolor e inflamación por artritis reumatoide u osteoartritis; también puede indicarse en ciertos casos pediátricos.,The provider prescribed meloxicam for osteoarthritis pain.,Confirme dosis y duración; no confundir con otros antiinflamatorios no esteroideos.,Most Common Prescribed Medications — Interactive Contact Center (PDF proporcionado por el usuario),documento-local:docs/sources/most-common-prescribed-medications.pdf,Borrador,,,Fila 37 del PDF. Nombre en la fuente: Meloxicam; español en la fuente: Meloxicam; marca indicada: Mobic.,Término,Medicamentos recetados comunes,Ficha educativa para preparación terminológica de interpretación médica; no constituye indicación clínica.,Meloxicam,Meloxicam,Meloxicam,,Alta,Frecuente,Intermedia,Demo,2026-07-27,2026-07-27,2026-07-27,1.0,Importado del PDF Most Common Prescribed Medications; normalizado para búsqueda y pendiente de revisión profesional.
905,Metformin,Metformina,Medicamentos,Diabetes,,Glucophage,,/mˈɛtfoːɹmˌɪn/,Medicamento que ayuda a controlar la glucosa al reducir su producción hepática y mejorar la sensibilidad del cuerpo a la insulina.,The patient takes metformin with meals for type 2 diabetes.,"Confirme formulación de liberación inmediata o prolongada, dosis y relación con alimentos.",Most Common Prescribed Medications — Interactive Contact Center (PDF proporcionado por el usuario),documento-local:docs/sources/most-common-prescribed-medications.pdf,Borrador,,,Fila 38 del PDF. Nombre en la fuente: Metformin; español en la fuente: Metformina; marca indicada: Glucophage.,Término,Medicamentos recetados comunes,Ficha educativa para preparación terminológica de interpretación médica; no constituye indicación clínica.,Metformina,Metformina,Metformina,,Alta,Frecuente,Intermedia,Demo,2026-07-27,2026-07-27,2026-07-27,1.0,Importado del PDF Most Common Prescribed Medications; normalizado para búsqueda y pendiente de revisión profesional.
906,Methylprednisolone,Metilprednisolona,Medicamentos,Corticosteroides,,Medrol,,/mˈɛθəlpɹˌɛdnɪsˌɑːloʊn/,"Corticosteroide utilizado para tratar diversas afecciones inflamatorias, alérgicas, autoinmunes y de otros sistemas del cuerpo.",The provider prescribed methylprednisolone for severe inflammation.,"Confirme si se trata de tabletas, inyección o un paquete de dosis y reproduzca con precisión el esquema indicado.",Most Common Prescribed Medications — Interactive Contact Center (PDF proporcionado por el usuario),documento-local:docs/sources/most-common-prescribed-medications.pdf,Borrador,,,Fila 39 del PDF. Nombre en la fuente: Methylprednisolone; español en la fuente: Metilprednisolona; marca indicada: Medrol.,Término,Medicamentos recetados comunes,Ficha educativa para preparación terminológica de interpretación médica; no constituye indicación clínica.,Metilprednisolona,Metilprednisolona,Metilprednisolona,,Alta,Frecuente,Intermedia,Demo,2026-07-27,2026-07-27,2026-07-27,1.0,Importado del PDF Most Common Prescribed Medications; normalizado para búsqueda y pendiente de revisión profesional.
907,Metoprolol,Metoprolol,Medicamentos,Cardiovascular,,Lopressor; Toprol-XL; Metropolol,Metropolol,/mˈɛɾəpɹˌɑːlɑːl/,Betabloqueador que reduce el trabajo del corazón y se utiliza para disminuir la presión arterial y tratar determinadas afecciones cardíacas.,The patient takes metoprolol for blood pressure and heart rate control.,El PDF contiene “Metropolol”; se normalizó a metoprolol. Confirme si es tartrato o succinato y si es de liberación prolongada.,Most Common Prescribed Medications — Interactive Contact Center (PDF proporcionado por el usuario),documento-local:docs/sources/most-common-prescribed-medications.pdf,Borrador,,,Fila 40 del PDF. Nombre en la fuente: Metropolol; español en la fuente: Metropolol; marca indicada: Lopressor.,Término,Medicamentos recetados comunes,Ficha educativa para preparación terminológica de interpretación médica; no constituye indicación clínica.,Metoprolol,Metoprolol,Metoprolol,Metropolol,Alta,Frecuente,Intermedia,Demo,2026-07-27,2026-07-27,2026-07-27,1.0,Importado del PDF Most Common Prescribed Medications; normalizado para búsqueda y pendiente de revisión profesional.
908,Montelukast,Montelukast,Medicamentos,Respiratorio y alergias,,Singulair,,/mˈɑːntɪlˌuːkæst/,"Medicamento utilizado para prevenir síntomas de asma y broncoconstricción inducida por ejercicio, y para tratar ciertos síntomas de alergias estacionales o durante todo el año.",The patient takes montelukast to help prevent asthma symptoms.,El texto del PDF queda incompleto al final; se interpretó el contexto como alergias estacionales o perennes y se marcó para revisión profesional.,Most Common Prescribed Medications — Interactive Contact Center (PDF proporcionado por el usuario),documento-local:docs/sources/most-common-prescribed-medications.pdf,Borrador,,,Fila 41 del PDF. Nombre en la fuente: Montelukast; español en la fuente: Montelukast; marca indicada: Singulair.,Término,Medicamentos recetados comunes,Ficha educativa para preparación terminológica de interpretación médica; no constituye indicación clínica.,Montelukast,Montelukast,Montelukast,,Alta,Frecuente,Intermedia,Demo,2026-07-27,2026-07-27,2026-07-27,1.0,Importado del PDF Most Common Prescribed Medications; normalizado para búsqueda y pendiente de revisión profesional.
909,Naproxen,Naproxeno,Medicamentos,Analgésicos y antiinflamatorios,,Aleve; Naprosyn,,/nˈæpɹɑːksən/,"Antiinflamatorio no esteroideo utilizado para tratar dolor o inflamación por artritis, tendinitis, bursitis, gota, cólicos menstruales y otras causas de dolor agudo.",The provider recommended naproxen for arthritis pain.,Confirme dosis y formulación; no confundir con otros antiinflamatorios.,Most Common Prescribed Medications — Interactive Contact Center (PDF proporcionado por el usuario),documento-local:docs/sources/most-common-prescribed-medications.pdf,Borrador,,,Fila 42 del PDF. Nombre en la fuente: Naproxen; español en la fuente: Naproxeno; marca indicada: Aleve.,Término,Medicamentos recetados comunes,Ficha educativa para preparación terminológica de interpretación médica; no constituye indicación clínica.,Naproxeno,Naproxeno,Naproxeno,,Alta,Frecuente,Intermedia,Demo,2026-07-27,2026-07-27,2026-07-27,1.0,Importado del PDF Most Common Prescribed Medications; normalizado para búsqueda y pendiente de revisión profesional.
910,Omeprazole,Omeprazol,Medicamentos,Gastrointestinal,,Prilosec,,/ˈoʊmpɹɐzˌoʊl/,"Inhibidor de la bomba de protones utilizado para reducir el ácido del estómago en afecciones como reflujo gastroesofágico, úlceras y esofagitis erosiva.",The provider prescribed omeprazole for acid reflux.,"Confirme dosis, duración y si es de venta libre o con receta según el contexto.",Most Common Prescribed Medications — Interactive Contact Center (PDF proporcionado por el usuario),documento-local:docs/sources/most-common-prescribed-medications.pdf,Borrador,,,Fila 43 del PDF. Nombre en la fuente: Omeprazole; español en la fuente: Omeprazol; marca indicada: Prilosec.,Término,Medicamentos recetados comunes,Ficha educativa para preparación terminológica de interpretación médica; no constituye indicación clínica.,Omeprazol,Omeprazol,Omeprazol,,Alta,Frecuente,Intermedia,Demo,2026-07-27,2026-07-27,2026-07-27,1.0,Importado del PDF Most Common Prescribed Medications; normalizado para búsqueda y pendiente de revisión profesional.
911,Pantoprazole,Pantoprazol,Medicamentos,Gastrointestinal,,Protonix,,/pˈæntəpɹˌæzoʊl/,Inhibidor de la bomba de protones utilizado para tratar la esofagitis erosiva y otras afecciones relacionadas con exceso de ácido gástrico.,The patient takes pantoprazole for erosive esophagitis.,No confundir con omeprazol; son medicamentos distintos de la misma clase.,Most Common Prescribed Medications — Interactive Contact Center (PDF proporcionado por el usuario),documento-local:docs/sources/most-common-prescribed-medications.pdf,Borrador,,,Fila 44 del PDF. Nombre en la fuente: Pantoprazole; español en la fuente: Pantoprazol; marca indicada: Protonix.,Término,Medicamentos recetados comunes,Ficha educativa para preparación terminológica de interpretación médica; no constituye indicación clínica.,Pantoprazol,Pantoprazol,Pantoprazol,,Alta,Frecuente,Intermedia,Demo,2026-07-27,2026-07-27,2026-07-27,1.0,Importado del PDF Most Common Prescribed Medications; normalizado para búsqueda y pendiente de revisión profesional.
912,Potassium chloride,Cloruro de potasio,Medicamentos,Electrolitos y suplementos,,Klor-Con; KCl,KCl,/pətˈæsiəm klˈoːɹaɪd/,"Medicamento o suplemento utilizado para prevenir o tratar niveles bajos de potasio en la sangre, llamados hipopotasemia.",The provider prescribed potassium chloride for low potassium levels.,"Confirme unidad, concentración, presentación y vía; las formulaciones no son equivalentes.",Most Common Prescribed Medications — Interactive Contact Center (PDF proporcionado por el usuario),documento-local:docs/sources/most-common-prescribed-medications.pdf,Borrador,,,Fila 45 del PDF. Nombre en la fuente: Potassium Chloride; español en la fuente: Cloruro de Potasio; marca indicada: Klor-Con.,Término,Medicamentos recetados comunes,Ficha educativa para preparación terminológica de interpretación médica; no constituye indicación clínica.,Cloruro de potasio,Cloruro de potasio,Cloruro de potasio,KCl,Alta,Frecuente,Intermedia,Demo,2026-07-27,2026-07-27,2026-07-27,1.0,Importado del PDF Most Common Prescribed Medications; normalizado para búsqueda y pendiente de revisión profesional.
913,Prednisone,Prednisona,Medicamentos,Corticosteroides,,Deltasone,,/pɹɪdnˈɪsoʊn/,"Corticosteroide utilizado para tratar numerosas afecciones inflamatorias, alérgicas, autoinmunes, respiratorias, cutáneas y gastrointestinales.",The provider prescribed a prednisone taper for the inflammation.,“Taper” puede referirse a una reducción gradual. Reproduzca con exactitud el esquema de dosis.,Most Common Prescribed Medications — Interactive Contact Center (PDF proporcionado por el usuario),documento-local:docs/sources/most-common-prescribed-medications.pdf,Borrador,,,Fila 46 del PDF. Nombre en la fuente: Prednisone; español en la fuente: Prednisona; marca indicada: Deltasone.,Término,Medicamentos recetados comunes,Ficha educativa para preparación terminológica de interpretación médica; no constituye indicación clínica.,Prednisona,Prednisona,Prednisona,,Alta,Frecuente,Intermedia,Demo,2026-07-27,2026-07-27,2026-07-27,1.0,Importado del PDF Most Common Prescribed Medications; normalizado para búsqueda y pendiente de revisión profesional.
914,Pravastatin,Pravastatina,Medicamentos,Colesterol y lípidos,,Pravachol; Pravacho,,/pɹˈævɐstˌætɪn/,"Estatina utilizada para reducir el colesterol LDL y los triglicéridos, y ayudar a disminuir el riesgo de accidente cerebrovascular, infarto y otras complicaciones cardiovasculares.",The provider prescribed pravastatin to lower cholesterol.,El PDF agrupa pravastatina y simvastatina en una fila y escribe “Pravacho”; se separaron y se normalizó la marca a Pravachol.,Most Common Prescribed Medications — Interactive Contact Center (PDF proporcionado por el usuario),documento-local:docs/sources/most-common-prescribed-medications.pdf,Borrador,,,Fila 47 del PDF. La fuente agrupa Pravastatin/Simvastatin; esta ficha corresponde a Pravastatin. Español en la fuente: Pravastatina/Simvastatina; marca escrita en la fuente para pravastatina: Pravacho.,Término,Medicamentos recetados comunes,Ficha educativa para preparación terminológica de interpretación médica; no constituye indicación clínica.,Pravastatina,Pravastatina,Pravastatina,,Alta,Frecuente,Intermedia,Demo,2026-07-27,2026-07-27,2026-07-27,1.0,Importado del PDF Most Common Prescribed Medications; normalizado para búsqueda y pendiente de revisión profesional.
915,Simvastatin,Simvastatina,Medicamentos,Colesterol y lípidos,,Zocor,,/sˈɪmvɐstˌætɪn/,"Estatina utilizada para reducir el colesterol LDL y los triglicéridos, y ayudar a disminuir el riesgo de accidente cerebrovascular, infarto y otras complicaciones cardiovasculares.",The patient takes simvastatin to manage high cholesterol.,El PDF agrupa pravastatina y simvastatina en una sola fila; se crearon fichas independientes para facilitar la búsqueda.,Most Common Prescribed Medications — Interactive Contact Center (PDF proporcionado por el usuario),documento-local:docs/sources/most-common-prescribed-medications.pdf,Borrador,,,Fila 47 del PDF. La fuente agrupa Pravastatin/Simvastatin; esta ficha corresponde a Simvastatin. Español en la fuente: Pravastatina/Simvastatina; marca indicada para simvastatina: Zocor.,Término,Medicamentos recetados comunes,Ficha educativa para preparación terminológica de interpretación médica; no constituye indicación clínica.,Simvastatina,Simvastatina,Simvastatina,,Alta,Frecuente,Intermedia,Demo,2026-07-27,2026-07-27,2026-07-27,1.0,Importado del PDF Most Common Prescribed Medications; normalizado para búsqueda y pendiente de revisión profesional.
916,Rosuvastatin,Rosuvastatina,Medicamentos,Colesterol y lípidos,,Crestor,,/ɹˈɑːsuːvˌæstɐtˌɪn/,"Estatina utilizada junto con la alimentación para reducir colesterol LDL y triglicéridos, aumentar el colesterol HDL y tratar ciertos tipos hereditarios de colesterol alto.",The provider prescribed rosuvastatin for high cholesterol.,"Confirme el nombre, ya que varias estatinas terminan de forma similar.",Most Common Prescribed Medications — Interactive Contact Center (PDF proporcionado por el usuario),documento-local:docs/sources/most-common-prescribed-medications.pdf,Borrador,,,Fila 48 del PDF. Nombre en la fuente: Rosuvastatin; español en la fuente: Rosuvastatina; marca indicada: Crestor.,Término,Medicamentos recetados comunes,Ficha educativa para preparación terminológica de interpretación médica; no constituye indicación clínica.,Rosuvastatina,Rosuvastatina,Rosuvastatina,,Alta,Frecuente,Intermedia,Demo,2026-07-27,2026-07-27,2026-07-27,1.0,Importado del PDF Most Common Prescribed Medications; normalizado para búsqueda y pendiente de revisión profesional.
917,Sertraline,Sertralina,Medicamentos,Salud mental,,Zoloft,,/sˈɜːtɹəlˌaɪn/,"Antidepresivo utilizado para tratar depresión mayor, trastorno obsesivo compulsivo, trastorno de pánico, ansiedad social y trastorno de estrés postraumático.",The patient takes sertraline for post-traumatic stress disorder.,No infiera el diagnóstico solo por el medicamento; conserve el contexto expresado.,Most Common Prescribed Medications — Interactive Contact Center (PDF proporcionado por el usuario),documento-local:docs/sources/most-common-prescribed-medications.pdf,Borrador,,,Fila 49 del PDF. Nombre en la fuente: Sertraline; español en la fuente: Sertralina; marca indicada: Zoloft.,Término,Medicamentos recetados comunes,Ficha educativa para preparación terminológica de interpretación médica; no constituye indicación clínica.,Sertralina,Sertralina,Sertralina,,Alta,Frecuente,Intermedia,Demo,2026-07-27,2026-07-27,2026-07-27,1.0,Importado del PDF Most Common Prescribed Medications; normalizado para búsqueda y pendiente de revisión profesional.
918,Sitagliptin,Sitagliptina,Medicamentos,Diabetes,,Januvia,,/sˈɪɾɐɡlˌɪptɪn/,Medicamento oral que ayuda a controlar la glucosa al regular la respuesta de insulina del cuerpo después de comer.,The patient takes sitagliptin for type 2 diabetes.,Confirme si se usa solo o en un producto combinado con otro medicamento.,Most Common Prescribed Medications — Interactive Contact Center (PDF proporcionado por el usuario),documento-local:docs/sources/most-common-prescribed-medications.pdf,Borrador,,,Fila 50 del PDF. Nombre en la fuente: Sitagliptin; español en la fuente: Sitagliptina; marca indicada: Januvia.,Término,Medicamentos recetados comunes,Ficha educativa para preparación terminológica de interpretación médica; no constituye indicación clínica.,Sitagliptina,Sitagliptina,Sitagliptina,,Alta,Frecuente,Intermedia,Demo,2026-07-27,2026-07-27,2026-07-27,1.0,Importado del PDF Most Common Prescribed Medications; normalizado para búsqueda y pendiente de revisión profesional.
919,Tadalafil,Tadalafilo,Medicamentos,Urología,,Cialis,,/tˈædɐlˌæfɪl/,Medicamento utilizado para tratar la disfunción eréctil y síntomas de hiperplasia prostática benigna.,The provider prescribed tadalafil for symptoms of an enlarged prostate.,La indicación puede ser disfunción eréctil o síntomas prostáticos. Mantenga un registro profesional y neutral.,Most Common Prescribed Medications — Interactive Contact Center (PDF proporcionado por el usuario),documento-local:docs/sources/most-common-prescribed-medications.pdf,Borrador,,,Fila 51 del PDF. Nombre en la fuente: Tadalafil; español en la fuente: Tadalafilo; marca indicada: Cialis.,Término,Medicamentos recetados comunes,Ficha educativa para preparación terminológica de interpretación médica; no constituye indicación clínica.,Tadalafilo,Tadalafilo,Tadalafilo,,Alta,Frecuente,Intermedia,Demo,2026-07-27,2026-07-27,2026-07-27,1.0,Importado del PDF Most Common Prescribed Medications; normalizado para búsqueda y pendiente de revisión profesional.
920,Tamsulosin,Tamsulosina,Medicamentos,Urología,,Flomax,,/tˈæmsuːlˌɑːsɪn/,Medicamento utilizado para mejorar la micción en personas con hiperplasia prostática benigna o agrandamiento de la próstata.,The patient takes tamsulosin to improve urination.,No traducir automáticamente como tratamiento para cáncer de próstata; la fuente se refiere a hiperplasia benigna.,Most Common Prescribed Medications — Interactive Contact Center (PDF proporcionado por el usuario),documento-local:docs/sources/most-common-prescribed-medications.pdf,Borrador,,,Fila 52 del PDF. Nombre en la fuente: Tamsulosin; español en la fuente: Tamsulosina; marca indicada: Flomax.,Término,Medicamentos recetados comunes,Ficha educativa para preparación terminológica de interpretación médica; no constituye indicación clínica.,Tamsulosina,Tamsulosina,Tamsulosina,,Alta,Frecuente,Intermedia,Demo,2026-07-27,2026-07-27,2026-07-27,1.0,Importado del PDF Most Common Prescribed Medications; normalizado para búsqueda y pendiente de revisión profesional.
921,Tramadol,Tramadol,Medicamentos,Analgésicos opioides,,Ultram,,/tɹˈæmɐdˌɑːl/,Analgésico utilizado para tratar dolor moderado a intenso que no se alivia adecuadamente con otros medicamentos para el dolor.,The provider prescribed tramadol for moderate to severe pain.,"Puede ser una sustancia controlada y tiene riesgos importantes. Confirme dosis, formulación y frecuencia.",Most Common Prescribed Medications — Interactive Contact Center (PDF proporcionado por el usuario),documento-local:docs/sources/most-common-prescribed-medications.pdf,Borrador,,,Fila 53 del PDF. Nombre en la fuente: Tramadol; español en la fuente: Tramadol; marca indicada: Ultram.,Término,Medicamentos recetados comunes,Ficha educativa para preparación terminológica de interpretación médica; no constituye indicación clínica.,Tramadol,Tramadol,Tramadol,,Alta,Frecuente,Intermedia,Demo,2026-07-27,2026-07-27,2026-07-27,1.0,Importado del PDF Most Common Prescribed Medications; normalizado para búsqueda y pendiente de revisión profesional.
922,Trazodone,Trazodona,Medicamentos,Salud mental,,Oleptro; Desyrel,,/tɹˈæzədˌoʊn/,Antidepresivo utilizado para tratar el trastorno depresivo mayor; en algunos contextos clínicos puede mencionarse por otros usos.,The patient takes trazodone for major depressive disorder.,"No suponga la indicación; confirme si el hablante menciona depresión, sueño u otro motivo.",Most Common Prescribed Medications — Interactive Contact Center (PDF proporcionado por el usuario),documento-local:docs/sources/most-common-prescribed-medications.pdf,Borrador,,,Fila 54 del PDF. Nombre en la fuente: Trazodone; español en la fuente: Trazodona; marca indicada: Oleptro.,Término,Medicamentos recetados comunes,Ficha educativa para preparación terminológica de interpretación médica; no constituye indicación clínica.,Trazodona,Trazodona,Trazodona,,Alta,Frecuente,Intermedia,Demo,2026-07-27,2026-07-27,2026-07-27,1.0,Importado del PDF Most Common Prescribed Medications; normalizado para búsqueda y pendiente de revisión profesional.
923,Venlafaxine,Venlafaxina,Medicamentos,Salud mental,,Effexor,,/vˈɛnlɐfˌæksaɪn/,"Antidepresivo utilizado para tratar el trastorno depresivo mayor, la ansiedad y el trastorno de pánico.",The patient takes venlafaxine for anxiety and depression.,Confirme si la formulación es de liberación inmediata o prolongada.,Most Common Prescribed Medications — Interactive Contact Center (PDF proporcionado por el usuario),documento-local:docs/sources/most-common-prescribed-medications.pdf,Borrador,,,Fila 55 del PDF. Nombre en la fuente: Venlafaxine; español en la fuente: Venlafaxina; marca indicada: Effexor.,Término,Medicamentos recetados comunes,Ficha educativa para preparación terminológica de interpretación médica; no constituye indicación clínica.,Venlafaxina,Venlafaxina,Venlafaxina,,Alta,Frecuente,Intermedia,Demo,2026-07-27,2026-07-27,2026-07-27,1.0,Importado del PDF Most Common Prescribed Medications; normalizado para búsqueda y pendiente de revisión profesional.
924,Warfarin,Warfarina,Medicamentos,Antiplaquetarios y anticoagulación,,Coumadin; Jantoven,Anticoagulante,/wˈɔːɹfɚɹˌɪn/,Anticoagulante utilizado para tratar o prevenir coágulos en venas o arterias y reducir el riesgo de accidente cerebrovascular u otras complicaciones graves.,The patient takes warfarin and has regular INR testing.,"Medicamento de alto riesgo. Interprete con exactitud dosis, días de la semana, resultados de INR y cambios de tratamiento.",Most Common Prescribed Medications — Interactive Contact Center (PDF proporcionado por el usuario),documento-local:docs/sources/most-common-prescribed-medications.pdf,Borrador,,,Fila 56 del PDF. Nombre en la fuente: Warfarin; español en la fuente: Warfarina; marca indicada: Coumadin.,Término,Medicamentos recetados comunes,Ficha educativa para preparación terminológica de interpretación médica; no constituye indicación clínica.,Warfarina,Warfarina,Warfarina,Anticoagulante,Alta,Frecuente,Intermedia,Demo,2026-07-27,2026-07-27,2026-07-27,1.0,Importado del PDF Most Common Prescribed Medications; normalizado para búsqueda y pendiente de revisión profesional.
925,Zolpidem,Zolpidem,Medicamentos,Sueño,,Ambien,,/zˈɑːlpaɪdəm/,Medicamento sedante utilizado para tratar el insomnio.,The patient takes zolpidem at bedtime for insomnia.,"Puede ser una sustancia controlada. Confirme formulación, dosis y horario.",Most Common Prescribed Medications — Interactive Contact Center (PDF proporcionado por el usuario),documento-local:docs/sources/most-common-prescribed-medications.pdf,Borrador,,,Fila 57 del PDF. Nombre en la fuente: Zolpidem; español en la fuente: Zolpidem; marca indicada: Ambien.,Término,Medicamentos recetados comunes,Ficha educativa para preparación terminológica de interpretación médica; no constituye indicación clínica.,Zolpidem,Zolpidem,Zolpidem,,Alta,Frecuente,Intermedia,Demo,2026-07-27,2026-07-27,2026-07-27,1.0,Importado del PDF Most Common Prescribed Medications; normalizado para búsqueda y pendiente de revisión profesional.
926,Payment arrangement,Arreglo de pago,Banca y pagos,Pagos y facturación,,Payment Arrangement,,,"Acuerdo para pagar una deuda o saldo mediante fechas, cuotas o condiciones establecidas.",We can set up a payment arrangement for the remaining balance.,,Medical Verbs — lista proporcionada por el usuario,documento-local:medical-verbs-user-list-2026-07-28,Borrador,,,"Importado de la lista Medical Verbs, fila 1.",Término,Medical Verbs,Lista bilingüe proporcionada por el usuario; requiere revisión profesional.,Arreglo de pago,,,,Media,Frecuente,Intermedia,Demo,2026-07-28,2026-07-28,2026-07-28,1.0,Importado y normalizado desde Medical Verbs
927,Pessary,Pesario,Atención médica,Ginecología,,,,,Dispositivo que se coloca en la vagina para sostener órganos pélvicos o administrar ciertos tratamientos.,The provider will check the fit of the pessary.,,Medical Verbs — lista proporcionada por el usuario,documento-local:medical-verbs-user-list-2026-07-28,Borrador,,,"Importado de la lista Medical Verbs, fila 3.",Término,Medical Verbs,Lista bilingüe proporcionada por el usuario; requiere revisión profesional.,Pesario,,,,Alta,Frecuente,Intermedia,Demo,2026-07-28,2026-07-28,2026-07-28,1.0,Importado y normalizado desde Medical Verbs
928,Pesticides,Pesticidas,Cuidado domiciliario,Riesgos ambientales,,,,,Sustancias utilizadas para controlar plagas; pueden representar un riesgo de exposición o intoxicación.,The interpreter may hear “Pesticides” during a medical or administrative encounter.,,Medical Verbs — lista proporcionada por el usuario,documento-local:medical-verbs-user-list-2026-07-28,Borrador,,,"Importado de la lista Medical Verbs, fila 4.",Término,Medical Verbs,Lista bilingüe proporcionada por el usuario; requiere revisión profesional.,Pesticidas,,,,Media,Frecuente,Intermedia,Demo,2026-07-28,2026-07-28,2026-07-28,1.0,Importado y normalizado desde Medical Verbs
929,Pint,Pinta,Atención médica,Medidas y cantidades,,,,,"Unidad de volumen usada en Estados Unidos, equivalente a dos tazas.",The interpreter may hear “Pint” during a medical or administrative encounter.,,Medical Verbs — lista proporcionada por el usuario,documento-local:medical-verbs-user-list-2026-07-28,Borrador,,,"Importado de la lista Medical Verbs, fila 5.",Término,Medical Verbs,Lista bilingüe proporcionada por el usuario; requiere revisión profesional.,Pinta,,,,Alta,Frecuente,Intermedia,Demo,2026-07-28,2026-07-28,2026-07-28,1.0,Importado y normalizado desde Medical Verbs
930,Poison ivy,Hiedra venenosa,Cuidado domiciliario,Riesgos ambientales,,Poison Ivy,Hiedra Venenosa,,Planta que puede producir dermatitis alérgica por contacto.,The interpreter may hear “Poison ivy” during a medical or administrative encounter.,,Medical Verbs — lista proporcionada por el usuario,documento-local:medical-verbs-user-list-2026-07-28,Borrador,,,"Importado de la lista Medical Verbs, fila 6.",Término,Medical Verbs,Lista bilingüe proporcionada por el usuario; requiere revisión profesional.,Hiedra venenosa,,,Hiedra Venenosa,Media,Frecuente,Intermedia,Demo,2026-07-28,2026-07-28,2026-07-28,1.0,Importado y normalizado desde Medical Verbs
931,Prior authorization,Autorización previa,Seguros y trámites,Seguro médico y farmacia,,Prior Authorization,,,"Aprobación que un seguro puede exigir antes de cubrir un medicamento, servicio o procedimiento.",This medication requires prior authorization.,,Medical Verbs — lista proporcionada por el usuario,documento-local:medical-verbs-user-list-2026-07-28,Borrador,,,"Importado de la lista Medical Verbs, fila 9.",Término,Medical Verbs,Lista bilingüe proporcionada por el usuario; requiere revisión profesional.,Autorización previa,,,,Media,Frecuente,Intermedia,Demo,2026-07-28,2026-07-28,2026-07-28,1.0,Importado y normalizado desde Medical Verbs
932,Prognosis,Pronóstico,Atención médica,Diagnóstico y evolución,,,,,Estimación de la evolución probable de una enfermedad o condición.,The doctor will discuss the prognosis with the family.,,Medical Verbs — lista proporcionada por el usuario,documento-local:medical-verbs-user-list-2026-07-28,Borrador,,,"Importado de la lista Medical Verbs, fila 10.",Término,Medical Verbs,Lista bilingüe proporcionada por el usuario; requiere revisión profesional.,Pronóstico,,,,Alta,Frecuente,Intermedia,Demo,2026-07-28,2026-07-28,2026-07-28,1.0,Importado y normalizado desde Medical Verbs
933,Trimester (pregnancy),Trimestre,Maternidad y pediatría,Embarazo,,Quarter; trimester; Quarter / Trimester,,,Período de aproximadamente tres meses; en embarazo corresponde a uno de sus tres trimestres.,She is in the second trimester of pregnancy.,Quarter también puede significar trimestre financiero; aquí se documenta el contexto de embarazo.,Medical Verbs — lista proporcionada por el usuario,documento-local:medical-verbs-user-list-2026-07-28,Borrador,,,"Importado de la lista Medical Verbs, fila 11. Se especificó el contexto de embarazo para no confundirlo con quarter financiero.",Frase,Medical Verbs,Lista bilingüe proporcionada por el usuario; requiere revisión profesional.,Trimestre,,,,Alta,Frecuente,Intermedia,Demo,2026-07-28,2026-07-28,2026-07-28,1.0,Importado y normalizado desde Medical Verbs
934,Razor,Navaja / Rasuradora,Cuidado domiciliario,Higiene personal,,,,,Instrumento manual o eléctrico utilizado para rasurar o cortar vello.,The interpreter may hear “Razor” during a medical or administrative encounter.,,Medical Verbs — lista proporcionada por el usuario,documento-local:medical-verbs-user-list-2026-07-28,Borrador,,,"Importado de la lista Medical Verbs, fila 12.",Término,Medical Verbs,Lista bilingüe proporcionada por el usuario; requiere revisión profesional.,Navaja,,,,Media,Frecuente,Intermedia,Demo,2026-07-28,2026-07-28,2026-07-28,1.0,Importado y normalizado desde Medical Verbs
935,Referral,Remisión / referido,Atención médica,Referidos y remisiones,,,Referido; remisión; Referido / Remision,,Indicación para que el paciente consulte a otro profesional o servicio de salud.,Your primary care provider sent a referral to cardiology.,,Medical Verbs — lista proporcionada por el usuario,documento-local:medical-verbs-user-list-2026-07-28,Borrador,,,"Importado de la lista Medical Verbs, fila 13.",Término,Medical Verbs,Lista bilingüe proporcionada por el usuario; requiere revisión profesional.,Remisión,,,Referido; remisión; Referido / Remision,Alta,Frecuente,Intermedia,Demo,2026-07-28,2026-07-28,2026-07-28,1.0,Importado y normalizado desde Medical Verbs
936,Reschedule,Reprogramar,Atención médica,Citas,,,,,Cambiar una cita o actividad a otra fecha u hora.,I need to reschedule my appointment.,,Medical Verbs — lista proporcionada por el usuario,documento-local:medical-verbs-user-list-2026-07-28,Borrador,,,"Importado de la lista Medical Verbs, fila 15.",Término,Medical Verbs,Lista bilingüe proporcionada por el usuario; requiere revisión profesional.,Reprogramar,,,,Alta,Frecuente,Intermedia,Demo,2026-07-28,2026-07-28,2026-07-28,1.0,Importado y normalizado desde Medical Verbs
937,Right-handed,Diestro / diestra,Atención médica,Lateralidad,,Right handed,Diestro,,Persona que utiliza principalmente la mano derecha.,The interpreter may hear “Right-handed” during a medical or administrative encounter.,,Medical Verbs — lista proporcionada por el usuario,documento-local:medical-verbs-user-list-2026-07-28,Borrador,,,"Importado de la lista Medical Verbs, fila 16. Se normalizó la forma con guion.",Término,Medical Verbs,Lista bilingüe proporcionada por el usuario; requiere revisión profesional.,Diestro,,,Diestro,Alta,Frecuente,Intermedia,Demo,2026-07-28,2026-07-28,2026-07-28,1.0,Importado y normalizado desde Medical Verbs
938,Roaches,Cucarachas,Cuidado domiciliario,Riesgos ambientales,,,,,Insectos domésticos que pueden relacionarse con condiciones ambientales y desencadenantes de alergia o asma.,The interpreter may hear “Roaches” during a medical or administrative encounter.,,Medical Verbs — lista proporcionada por el usuario,documento-local:medical-verbs-user-list-2026-07-28,Borrador,,,"Importado de la lista Medical Verbs, fila 17.",Término,Medical Verbs,Lista bilingüe proporcionada por el usuario; requiere revisión profesional.,Cucarachas,,,,Media,Frecuente,Intermedia,Demo,2026-07-28,2026-07-28,2026-07-28,1.0,Importado y normalizado desde Medical Verbs
939,Rx BIN number,Número BIN de beneficios de farmacia,Seguros y trámites,Beneficios de farmacia,BIN,,Número de identificación de beneficios para recetas,,Número usado para dirigir electrónicamente una reclamación de farmacia al procesador correspondiente.,Please read the Rx BIN number from your insurance card.,,Medical Verbs — lista proporcionada por el usuario,documento-local:medical-verbs-user-list-2026-07-28,Borrador,,,"Importado de la lista Medical Verbs, fila 18.",Acrónimo,Medical Verbs,Lista bilingüe proporcionada por el usuario; requiere revisión profesional.,Número BIN de beneficios de farmacia,,,Número de identificación de beneficios para recetas,Media,Frecuente,Intermedia,Demo,2026-07-28,2026-07-28,2026-07-28,1.0,Importado y normalizado desde Medical Verbs
940,Rx PCN number,Número PCN de control del procesador de recetas,Seguros y trámites,Beneficios de farmacia,PCN,,Número de control de procesador de recetas,,Código que ayuda a identificar el procesador o plan dentro del sistema de beneficios de farmacia.,The pharmacy also needs the Rx PCN number.,,Medical Verbs — lista proporcionada por el usuario,documento-local:medical-verbs-user-list-2026-07-28,Borrador,,,"Importado de la lista Medical Verbs, fila 19.",Acrónimo,Medical Verbs,Lista bilingüe proporcionada por el usuario; requiere revisión profesional.,Número PCN de control del procesador de recetas,,,Número de control de procesador de recetas,Media,Frecuente,Intermedia,Demo,2026-07-28,2026-07-28,2026-07-28,1.0,Importado y normalizado desde Medical Verbs
941,Strain,Hacer fuerza,Atención médica,Instrucciones al paciente,,,,,Acción o expresión clínica que se interpreta como «Hacer fuerza».,The interpreter may hear “Strain” during a medical or administrative encounter.,En este registro se usa como verbo: hacer fuerza; no confundir con distensión muscular.,Medical Verbs — lista proporcionada por el usuario,documento-local:medical-verbs-user-list-2026-07-28,Borrador,,,"Importado de la lista Medical Verbs, fila 22.",Término,Medical Verbs,Lista bilingüe proporcionada por el usuario; requiere revisión profesional.,Hacer fuerza,,,,Alta,Frecuente,Intermedia,Demo,2026-07-28,2026-07-28,2026-07-28,1.0,Importado y normalizado desde Medical Verbs
942,Ticks,Garrapatas,Cuidado domiciliario,Riesgos ambientales,,,,,Artrópodos que pueden adherirse a la piel y transmitir enfermedades.,The interpreter may hear “Ticks” during a medical or administrative encounter.,,Medical Verbs — lista proporcionada por el usuario,documento-local:medical-verbs-user-list-2026-07-28,Borrador,,,"Importado de la lista Medical Verbs, fila 23.",Término,Medical Verbs,Lista bilingüe proporcionada por el usuario; requiere revisión profesional.,Garrapatas,,,,Media,Frecuente,Intermedia,Demo,2026-07-28,2026-07-28,2026-07-28,1.0,Importado y normalizado desde Medical Verbs
943,"Tier 1, 2, 3","Nivel 1, 2, 3",Seguros y trámites,Seguro médico y farmacia,,,,,Niveles de un formulario de medicamentos que suelen corresponder a distintos costos y reglas de cobertura.,This medicine is listed as Tier 2 on your plan.,,Medical Verbs — lista proporcionada por el usuario,documento-local:medical-verbs-user-list-2026-07-28,Borrador,,,"Importado de la lista Medical Verbs, fila 24.",Frase,Medical Verbs,Lista bilingüe proporcionada por el usuario; requiere revisión profesional.,"Nivel 1, 2, 3",,,,Media,Frecuente,Intermedia,Demo,2026-07-28,2026-07-28,2026-07-28,1.0,Importado y normalizado desde Medical Verbs
944,Unearned income,Ingreso no devengado,Seguros y trámites,Asistencia pública,,Unearned Income,Ingreso No Devengado,,"Ingreso recibido sin provenir directamente de trabajo, como ciertos beneficios, intereses o pensiones.",Report any earned and unearned income on the application.,,Medical Verbs — lista proporcionada por el usuario,documento-local:medical-verbs-user-list-2026-07-28,Borrador,,,"Importado de la lista Medical Verbs, fila 25.",Término,Medical Verbs,Lista bilingüe proporcionada por el usuario; requiere revisión profesional.,Ingreso no devengado,,,Ingreso No Devengado,Media,Frecuente,Intermedia,Demo,2026-07-28,2026-07-28,2026-07-28,1.0,Importado y normalizado desde Medical Verbs
945,Vending machine,Máquina expendedora / dispensadora,Contexto,Instalaciones,,Vending Machine,Máquina dispensadora de golosinas,,Máquina que dispensa productos después de recibir un pago.,The interpreter may hear “Vending machine” during a medical or administrative encounter.,,Medical Verbs — lista proporcionada por el usuario,documento-local:medical-verbs-user-list-2026-07-28,Borrador,,,"Importado de la lista Medical Verbs, fila 27.",Término,Medical Verbs,Lista bilingüe proporcionada por el usuario; requiere revisión profesional.,Máquina expendedora,,,Máquina dispensadora de golosinas,Media,Frecuente,Intermedia,Demo,2026-07-28,2026-07-28,2026-07-28,1.0,Importado y normalizado desde Medical Verbs
946,Assist,Ayudar,Atención médica,Acciones generales,,,,,Acción o expresión clínica que se interpreta como «Ayudar».,The interpreter may hear “Assist” during a medical or administrative encounter.,,Medical Verbs — lista proporcionada por el usuario,documento-local:medical-verbs-user-list-2026-07-28,Borrador,,,"Importado de la lista Medical Verbs, fila 29.",Término,Medical Verbs,Lista bilingüe proporcionada por el usuario; requiere revisión profesional.,Ayudar,,,,Alta,Frecuente,Intermedia,Demo,2026-07-28,2026-07-28,2026-07-28,1.0,Importado y normalizado desde Medical Verbs
947,Attend / Go to,Acudir / Asistir (a un lugar),Atención médica,Citas,,,,,Acción o expresión clínica que se interpreta como «Acudir / Asistir (a un lugar)».,The interpreter may hear “Attend / Go to” during a medical or administrative encounter.,Attend suele significar asistir o acudir; no siempre equivale a atender a un paciente.,Medical Verbs — lista proporcionada por el usuario,documento-local:medical-verbs-user-list-2026-07-28,Borrador,,,"Importado de la lista Medical Verbs, fila 30.",Frase,Medical Verbs,Lista bilingüe proporcionada por el usuario; requiere revisión profesional.,Acudir,,,,Alta,Frecuente,Intermedia,Demo,2026-07-28,2026-07-28,2026-07-28,1.0,Importado y normalizado desde Medical Verbs
948,Auscultate,Auscultar,Procedimientos,Examen físico,,,,,Acción o expresión clínica que se interpreta como «Auscultar».,The interpreter may hear “Auscultate” during a medical or administrative encounter.,,Medical Verbs — lista proporcionada por el usuario,documento-local:medical-verbs-user-list-2026-07-28,Borrador,,,"Importado de la lista Medical Verbs, fila 31.",Término,Medical Verbs,Lista bilingüe proporcionada por el usuario; requiere revisión profesional.,Auscultar,,,,Alta,Frecuente,Intermedia,Demo,2026-07-28,2026-07-28,2026-07-28,1.0,Importado y normalizado desde Medical Verbs
949,Bleed,Sangrar,Síntomas,Signos y evolución,,,,,Acción o expresión clínica que se interpreta como «Sangrar».,The interpreter may hear “Bleed” during a medical or administrative encounter.,,Medical Verbs — lista proporcionada por el usuario,documento-local:medical-verbs-user-list-2026-07-28,Borrador,,,"Importado de la lista Medical Verbs, fila 32.",Término,Medical Verbs,Lista bilingüe proporcionada por el usuario; requiere revisión profesional.,Sangrar,,,,Alta,Frecuente,Intermedia,Demo,2026-07-28,2026-07-28,2026-07-28,1.0,Importado y normalizado desde Medical Verbs
950,Blow your nose,Soplarse la nariz,Cuidado domiciliario,Autocuidado,,Blow the nose,,,Acción o expresión clínica que se interpreta como «Soplarse la nariz».,The interpreter may hear “Blow your nose” during a medical or administrative encounter.,,Medical Verbs — lista proporcionada por el usuario,documento-local:medical-verbs-user-list-2026-07-28,Borrador,,,"Importado de la lista Medical Verbs, fila 33.",Frase,Medical Verbs,Lista bilingüe proporcionada por el usuario; requiere revisión profesional.,Soplarse la nariz,,,,Media,Frecuente,Intermedia,Demo,2026-07-28,2026-07-28,2026-07-28,1.0,Importado y normalizado desde Medical Verbs
951,Burp,Eructar,Maternidad y pediatría,"Alimentación, desarrollo y parto",,,,,Acción o expresión clínica que se interpreta como «Eructar».,The interpreter may hear “Burp” during a medical or administrative encounter.,,Medical Verbs — lista proporcionada por el usuario,documento-local:medical-verbs-user-list-2026-07-28,Borrador,,,"Importado de la lista Medical Verbs, fila 36.",Término,Medical Verbs,Lista bilingüe proporcionada por el usuario; requiere revisión profesional.,Eructar,,,,Alta,Frecuente,Intermedia,Demo,2026-07-28,2026-07-28,2026-07-28,1.0,Importado y normalizado desde Medical Verbs
952,Call in a prescription,Enviar / llamar una receta a la farmacia,Medicamentos,Farmacia,,Call in the prescription,Enviar la receta,,Acción o expresión clínica que se interpreta como «Enviar / llamar una receta a la farmacia».,The interpreter may hear “Call in a prescription” during a medical or administrative encounter.,,Medical Verbs — lista proporcionada por el usuario,documento-local:medical-verbs-user-list-2026-07-28,Borrador,,,"Importado de la lista Medical Verbs, fila 37.",Frase,Medical Verbs,Lista bilingüe proporcionada por el usuario; requiere revisión profesional.,Enviar,,,Enviar la receta,Alta,Frecuente,Intermedia,Demo,2026-07-28,2026-07-28,2026-07-28,1.0,Importado y normalizado desde Medical Verbs
953,Calm down,Calmarse,Comunicación OPI,Comunicación y coordinación,,,,,Acción o expresión clínica que se interpreta como «Calmarse».,The interpreter may hear “Calm down” during a medical or administrative encounter.,,Medical Verbs — lista proporcionada por el usuario,documento-local:medical-verbs-user-list-2026-07-28,Borrador,,,"Importado de la lista Medical Verbs, fila 38.",Término,Medical Verbs,Lista bilingüe proporcionada por el usuario; requiere revisión profesional.,Calmarse,,,,Media,Frecuente,Intermedia,Demo,2026-07-28,2026-07-28,2026-07-28,1.0,Importado y normalizado desde Medical Verbs
954,Chew,Masticar,Atención médica,Alimentación y digestión,,,,,Acción o expresión clínica que se interpreta como «Masticar».,The interpreter may hear “Chew” during a medical or administrative encounter.,,Medical Verbs — lista proporcionada por el usuario,documento-local:medical-verbs-user-list-2026-07-28,Borrador,,,"Importado de la lista Medical Verbs, fila 39.",Término,Medical Verbs,Lista bilingüe proporcionada por el usuario; requiere revisión profesional.,Masticar,,,,Alta,Frecuente,Intermedia,Demo,2026-07-28,2026-07-28,2026-07-28,1.0,Importado y normalizado desde Medical Verbs
955,Conduct,Conducir / Llevar a cabo,Atención médica,Acciones generales,,,,,Acción o expresión clínica que se interpreta como «Conducir / Llevar a cabo».,The interpreter may hear “Conduct” during a medical or administrative encounter.,Puede significar conducir un vehículo o llevar a cabo una actividad.,Medical Verbs — lista proporcionada por el usuario,documento-local:medical-verbs-user-list-2026-07-28,Borrador,,,"Importado de la lista Medical Verbs, fila 40.",Término,Medical Verbs,Lista bilingüe proporcionada por el usuario; requiere revisión profesional.,Conducir,,,,Alta,Frecuente,Intermedia,Demo,2026-07-28,2026-07-28,2026-07-28,1.0,Importado y normalizado desde Medical Verbs
956,Crawl,Arrastrarse / Gatear,Maternidad y pediatría,"Alimentación, desarrollo y parto",,,,,Acción o expresión clínica que se interpreta como «Arrastrarse / Gatear».,The interpreter may hear “Crawl” during a medical or administrative encounter.,,Medical Verbs — lista proporcionada por el usuario,documento-local:medical-verbs-user-list-2026-07-28,Borrador,,,"Importado de la lista Medical Verbs, fila 41.",Término,Medical Verbs,Lista bilingüe proporcionada por el usuario; requiere revisión profesional.,Arrastrarse,,,,Alta,Frecuente,Intermedia,Demo,2026-07-28,2026-07-28,2026-07-28,1.0,Importado y normalizado desde Medical Verbs
957,Deliver,Entregar / dar a luz,Maternidad y pediatría,"Alimentación, desarrollo y parto",,,"Parir; entregar; Entregar / Parir, Dar a luz",,Acción o expresión clínica que se interpreta como «Entregar / dar a luz».,The interpreter may hear “Deliver” during a medical or administrative encounter.,Distinguir entregar de dar a luz según el contexto.,Medical Verbs — lista proporcionada por el usuario,documento-local:medical-verbs-user-list-2026-07-28,Borrador,,,"Importado de la lista Medical Verbs, fila 42.",Término,Medical Verbs,Lista bilingüe proporcionada por el usuario; requiere revisión profesional.,Entregar,,,"Parir; entregar; Entregar / Parir, Dar a luz",Alta,Frecuente,Intermedia,Demo,2026-07-28,2026-07-28,2026-07-28,1.0,Importado y normalizado desde Medical Verbs
958,Disinfect,Desinfectar,Cuidado domiciliario,Preparación e higiene,,Desinfect,,,Acción o expresión clínica que se interpreta como «Desinfectar».,The interpreter may hear “Disinfect” during a medical or administrative encounter.,,Medical Verbs — lista proporcionada por el usuario,documento-local:medical-verbs-user-list-2026-07-28,Borrador,,,"Importado de la lista Medical Verbs, fila 43. Se corrigió la grafía inglesa Desinfect → Disinfect.",Término,Medical Verbs,Lista bilingüe proporcionada por el usuario; requiere revisión profesional.,Desinfectar,,,,Media,Frecuente,Intermedia,Demo,2026-07-28,2026-07-28,2026-07-28,1.0,Importado y normalizado desde Medical Verbs
959,Diagnose,Diagnosticar,Atención médica,Diagnóstico,,,,,Acción o expresión clínica que se interpreta como «Diagnosticar».,The interpreter may hear “Diagnose” during a medical or administrative encounter.,,Medical Verbs — lista proporcionada por el usuario,documento-local:medical-verbs-user-list-2026-07-28,Borrador,,,"Importado de la lista Medical Verbs, fila 44.",Término,Medical Verbs,Lista bilingüe proporcionada por el usuario; requiere revisión profesional.,Diagnosticar,,,,Alta,Frecuente,Intermedia,Demo,2026-07-28,2026-07-28,2026-07-28,1.0,Importado y normalizado desde Medical Verbs
960,Dislocate / dislodge,Dislocar / desprender,Atención médica,Lesiones y violencia,,Dislocate / Dislodge,Dislocar,,Acción o expresión clínica que se interpreta como «Dislocar / desprender».,The interpreter may hear “Dislocate / dislodge” during a medical or administrative encounter.,,Medical Verbs — lista proporcionada por el usuario,documento-local:medical-verbs-user-list-2026-07-28,Borrador,,,"Importado de la lista Medical Verbs, fila 45.",Frase,Medical Verbs,Lista bilingüe proporcionada por el usuario; requiere revisión profesional.,Dislocar,,,Dislocar,Alta,Frecuente,Intermedia,Demo,2026-07-28,2026-07-28,2026-07-28,1.0,Importado y normalizado desde Medical Verbs
961,Perform surgery,Hacer / realizar una cirugía,Procedimientos,Procedimientos clínicos,,Do surgery,Hacer una cirugía,,Acción o expresión clínica que se interpreta como «Hacer / realizar una cirugía».,The interpreter may hear “Perform surgery” during a medical or administrative encounter.,,Medical Verbs — lista proporcionada por el usuario,documento-local:medical-verbs-user-list-2026-07-28,Borrador,,,"Importado de la lista Medical Verbs, fila 46. Se normalizó a Perform surgery.",Término,Medical Verbs,Lista bilingüe proporcionada por el usuario; requiere revisión profesional.,Hacer,,,Hacer una cirugía,Alta,Frecuente,Intermedia,Demo,2026-07-28,2026-07-28,2026-07-28,1.0,Importado y normalizado desde Medical Verbs
962,Draw blood,Sacar sangre,Procedimientos,Procedimientos clínicos,,,,,Acción o expresión clínica que se interpreta como «Sacar sangre».,The interpreter may hear “Draw blood” during a medical or administrative encounter.,,Medical Verbs — lista proporcionada por el usuario,documento-local:medical-verbs-user-list-2026-07-28,Borrador,,,"Importado de la lista Medical Verbs, fila 47.",Término,Medical Verbs,Lista bilingüe proporcionada por el usuario; requiere revisión profesional.,Sacar sangre,,,,Alta,Frecuente,Intermedia,Demo,2026-07-28,2026-07-28,2026-07-28,1.0,Importado y normalizado desde Medical Verbs
963,Exhale,Exhalar,Atención médica,Respiración e instrucciones,,,,,Acción o expresión clínica que se interpreta como «Exhalar».,The interpreter may hear “Exhale” during a medical or administrative encounter.,,Medical Verbs — lista proporcionada por el usuario,documento-local:medical-verbs-user-list-2026-07-28,Borrador,,,"Importado de la lista Medical Verbs, fila 49.",Término,Medical Verbs,Lista bilingüe proporcionada por el usuario; requiere revisión profesional.,Exhalar,,,,Alta,Frecuente,Intermedia,Demo,2026-07-28,2026-07-28,2026-07-28,1.0,Importado y normalizado desde Medical Verbs
964,Ejaculate,Eyacular,Condiciones,Salud sexual,,,,,Acción o expresión clínica que se interpreta como «Eyacular».,The interpreter may hear “Ejaculate” during a medical or administrative encounter.,,Medical Verbs — lista proporcionada por el usuario,documento-local:medical-verbs-user-list-2026-07-28,Borrador,,,"Importado de la lista Medical Verbs, fila 50.",Término,Medical Verbs,Lista bilingüe proporcionada por el usuario; requiere revisión profesional.,Eyacular,,,,Alta,Frecuente,Intermedia,Demo,2026-07-28,2026-07-28,2026-07-28,1.0,Importado y normalizado desde Medical Verbs
965,Faint / pass out,Desmayarse,Síntomas,Signos y evolución,,Faint / Pass out,,,Acción o expresión clínica que se interpreta como «Desmayarse».,The interpreter may hear “Faint / pass out” during a medical or administrative encounter.,,Medical Verbs — lista proporcionada por el usuario,documento-local:medical-verbs-user-list-2026-07-28,Borrador,,,"Importado de la lista Medical Verbs, fila 51.",Frase,Medical Verbs,Lista bilingüe proporcionada por el usuario; requiere revisión profesional.,Desmayarse,,,,Alta,Frecuente,Intermedia,Demo,2026-07-28,2026-07-28,2026-07-28,1.0,Importado y normalizado desde Medical Verbs
966,Frigidity,Frigidez,Condiciones,Salud sexual,,,Frigidéz,,Término tradicional para disminución o ausencia de respuesta o deseo sexual; puede resultar impreciso o estigmatizante.,The interpreter may hear “Frigidity” during a medical or administrative encounter.,Término potencialmente estigmatizante; prefiera una descripción clínica específica cuando sea posible.,Medical Verbs — lista proporcionada por el usuario,documento-local:medical-verbs-user-list-2026-07-28,Borrador,,,"Importado de la lista Medical Verbs, fila 53. Se corrigió la tilde incorrecta de la forma española.",Término,Medical Verbs,Lista bilingüe proporcionada por el usuario; requiere revisión profesional.,Frigidez,,,Frigidéz,Alta,Frecuente,Intermedia,Demo,2026-07-28,2026-07-28,2026-07-28,1.0,Importado y normalizado desde Medical Verbs
967,Frown,Fruncir el ceño,Atención médica,Expresión y conducta,,,,,Acción o expresión clínica que se interpreta como «Fruncir el ceño».,The interpreter may hear “Frown” during a medical or administrative encounter.,,Medical Verbs — lista proporcionada por el usuario,documento-local:medical-verbs-user-list-2026-07-28,Borrador,,,"Importado de la lista Medical Verbs, fila 54.",Término,Medical Verbs,Lista bilingüe proporcionada por el usuario; requiere revisión profesional.,Fruncir el ceño,,,,Alta,Frecuente,Intermedia,Demo,2026-07-28,2026-07-28,2026-07-28,1.0,Importado y normalizado desde Medical Verbs
968,Gasp,Jadear,Síntomas,Signos y evolución,,,,,Acción o expresión clínica que se interpreta como «Jadear».,The interpreter may hear “Gasp” during a medical or administrative encounter.,,Medical Verbs — lista proporcionada por el usuario,documento-local:medical-verbs-user-list-2026-07-28,Borrador,,,"Importado de la lista Medical Verbs, fila 55.",Término,Medical Verbs,Lista bilingüe proporcionada por el usuario; requiere revisión profesional.,Jadear,,,,Alta,Frecuente,Intermedia,Demo,2026-07-28,2026-07-28,2026-07-28,1.0,Importado y normalizado desde Medical Verbs
969,Get admitted,Ser ingresado,Atención médica,Ingreso hospitalario,,,,,Acción o expresión clínica que se interpreta como «Ser ingresado».,The interpreter may hear “Get admitted” during a medical or administrative encounter.,,Medical Verbs — lista proporcionada por el usuario,documento-local:medical-verbs-user-list-2026-07-28,Borrador,,,"Importado de la lista Medical Verbs, fila 56.",Término,Medical Verbs,Lista bilingüe proporcionada por el usuario; requiere revisión profesional.,Ser ingresado,,,,Alta,Frecuente,Intermedia,Demo,2026-07-28,2026-07-28,2026-07-28,1.0,Importado y normalizado desde Medical Verbs
970,Get worse / Worsen,Empeorar,Síntomas,Signos y evolución,,,,,Acción o expresión clínica que se interpreta como «Empeorar».,The interpreter may hear “Get worse / Worsen” during a medical or administrative encounter.,,Medical Verbs — lista proporcionada por el usuario,documento-local:medical-verbs-user-list-2026-07-28,Borrador,,,"Importado de la lista Medical Verbs, fila 57.",Frase,Medical Verbs,Lista bilingüe proporcionada por el usuario; requiere revisión profesional.,Empeorar,,,,Alta,Frecuente,Intermedia,Demo,2026-07-28,2026-07-28,2026-07-28,1.0,Importado y normalizado desde Medical Verbs
971,Give a shot / an injection,Poner / administrar una inyección,Procedimientos,Procedimientos clínicos,,,Poner una inyección,,Acción o expresión clínica que se interpreta como «Poner / administrar una inyección».,The interpreter may hear “Give a shot / an injection” during a medical or administrative encounter.,,Medical Verbs — lista proporcionada por el usuario,documento-local:medical-verbs-user-list-2026-07-28,Borrador,,,"Importado de la lista Medical Verbs, fila 58.",Frase,Medical Verbs,Lista bilingüe proporcionada por el usuario; requiere revisión profesional.,Poner,,,Poner una inyección,Alta,Frecuente,Intermedia,Demo,2026-07-28,2026-07-28,2026-07-28,1.0,Importado y normalizado desde Medical Verbs
972,Hit / strike (with / against),Golpear (con / contra),Atención médica,Lesiones y violencia,,Hit / Strike (with / against),,,Acción o expresión clínica que se interpreta como «Golpear (con / contra)».,The interpreter may hear “Hit / strike (with / against)” during a medical or administrative encounter.,,Medical Verbs — lista proporcionada por el usuario,documento-local:medical-verbs-user-list-2026-07-28,Borrador,,,"Importado de la lista Medical Verbs, fila 59.",Frase,Medical Verbs,Lista bilingüe proporcionada por el usuario; requiere revisión profesional.,Golpear (con,,,,Alta,Frecuente,Intermedia,Demo,2026-07-28,2026-07-28,2026-07-28,1.0,Importado y normalizado desde Medical Verbs
973,Hold,Sostener / Aguantar,Atención médica,Acciones generales,,,,,Acción o expresión clínica que se interpreta como «Sostener / Aguantar».,The interpreter may hear “Hold” during a medical or administrative encounter.,,Medical Verbs — lista proporcionada por el usuario,documento-local:medical-verbs-user-list-2026-07-28,Borrador,,,"Importado de la lista Medical Verbs, fila 60.",Término,Medical Verbs,Lista bilingüe proporcionada por el usuario; requiere revisión profesional.,Sostener,,,,Alta,Frecuente,Intermedia,Demo,2026-07-28,2026-07-28,2026-07-28,1.0,Importado y normalizado desde Medical Verbs
974,Hold on (the line),Esperar en la línea,Comunicación OPI,Comunicación y coordinación,,,Esperar en línea,,Acción o expresión clínica que se interpreta como «Esperar en la línea».,The interpreter may hear “Hold on (the line)” during a medical or administrative encounter.,,Medical Verbs — lista proporcionada por el usuario,documento-local:medical-verbs-user-list-2026-07-28,Borrador,,,"Importado de la lista Medical Verbs, fila 61.",Frase,Medical Verbs,Lista bilingüe proporcionada por el usuario; requiere revisión profesional.,Esperar en la línea,,,Esperar en línea,Media,Frecuente,Intermedia,Demo,2026-07-28,2026-07-28,2026-07-28,1.0,Importado y normalizado desde Medical Verbs
975,Increase,Incrementar / Subir,Atención médica,Acciones generales,,,,,Acción o expresión clínica que se interpreta como «Incrementar / Subir».,The interpreter may hear “Increase” during a medical or administrative encounter.,,Medical Verbs — lista proporcionada por el usuario,documento-local:medical-verbs-user-list-2026-07-28,Borrador,,,"Importado de la lista Medical Verbs, fila 62.",Término,Medical Verbs,Lista bilingüe proporcionada por el usuario; requiere revisión profesional.,Incrementar,,,,Alta,Frecuente,Intermedia,Demo,2026-07-28,2026-07-28,2026-07-28,1.0,Importado y normalizado desde Medical Verbs
976,Inhale,Inhalar,Atención médica,Respiración e instrucciones,,,,,Acción o expresión clínica que se interpreta como «Inhalar».,The interpreter may hear “Inhale” during a medical or administrative encounter.,,Medical Verbs — lista proporcionada por el usuario,documento-local:medical-verbs-user-list-2026-07-28,Borrador,,,"Importado de la lista Medical Verbs, fila 63.",Término,Medical Verbs,Lista bilingüe proporcionada por el usuario; requiere revisión profesional.,Inhalar,,,,Alta,Frecuente,Intermedia,Demo,2026-07-28,2026-07-28,2026-07-28,1.0,Importado y normalizado desde Medical Verbs
977,Inject,Inyectar,Procedimientos,Procedimientos clínicos,,Inyect,,,Acción o expresión clínica que se interpreta como «Inyectar».,The interpreter may hear “Inject” during a medical or administrative encounter.,,Medical Verbs — lista proporcionada por el usuario,documento-local:medical-verbs-user-list-2026-07-28,Borrador,,,"Importado de la lista Medical Verbs, fila 64. Se corrigió la grafía inglesa Inyect → Inject.",Término,Medical Verbs,Lista bilingüe proporcionada por el usuario; requiere revisión profesional.,Inyectar,,,,Alta,Frecuente,Intermedia,Demo,2026-07-28,2026-07-28,2026-07-28,1.0,Importado y normalizado desde Medical Verbs
978,Keep down / tolerate,Retener / tolerar (alimentos o líquidos),Atención médica,Alimentación y digestión,,Keep down / Tolerate,Mantener / tolerar (stomach),,Acción o expresión clínica que se interpreta como «Retener / tolerar (alimentos o líquidos)».,The interpreter may hear “Keep down / tolerate” during a medical or administrative encounter.,,Medical Verbs — lista proporcionada por el usuario,documento-local:medical-verbs-user-list-2026-07-28,Borrador,,,"Importado de la lista Medical Verbs, fila 65.",Frase,Medical Verbs,Lista bilingüe proporcionada por el usuario; requiere revisión profesional.,Retener,,,Mantener / tolerar (stomach),Alta,Frecuente,Intermedia,Demo,2026-07-28,2026-07-28,2026-07-28,1.0,Importado y normalizado desde Medical Verbs
979,Kneel,Arrodillarse,Atención médica,Movimiento y posición,,,,,Acción o expresión clínica que se interpreta como «Arrodillarse».,The interpreter may hear “Kneel” during a medical or administrative encounter.,,Medical Verbs — lista proporcionada por el usuario,documento-local:medical-verbs-user-list-2026-07-28,Borrador,,,"Importado de la lista Medical Verbs, fila 66.",Término,Medical Verbs,Lista bilingüe proporcionada por el usuario; requiere revisión profesional.,Arrodillarse,,,,Alta,Frecuente,Intermedia,Demo,2026-07-28,2026-07-28,2026-07-28,1.0,Importado y normalizado desde Medical Verbs
980,Latch on,Agarrarse al pecho,Maternidad y pediatría,"Alimentación, desarrollo y parto",,,Agarrar el pecho (recién nacido); Agarrar el pecho (newborn),,Acción o expresión clínica que se interpreta como «Agarrarse al pecho».,The interpreter may hear “Latch on” during a medical or administrative encounter.,,Medical Verbs — lista proporcionada por el usuario,documento-local:medical-verbs-user-list-2026-07-28,Borrador,,,"Importado de la lista Medical Verbs, fila 67.",Término,Medical Verbs,Lista bilingüe proporcionada por el usuario; requiere revisión profesional.,Agarrarse al pecho,,,Agarrar el pecho (recién nacido); Agarrar el pecho (newborn),Alta,Frecuente,Intermedia,Demo,2026-07-28,2026-07-28,2026-07-28,1.0,Importado y normalizado desde Medical Verbs
981,Lie down,Acostarse,Atención médica,Movimiento y posición,,Lay down,,,Acción o expresión clínica que se interpreta como «Acostarse».,The interpreter may hear “Lie down” during a medical or administrative encounter.,"Para indicar que una persona se acueste, la forma gramatical estándar es lie down.",Medical Verbs — lista proporcionada por el usuario,documento-local:medical-verbs-user-list-2026-07-28,Borrador,,,"Importado de la lista Medical Verbs, fila 68. Se normalizó la instrucción a Lie down; Lay down se conserva como variante frecuente.",Término,Medical Verbs,Lista bilingüe proporcionada por el usuario; requiere revisión profesional.,Acostarse,,,,Alta,Frecuente,Intermedia,Demo,2026-07-28,2026-07-28,2026-07-28,1.0,Importado y normalizado desde Medical Verbs
982,Lie on your back / lie back,Acostarse boca arriba,Atención médica,Movimiento y posición,,Lay on your back; lay back; Lay on your back / Lay back,,,Acción o expresión clínica que se interpreta como «Acostarse boca arriba».,The interpreter may hear “Lie on your back / lie back” during a medical or administrative encounter.,"Para describir la posición del paciente, la forma estándar es lie on your back.",Medical Verbs — lista proporcionada por el usuario,documento-local:medical-verbs-user-list-2026-07-28,Borrador,,,"Importado de la lista Medical Verbs, fila 69. Se normalizó lay → lie para la posición del propio cuerpo.",Frase,Medical Verbs,Lista bilingüe proporcionada por el usuario; requiere revisión profesional.,Acostarse boca arriba,,,,Alta,Frecuente,Intermedia,Demo,2026-07-28,2026-07-28,2026-07-28,1.0,Importado y normalizado desde Medical Verbs
983,Lift,Levantar,Atención médica,Movimiento y posición,,,,,Acción o expresión clínica que se interpreta como «Levantar».,The interpreter may hear “Lift” during a medical or administrative encounter.,,Medical Verbs — lista proporcionada por el usuario,documento-local:medical-verbs-user-list-2026-07-28,Borrador,,,"Importado de la lista Medical Verbs, fila 70.",Término,Medical Verbs,Lista bilingüe proporcionada por el usuario; requiere revisión profesional.,Levantar,,,,Alta,Frecuente,Intermedia,Demo,2026-07-28,2026-07-28,2026-07-28,1.0,Importado y normalizado desde Medical Verbs
984,Limp,Cojear,Síntomas,Signos y evolución,,,,,Acción o expresión clínica que se interpreta como «Cojear».,The interpreter may hear “Limp” during a medical or administrative encounter.,,Medical Verbs — lista proporcionada por el usuario,documento-local:medical-verbs-user-list-2026-07-28,Borrador,,,"Importado de la lista Medical Verbs, fila 71.",Término,Medical Verbs,Lista bilingüe proporcionada por el usuario; requiere revisión profesional.,Cojear,,,,Alta,Frecuente,Intermedia,Demo,2026-07-28,2026-07-28,2026-07-28,1.0,Importado y normalizado desde Medical Verbs
985,Lose balance,Perder el equilibrio,Síntomas,Signos y evolución,,Loose balance,,,Acción o expresión clínica que se interpreta como «Perder el equilibrio».,The interpreter may hear “Lose balance” during a medical or administrative encounter.,"La forma verbal correcta es lose, no loose.",Medical Verbs — lista proporcionada por el usuario,documento-local:medical-verbs-user-list-2026-07-28,Borrador,,,"Importado de la lista Medical Verbs, fila 72. Se corrigió loose → lose.",Término,Medical Verbs,Lista bilingüe proporcionada por el usuario; requiere revisión profesional.,Perder el equilibrio,,,,Alta,Frecuente,Intermedia,Demo,2026-07-28,2026-07-28,2026-07-28,1.0,Importado y normalizado desde Medical Verbs
986,Lose consciousness,Perder el conocimiento,Síntomas,Signos y evolución,,Loose consciousness,,,Acción o expresión clínica que se interpreta como «Perder el conocimiento».,The interpreter may hear “Lose consciousness” during a medical or administrative encounter.,"La forma verbal correcta es lose, no loose.",Medical Verbs — lista proporcionada por el usuario,documento-local:medical-verbs-user-list-2026-07-28,Borrador,,,"Importado de la lista Medical Verbs, fila 73. Se corrigió loose → lose.",Término,Medical Verbs,Lista bilingüe proporcionada por el usuario; requiere revisión profesional.,Perder el conocimiento,,,,Alta,Frecuente,Intermedia,Demo,2026-07-28,2026-07-28,2026-07-28,1.0,Importado y normalizado desde Medical Verbs
987,Lower / Decrease,Bajar / Disminuir,Atención médica,Acciones generales,,,,,Acción o expresión clínica que se interpreta como «Bajar / Disminuir».,The interpreter may hear “Lower / Decrease” during a medical or administrative encounter.,,Medical Verbs — lista proporcionada por el usuario,documento-local:medical-verbs-user-list-2026-07-28,Borrador,,,"Importado de la lista Medical Verbs, fila 74.",Frase,Medical Verbs,Lista bilingüe proporcionada por el usuario; requiere revisión profesional.,Bajar,,,,Alta,Frecuente,Intermedia,Demo,2026-07-28,2026-07-28,2026-07-28,1.0,Importado y normalizado desde Medical Verbs
988,Make a fist,Cerrar el puño,Atención médica,Instrucciones al paciente,,,Apuñar la mano; empuñar la mano,,Acción o expresión clínica que se interpreta como «Cerrar el puño».,The interpreter may hear “Make a fist” during a medical or administrative encounter.,,Medical Verbs — lista proporcionada por el usuario,documento-local:medical-verbs-user-list-2026-07-28,Borrador,,,"Importado de la lista Medical Verbs, fila 75.",Frase,Medical Verbs,Lista bilingüe proporcionada por el usuario; requiere revisión profesional.,Cerrar el puño,,,Apuñar la mano; empuñar la mano,Alta,Frecuente,Intermedia,Demo,2026-07-28,2026-07-28,2026-07-28,1.0,Importado y normalizado desde Medical Verbs
989,Masturbate,Masturbar,Condiciones,Salud sexual,,,,,Acción o expresión clínica que se interpreta como «Masturbar».,The interpreter may hear “Masturbate” during a medical or administrative encounter.,,Medical Verbs — lista proporcionada por el usuario,documento-local:medical-verbs-user-list-2026-07-28,Borrador,,,"Importado de la lista Medical Verbs, fila 76.",Término,Medical Verbs,Lista bilingüe proporcionada por el usuario; requiere revisión profesional.,Masturbar,,,,Alta,Frecuente,Intermedia,Demo,2026-07-28,2026-07-28,2026-07-28,1.0,Importado y normalizado desde Medical Verbs
990,Miss a dose,Perder / olvidar una dosis,Medicamentos,Farmacia,,Miss a dosage,Perder / Olvidar una dosis,,Acción o expresión clínica que se interpreta como «Perder / olvidar una dosis».,The interpreter may hear “Miss a dose” during a medical or administrative encounter.,,Medical Verbs — lista proporcionada por el usuario,documento-local:medical-verbs-user-list-2026-07-28,Borrador,,,"Importado de la lista Medical Verbs, fila 77. Se normalizó dosage → dose en esta expresión.",Frase,Medical Verbs,Lista bilingüe proporcionada por el usuario; requiere revisión profesional.,Perder,,,Perder / Olvidar una dosis,Alta,Frecuente,Intermedia,Demo,2026-07-28,2026-07-28,2026-07-28,1.0,Importado y normalizado desde Medical Verbs
991,Mix / stir,Mezclar,Cuidado domiciliario,Preparación e higiene,,Mix; stir; steer; Mix / Steer,,,Acción o expresión clínica que se interpreta como «Mezclar».,The interpreter may hear “Mix / stir” during a medical or administrative encounter.,La forma correcta para mezclar es stir; steer significa dirigir o conducir.,Medical Verbs — lista proporcionada por el usuario,documento-local:medical-verbs-user-list-2026-07-28,Borrador,,,"Importado de la lista Medical Verbs, fila 78. Steer se interpretó como una errata de stir y se conservó como forma de la fuente.",Frase,Medical Verbs,Lista bilingüe proporcionada por el usuario; requiere revisión profesional.,Mezclar,,,,Media,Frecuente,Intermedia,Demo,2026-07-28,2026-07-28,2026-07-28,1.0,Importado y normalizado desde Medical Verbs
992,Move backward / back up (body movement),Retroceder,Atención médica,Movimiento y posición,,Move backwards; back up; Move backwards / Back up,,,Acción o expresión clínica que se interpreta como «Retroceder».,The interpreter may hear “Move backward / back up (body movement)” during a medical or administrative encounter.,,Medical Verbs — lista proporcionada por el usuario,documento-local:medical-verbs-user-list-2026-07-28,Borrador,,,"Importado de la lista Medical Verbs, fila 79. Se especificó body movement para diferenciarlo de conducir un vehículo.",Frase,Medical Verbs,Lista bilingüe proporcionada por el usuario; requiere revisión profesional.,Retroceder,,,,Alta,Frecuente,Intermedia,Demo,2026-07-28,2026-07-28,2026-07-28,1.0,Importado y normalizado desde Medical Verbs
993,Move forward,Avanzar / ir hacia adelante,Atención médica,Movimiento y posición,,,Avanzar / Ir hacia adelante,,Acción o expresión clínica que se interpreta como «Avanzar / ir hacia adelante».,The interpreter may hear “Move forward” during a medical or administrative encounter.,,Medical Verbs — lista proporcionada por el usuario,documento-local:medical-verbs-user-list-2026-07-28,Borrador,,,"Importado de la lista Medical Verbs, fila 80.",Término,Medical Verbs,Lista bilingüe proporcionada por el usuario; requiere revisión profesional.,Avanzar,,,Avanzar / Ir hacia adelante,Alta,Frecuente,Intermedia,Demo,2026-07-28,2026-07-28,2026-07-28,1.0,Importado y normalizado desde Medical Verbs
994,Move the bowels / defecate,Defecar / evacuar,Atención médica,Alimentación y digestión,,Move the bowels / Defecate,Defecar,,Acción o expresión clínica que se interpreta como «Defecar / evacuar».,The interpreter may hear “Move the bowels / defecate” during a medical or administrative encounter.,,Medical Verbs — lista proporcionada por el usuario,documento-local:medical-verbs-user-list-2026-07-28,Borrador,,,"Importado de la lista Medical Verbs, fila 81.",Frase,Medical Verbs,Lista bilingüe proporcionada por el usuario; requiere revisión profesional.,Defecar,,,Defecar,Alta,Frecuente,Intermedia,Demo,2026-07-28,2026-07-28,2026-07-28,1.0,Importado y normalizado desde Medical Verbs
995,Prick / poke,Pinchar / picar (con aguja),Procedimientos,Procedimientos clínicos,,Prick / Poke,Puyar; Puyar / Picar (con aguja),,Acción o expresión clínica que se interpreta como «Pinchar / picar (con aguja)».,The interpreter may hear “Prick / poke” during a medical or administrative encounter.,,Medical Verbs — lista proporcionada por el usuario,documento-local:medical-verbs-user-list-2026-07-28,Borrador,,,"Importado de la lista Medical Verbs, fila 82.",Frase,Medical Verbs,Lista bilingüe proporcionada por el usuario; requiere revisión profesional.,Pinchar,,,Puyar; Puyar / Picar (con aguja),Alta,Frecuente,Intermedia,Demo,2026-07-28,2026-07-28,2026-07-28,1.0,Importado y normalizado desde Medical Verbs
996,Overeat,Comer demasiado,Atención médica,Alimentación y digestión,,Over eat,,,Acción o expresión clínica que se interpreta como «Comer demasiado».,The interpreter may hear “Overeat” during a medical or administrative encounter.,,Medical Verbs — lista proporcionada por el usuario,documento-local:medical-verbs-user-list-2026-07-28,Borrador,,,"Importado de la lista Medical Verbs, fila 83. Se normalizó over eat → overeat.",Término,Medical Verbs,Lista bilingüe proporcionada por el usuario; requiere revisión profesional.,Comer demasiado,,,,Alta,Frecuente,Intermedia,Demo,2026-07-28,2026-07-28,2026-07-28,1.0,Importado y normalizado desde Medical Verbs
997,Overexert oneself,Hacer un esfuerzo excesivo,Cuidado domiciliario,Actividad y esfuerzo,,Over exert; overexercise,Hacer ejercicio en exceso; hacer esfuerzo en exceso; Hacer ejercicio / Esfuerzo en exceso,,Acción o expresión clínica que se interpreta como «Hacer un esfuerzo excesivo».,The interpreter may hear “Overexert oneself” during a medical or administrative encounter.,,Medical Verbs — lista proporcionada por el usuario,documento-local:medical-verbs-user-list-2026-07-28,Borrador,,,"Importado de la lista Medical Verbs, fila 84. Se normalizó la expresión verbal.",Término,Medical Verbs,Lista bilingüe proporcionada por el usuario; requiere revisión profesional.,Hacer un esfuerzo excesivo,,,Hacer ejercicio en exceso; hacer esfuerzo en exceso; Hacer ejercicio / Esfuerzo en exceso,Media,Frecuente,Intermedia,Demo,2026-07-28,2026-07-28,2026-07-28,1.0,Importado y normalizado desde Medical Verbs
998,Page a doctor,Localizar / avisar al médico,Comunicación OPI,Comunicación y coordinación,,,Mensajear a un doctor,,Acción o expresión clínica que se interpreta como «Localizar / avisar al médico».,The interpreter may hear “Page a doctor” during a medical or administrative encounter.,,Medical Verbs — lista proporcionada por el usuario,documento-local:medical-verbs-user-list-2026-07-28,Borrador,,,"Importado de la lista Medical Verbs, fila 85.",Frase,Medical Verbs,Lista bilingüe proporcionada por el usuario; requiere revisión profesional.,Localizar,,,Mensajear a un doctor,Media,Frecuente,Intermedia,Demo,2026-07-28,2026-07-28,2026-07-28,1.0,Importado y normalizado desde Medical Verbs
999,Pass away / Die,Fallecer / Morir,Atención médica,Fin de vida,,,,,Acción o expresión clínica que se interpreta como «Fallecer / Morir».,The interpreter may hear “Pass away / Die” during a medical or administrative encounter.,,Medical Verbs — lista proporcionada por el usuario,documento-local:medical-verbs-user-list-2026-07-28,Borrador,,,"Importado de la lista Medical Verbs, fila 86.",Frase,Medical Verbs,Lista bilingüe proporcionada por el usuario; requiere revisión profesional.,Fallecer,,,,Alta,Frecuente,Intermedia,Demo,2026-07-28,2026-07-28,2026-07-28,1.0,Importado y normalizado desde Medical Verbs
1000,Point out,Señalar / Indicar,Atención médica,Acciones generales,,,,,Acción o expresión clínica que se interpreta como «Señalar / Indicar».,The interpreter may hear “Point out” during a medical or administrative encounter.,,Medical Verbs — lista proporcionada por el usuario,documento-local:medical-verbs-user-list-2026-07-28,Borrador,,,"Importado de la lista Medical Verbs, fila 87.",Término,Medical Verbs,Lista bilingüe proporcionada por el usuario; requiere revisión profesional.,Señalar,,,,Alta,Frecuente,Intermedia,Demo,2026-07-28,2026-07-28,2026-07-28,1.0,Importado y normalizado desde Medical Verbs
1001,Pour,Verter / Echar,Cuidado domiciliario,Preparación e higiene,,,,,Acción o expresión clínica que se interpreta como «Verter / Echar».,The interpreter may hear “Pour” during a medical or administrative encounter.,,Medical Verbs — lista proporcionada por el usuario,documento-local:medical-verbs-user-list-2026-07-28,Borrador,,,"Importado de la lista Medical Verbs, fila 88.",Término,Medical Verbs,Lista bilingüe proporcionada por el usuario; requiere revisión profesional.,Verter,,,,Media,Frecuente,Intermedia,Demo,2026-07-28,2026-07-28,2026-07-28,1.0,Importado y normalizado desde Medical Verbs
1002,Print out,Imprimir,Comunicación OPI,Comunicación y coordinación,,,,,Acción o expresión clínica que se interpreta como «Imprimir».,The interpreter may hear “Print out” during a medical or administrative encounter.,,Medical Verbs — lista proporcionada por el usuario,documento-local:medical-verbs-user-list-2026-07-28,Borrador,,,"Importado de la lista Medical Verbs, fila 89.",Término,Medical Verbs,Lista bilingüe proporcionada por el usuario; requiere revisión profesional.,Imprimir,,,,Media,Frecuente,Intermedia,Demo,2026-07-28,2026-07-28,2026-07-28,1.0,Importado y normalizado desde Medical Verbs
1003,Punch,Dar un puñetazo,Atención médica,Lesiones y violencia,,,Golpear en la cara,,Acción o expresión clínica que se interpreta como «Dar un puñetazo».,The interpreter may hear “Punch” during a medical or administrative encounter.,Punch significa dar un puñetazo; no implica necesariamente golpear la cara.,Medical Verbs — lista proporcionada por el usuario,documento-local:medical-verbs-user-list-2026-07-28,Borrador,,,"Importado de la lista Medical Verbs, fila 90.",Término,Medical Verbs,Lista bilingüe proporcionada por el usuario; requiere revisión profesional.,Dar un puñetazo,,,Golpear en la cara,Alta,Frecuente,Intermedia,Demo,2026-07-28,2026-07-28,2026-07-28,1.0,Importado y normalizado desde Medical Verbs
1004,Push,Empujar / pujar,Maternidad y pediatría,"Alimentación, desarrollo y parto",,,Empujar / Pujar,,Acción o expresión clínica que se interpreta como «Empujar / pujar».,The interpreter may hear “Push” during a medical or administrative encounter.,Puede significar empujar o pujar durante el parto.,Medical Verbs — lista proporcionada por el usuario,documento-local:medical-verbs-user-list-2026-07-28,Borrador,,,"Importado de la lista Medical Verbs, fila 91.",Término,Medical Verbs,Lista bilingüe proporcionada por el usuario; requiere revisión profesional.,Empujar,,,Empujar / Pujar,Alta,Frecuente,Intermedia,Demo,2026-07-28,2026-07-28,2026-07-28,1.0,Importado y normalizado desde Medical Verbs
1005,Quit smoking,Dejar de fumar,Cuidado domiciliario,Autocuidado,,,,,Acción o expresión clínica que se interpreta como «Dejar de fumar».,The interpreter may hear “Quit smoking” during a medical or administrative encounter.,,Medical Verbs — lista proporcionada por el usuario,documento-local:medical-verbs-user-list-2026-07-28,Borrador,,,"Importado de la lista Medical Verbs, fila 92.",Término,Medical Verbs,Lista bilingüe proporcionada por el usuario; requiere revisión profesional.,Dejar de fumar,,,,Media,Frecuente,Intermedia,Demo,2026-07-28,2026-07-28,2026-07-28,1.0,Importado y normalizado desde Medical Verbs
1006,Rave,Delirar / desvariar,Síntomas,Signos y evolución,,,Delirar / Desvariar,,Acción o expresión clínica que se interpreta como «Delirar / desvariar».,The interpreter may hear “Rave” during a medical or administrative encounter.,Confirmar el contexto; puede describir habla delirante o desvariada.,Medical Verbs — lista proporcionada por el usuario,documento-local:medical-verbs-user-list-2026-07-28,Borrador,,,"Importado de la lista Medical Verbs, fila 93.",Término,Medical Verbs,Lista bilingüe proporcionada por el usuario; requiere revisión profesional.,Delirar,,,Delirar / Desvariar,Alta,Frecuente,Intermedia,Demo,2026-07-28,2026-07-28,2026-07-28,1.0,Importado y normalizado desde Medical Verbs
1007,Refer,Referir / Remitir,Atención médica,Referidos y remisiones,,,,,Acción o expresión clínica que se interpreta como «Referir / Remitir».,The interpreter may hear “Refer” during a medical or administrative encounter.,,Medical Verbs — lista proporcionada por el usuario,documento-local:medical-verbs-user-list-2026-07-28,Borrador,,,"Importado de la lista Medical Verbs, fila 94.",Término,Medical Verbs,Lista bilingüe proporcionada por el usuario; requiere revisión profesional.,Referir,,,,Alta,Frecuente,Intermedia,Demo,2026-07-28,2026-07-28,2026-07-28,1.0,Importado y normalizado desde Medical Verbs
1008,Inherit,Heredar,Condiciones,Antecedentes familiares,,,,,Acción o expresión clínica que se interpreta como «Heredar».,The interpreter may hear “Inherit” during a medical or administrative encounter.,,Medical Verbs — lista proporcionada por el usuario,documento-local:medical-verbs-user-list-2026-07-28,Borrador,,,"Importado de la lista Medical Verbs, fila 95.",Término,Medical Verbs,Lista bilingüe proporcionada por el usuario; requiere revisión profesional.,Heredar,,,,Alta,Frecuente,Intermedia,Demo,2026-07-28,2026-07-28,2026-07-28,1.0,Importado y normalizado desde Medical Verbs
1009,Transplant,Transplante,Procedimientos,Cirugía,,,,,Término de la lista Supplies 1 identificado como «Transplante».,The interpreter may hear “Transplant” during a medical encounter.,,Supplies 1 — Medical Terminology (lista proporcionada por el usuario),documento-local:supplies-1-user-list-2026-07-28,Borrador,,,"Importado de Supplies 1, fila 1. La redacción original se conserva en data/supplies-1-source.csv.",Término,Supplies 1,Lista bilingüe proporcionada por el usuario; requiere revisión terminológica profesional.,Transplante,,,,Alta,Frecuente,Intermedia,Demo,2026-07-28,2026-07-28,2026-07-28,1.0,Importado desde Supplies 1; contenido fuente preservado
1010,Transvaginal Ultrasound,Ultrasonido Transvaginal,Procedimientos,Diagnóstico por imágenes,,,,,Término de la lista Supplies 1 identificado como «Ultrasonido Transvaginal».,The interpreter may hear “Transvaginal Ultrasound” during a medical encounter.,,Supplies 1 — Medical Terminology (lista proporcionada por el usuario),documento-local:supplies-1-user-list-2026-07-28,Borrador,,,"Importado de Supplies 1, fila 2. La redacción original se conserva en data/supplies-1-source.csv.",Término,Supplies 1,Lista bilingüe proporcionada por el usuario; requiere revisión terminológica profesional.,Ultrasonido Transvaginal,,,,Alta,Frecuente,Intermedia,Demo,2026-07-28,2026-07-28,2026-07-28,1.0,Importado desde Supplies 1; contenido fuente preservado
1011,Twilight Anesthesia,Cedacion consciente,Procedimientos,Anestesia,,,,,Término de la lista Supplies 1 identificado como «Cedacion consciente».,The interpreter may hear “Twilight Anesthesia” during a medical encounter.,,Supplies 1 — Medical Terminology (lista proporcionada por el usuario),documento-local:supplies-1-user-list-2026-07-28,Borrador,,,"Importado de Supplies 1, fila 3. La redacción original se conserva en data/supplies-1-source.csv.",Término,Supplies 1,Lista bilingüe proporcionada por el usuario; requiere revisión terminológica profesional.,Cedacion consciente,,,,Alta,Frecuente,Intermedia,Demo,2026-07-28,2026-07-28,2026-07-28,1.0,Importado desde Supplies 1; contenido fuente preservado
1012,Ultrasound,Ultrasonido,Procedimientos,Diagnóstico por imágenes,,,,,Término de la lista Supplies 1 identificado como «Ultrasonido».,The interpreter may hear “Ultrasound” during a medical encounter.,,Supplies 1 — Medical Terminology (lista proporcionada por el usuario),documento-local:supplies-1-user-list-2026-07-28,Borrador,,,"Importado de Supplies 1, fila 4. La redacción original se conserva en data/supplies-1-source.csv.",Término,Supplies 1,Lista bilingüe proporcionada por el usuario; requiere revisión terminológica profesional.,Ultrasonido,,,,Alta,Frecuente,Intermedia,Demo,2026-07-28,2026-07-28,2026-07-28,1.0,Importado desde Supplies 1; contenido fuente preservado
1013,Urine Test,Prueba de orina,Procedimientos,Laboratorio,,,,,Término de la lista Supplies 1 identificado como «Prueba de orina».,The interpreter may hear “Urine Test” during a medical encounter.,,Supplies 1 — Medical Terminology (lista proporcionada por el usuario),documento-local:supplies-1-user-list-2026-07-28,Borrador,,,"Importado de Supplies 1, fila 6. La redacción original se conserva en data/supplies-1-source.csv.",Término,Supplies 1,Lista bilingüe proporcionada por el usuario; requiere revisión terminológica profesional.,Prueba de orina,,,,Alta,Frecuente,Intermedia,Demo,2026-07-28,2026-07-28,2026-07-28,1.0,Importado desde Supplies 1; contenido fuente preservado
1014,Uroculture/ Urine Culture,Urocultivo/ cultivo de orina,Procedimientos,Laboratorio,,,,,Término de la lista Supplies 1 identificado como «Urocultivo/ cultivo de orina».,The interpreter may hear “Uroculture/ Urine Culture” during a medical encounter.,,Supplies 1 — Medical Terminology (lista proporcionada por el usuario),documento-local:supplies-1-user-list-2026-07-28,Borrador,,,"Importado de Supplies 1, fila 7. La redacción original se conserva en data/supplies-1-source.csv.",Frase,Supplies 1,Lista bilingüe proporcionada por el usuario; requiere revisión terminológica profesional.,Urocultivo/ cultivo de orina,,,,Alta,Frecuente,Intermedia,Demo,2026-07-28,2026-07-28,2026-07-28,1.0,Importado desde Supplies 1; contenido fuente preservado
1015,Vaginal Douche,Lavado / ducha vaginal,Procedimientos,Ginecología,,,,,Término de la lista Supplies 1 identificado como «Lavado / ducha vaginal».,The interpreter may hear “Vaginal Douche” during a medical encounter.,,Supplies 1 — Medical Terminology (lista proporcionada por el usuario),documento-local:supplies-1-user-list-2026-07-28,Borrador,,,"Importado de Supplies 1, fila 8. La redacción original se conserva en data/supplies-1-source.csv.",Término,Supplies 1,Lista bilingüe proporcionada por el usuario; requiere revisión terminológica profesional.,Lavado,,,,Alta,Frecuente,Intermedia,Demo,2026-07-28,2026-07-28,2026-07-28,1.0,Importado desde Supplies 1; contenido fuente preservado
1016,Vaginoplasty,Vaginoplastía,Procedimientos,Ginecología,,,,,Término de la lista Supplies 1 identificado como «Vaginoplastía».,The interpreter may hear “Vaginoplasty” during a medical encounter.,,Supplies 1 — Medical Terminology (lista proporcionada por el usuario),documento-local:supplies-1-user-list-2026-07-28,Borrador,,,"Importado de Supplies 1, fila 9. La redacción original se conserva en data/supplies-1-source.csv.",Término,Supplies 1,Lista bilingüe proporcionada por el usuario; requiere revisión terminológica profesional.,Vaginoplastía,,,,Alta,Frecuente,Intermedia,Demo,2026-07-28,2026-07-28,2026-07-28,1.0,Importado desde Supplies 1; contenido fuente preservado
1017,Vital signs check,Revisión de Signos Vitales,Signos vitales,Evaluación,,,,,Término de la lista Supplies 1 identificado como «Revisión de Signos Vitales».,The interpreter may hear “Vital signs check” during a medical encounter.,,Supplies 1 — Medical Terminology (lista proporcionada por el usuario),documento-local:supplies-1-user-list-2026-07-28,Borrador,,,"Importado de Supplies 1, fila 10. La redacción original se conserva en data/supplies-1-source.csv.",Término,Supplies 1,Lista bilingüe proporcionada por el usuario; requiere revisión terminológica profesional.,Revisión de Signos Vitales,,,,Alta,Frecuente,Intermedia,Demo,2026-07-28,2026-07-28,2026-07-28,1.0,Importado desde Supplies 1; contenido fuente preservado
1018,Wound Debridement,Desbridamiento de heridas,Atención médica,Cuidado de heridas,,,,,Término de la lista Supplies 1 identificado como «Desbridamiento de heridas».,The interpreter may hear “Wound Debridement” during a medical encounter.,,Supplies 1 — Medical Terminology (lista proporcionada por el usuario),documento-local:supplies-1-user-list-2026-07-28,Borrador,,,"Importado de Supplies 1, fila 11. La redacción original se conserva en data/supplies-1-source.csv.",Término,Supplies 1,Lista bilingüe proporcionada por el usuario; requiere revisión terminológica profesional.,Desbridamiento de heridas,,,,Alta,Frecuente,Intermedia,Demo,2026-07-28,2026-07-28,2026-07-28,1.0,Importado desde Supplies 1; contenido fuente preservado
1019,Aid Button,Botón de ayuda,Atención médica,Asistencia al paciente,,,,,Término de la lista Supplies 1 identificado como «Botón de ayuda».,The interpreter may hear “Aid Button” during a medical encounter.,,Supplies 1 — Medical Terminology (lista proporcionada por el usuario),documento-local:supplies-1-user-list-2026-07-28,Borrador,,,"Importado de Supplies 1, fila 13. La redacción original se conserva en data/supplies-1-source.csv.",Término,Supplies 1,Lista bilingüe proporcionada por el usuario; requiere revisión terminológica profesional.,Botón de ayuda,,,,Alta,Frecuente,Intermedia,Demo,2026-07-28,2026-07-28,2026-07-28,1.0,Importado desde Supplies 1; contenido fuente preservado
1020,Artificial Nipple,Pezón artificial,Maternidad y pediatría,Equipo y cuidado infantil,,,,,Término de la lista Supplies 1 identificado como «Pezón artificial».,The interpreter may hear “Artificial Nipple” during a medical encounter.,,Supplies 1 — Medical Terminology (lista proporcionada por el usuario),documento-local:supplies-1-user-list-2026-07-28,Borrador,,,"Importado de Supplies 1, fila 14. La redacción original se conserva en data/supplies-1-source.csv.",Término,Supplies 1,Lista bilingüe proporcionada por el usuario; requiere revisión terminológica profesional.,Pezón artificial,,,,Alta,Frecuente,Intermedia,Demo,2026-07-28,2026-07-28,2026-07-28,1.0,Importado desde Supplies 1; contenido fuente preservado
1021,Baby car seat,Asiento de seguridad para bebés,Maternidad y pediatría,Equipo y cuidado infantil,,,,,Término de la lista Supplies 1 identificado como «Asiento de seguridad para bebés».,The interpreter may hear “Baby car seat” during a medical encounter.,,Supplies 1 — Medical Terminology (lista proporcionada por el usuario),documento-local:supplies-1-user-list-2026-07-28,Borrador,,,"Importado de Supplies 1, fila 16. La redacción original se conserva en data/supplies-1-source.csv.",Término,Supplies 1,Lista bilingüe proporcionada por el usuario; requiere revisión terminológica profesional.,Asiento de seguridad para bebés,,,,Alta,Frecuente,Intermedia,Demo,2026-07-28,2026-07-28,2026-07-28,1.0,Importado desde Supplies 1; contenido fuente preservado
1022,Bandage,Vendaje,Atención médica,Cuidado de heridas,,,,,Término de la lista Supplies 1 identificado como «Vendaje».,The interpreter may hear “Bandage” during a medical encounter.,,Supplies 1 — Medical Terminology (lista proporcionada por el usuario),documento-local:supplies-1-user-list-2026-07-28,Borrador,,,"Importado de Supplies 1, fila 17. La redacción original se conserva en data/supplies-1-source.csv.",Término,Supplies 1,Lista bilingüe proporcionada por el usuario; requiere revisión terminológica profesional.,Vendaje,,,,Alta,Frecuente,Intermedia,Demo,2026-07-28,2026-07-28,2026-07-28,1.0,Importado desde Supplies 1; contenido fuente preservado
1023,Bassinet,"Moises, cargador para bebé",Maternidad y pediatría,Equipo y cuidado infantil,,,,,"Término de la lista Supplies 1 identificado como «Moises, cargador para bebé».",The interpreter may hear “Bassinet” during a medical encounter.,,Supplies 1 — Medical Terminology (lista proporcionada por el usuario),documento-local:supplies-1-user-list-2026-07-28,Borrador,,,"Importado de Supplies 1, fila 18. La redacción original se conserva en data/supplies-1-source.csv.",Término,Supplies 1,Lista bilingüe proporcionada por el usuario; requiere revisión terminológica profesional.,"Moises, cargador para bebé",,,,Alta,Frecuente,Intermedia,Demo,2026-07-28,2026-07-28,2026-07-28,1.0,Importado desde Supplies 1; contenido fuente preservado
1024,Bedside Commode,Retrete portátil,Atención médica,Cuidado del paciente,,,,,Término de la lista Supplies 1 identificado como «Retrete portátil».,The interpreter may hear “Bedside Commode” during a medical encounter.,,Supplies 1 — Medical Terminology (lista proporcionada por el usuario),documento-local:supplies-1-user-list-2026-07-28,Borrador,,,"Importado de Supplies 1, fila 19. La redacción original se conserva en data/supplies-1-source.csv.",Término,Supplies 1,Lista bilingüe proporcionada por el usuario; requiere revisión terminológica profesional.,Retrete portátil,,,,Alta,Frecuente,Intermedia,Demo,2026-07-28,2026-07-28,2026-07-28,1.0,Importado desde Supplies 1; contenido fuente preservado
1025,Blood pressure cuff,Manga para tomar la presión arterial,Signos vitales,Equipo de medición,,,,,Término de la lista Supplies 1 identificado como «Manga para tomar la presión arterial».,The interpreter may hear “Blood pressure cuff” during a medical encounter.,,Supplies 1 — Medical Terminology (lista proporcionada por el usuario),documento-local:supplies-1-user-list-2026-07-28,Borrador,,,"Importado de Supplies 1, fila 20. La redacción original se conserva en data/supplies-1-source.csv.",Término,Supplies 1,Lista bilingüe proporcionada por el usuario; requiere revisión terminológica profesional.,Manga para tomar la presión arterial,,,,Alta,Frecuente,Intermedia,Demo,2026-07-28,2026-07-28,2026-07-28,1.0,Importado desde Supplies 1; contenido fuente preservado
1026,Body lotion,Crema Corporal,Cuidado domiciliario,Higiene y cuidado personal,,,,,Término de la lista Supplies 1 identificado como «Crema Corporal».,The interpreter may hear “Body lotion” during a medical encounter.,,Supplies 1 — Medical Terminology (lista proporcionada por el usuario),documento-local:supplies-1-user-list-2026-07-28,Borrador,,,"Importado de Supplies 1, fila 21. La redacción original se conserva en data/supplies-1-source.csv.",Término,Supplies 1,Lista bilingüe proporcionada por el usuario; requiere revisión terminológica profesional.,Crema Corporal,,,,Media,Frecuente,Intermedia,Demo,2026-07-28,2026-07-28,2026-07-28,1.0,Importado desde Supplies 1; contenido fuente preservado
1027,Booklet / handbook,Folleto / Manual,Atención médica,Documentos y registros,,Handbook,Folleto; Manual,,Término de la lista Supplies 1 identificado como «Folleto / Manual».,The interpreter may hear “Booklet / handbook” during a medical encounter.,,Supplies 1 — Medical Terminology (lista proporcionada por el usuario),documento-local:supplies-1-user-list-2026-07-28,Borrador,,,"Importado de Supplies 1, fila 22. La redacción original se conserva en data/supplies-1-source.csv. Supplies 1, fila 65: Handbook = Manual.",Frase,Supplies 1,Lista bilingüe proporcionada por el usuario; requiere revisión terminológica profesional.,Folleto,,,Folleto,Alta,Frecuente,Intermedia,Demo,2026-07-28,2026-07-28,2026-07-28,1.1,Importado desde Supplies 1; contenido fuente preservado; segunda fila de Supplies 1 consolidada sin duplicar
1028,Boot (medical supply),Bota,Atención médica,Movilidad y soporte,,Boot,,,Término de la lista Supplies 1 identificado como «Bota».,The interpreter may hear “Boot (medical supply)” during a medical encounter.,,Supplies 1 — Medical Terminology (lista proporcionada por el usuario),documento-local:supplies-1-user-list-2026-07-28,Borrador,,,"Importado de Supplies 1, fila 23. La redacción original se conserva en data/supplies-1-source.csv.",Frase,Supplies 1,Lista bilingüe proporcionada por el usuario; requiere revisión terminológica profesional.,Bota,,,,Alta,Frecuente,Intermedia,Demo,2026-07-28,2026-07-28,2026-07-28,1.0,Importado desde Supplies 1; contenido fuente preservado
1029,Brace,Abrazadera,Atención médica,Movilidad y soporte,,,,,Término de la lista Supplies 1 identificado como «Abrazadera».,The interpreter may hear “Brace” during a medical encounter.,,Supplies 1 — Medical Terminology (lista proporcionada por el usuario),documento-local:supplies-1-user-list-2026-07-28,Borrador,,,"Importado de Supplies 1, fila 24. La redacción original se conserva en data/supplies-1-source.csv.",Término,Supplies 1,Lista bilingüe proporcionada por el usuario; requiere revisión terminológica profesional.,Abrazadera,,,,Alta,Frecuente,Intermedia,Demo,2026-07-28,2026-07-28,2026-07-28,1.0,Importado desde Supplies 1; contenido fuente preservado
1030,Bulb Syringe,Succionador nasal,Maternidad y pediatría,Equipo y cuidado infantil,,,,,Término de la lista Supplies 1 identificado como «Succionador nasal».,The interpreter may hear “Bulb Syringe” during a medical encounter.,,Supplies 1 — Medical Terminology (lista proporcionada por el usuario),documento-local:supplies-1-user-list-2026-07-28,Borrador,,,"Importado de Supplies 1, fila 26. La redacción original se conserva en data/supplies-1-source.csv.",Término,Supplies 1,Lista bilingüe proporcionada por el usuario; requiere revisión terminológica profesional.,Succionador nasal,,,,Alta,Frecuente,Intermedia,Demo,2026-07-28,2026-07-28,2026-07-28,1.0,Importado desde Supplies 1; contenido fuente preservado
1031,Cane,Bastón,Atención médica,Movilidad y soporte,,,,,Término de la lista Supplies 1 identificado como «Bastón».,The interpreter may hear “Cane” during a medical encounter.,,Supplies 1 — Medical Terminology (lista proporcionada por el usuario),documento-local:supplies-1-user-list-2026-07-28,Borrador,,,"Importado de Supplies 1, fila 27. La redacción original se conserva en data/supplies-1-source.csv.",Término,Supplies 1,Lista bilingüe proporcionada por el usuario; requiere revisión terminológica profesional.,Bastón,,,,Alta,Frecuente,Intermedia,Demo,2026-07-28,2026-07-28,2026-07-28,1.0,Importado desde Supplies 1; contenido fuente preservado
1032,Cast,Yeso,Atención médica,Movilidad y soporte,,,,,Término de la lista Supplies 1 identificado como «Yeso».,The interpreter may hear “Cast” during a medical encounter.,,Supplies 1 — Medical Terminology (lista proporcionada por el usuario),documento-local:supplies-1-user-list-2026-07-28,Borrador,,,"Importado de Supplies 1, fila 28. La redacción original se conserva en data/supplies-1-source.csv.",Término,Supplies 1,Lista bilingüe proporcionada por el usuario; requiere revisión terminológica profesional.,Yeso,,,,Alta,Frecuente,Intermedia,Demo,2026-07-28,2026-07-28,2026-07-28,1.0,Importado desde Supplies 1; contenido fuente preservado
1033,Catheter,Catéter,Atención médica,Sondas y catéteres,,,,,Término de la lista Supplies 1 identificado como «Catéter».,The interpreter may hear “Catheter” during a medical encounter.,,Supplies 1 — Medical Terminology (lista proporcionada por el usuario),documento-local:supplies-1-user-list-2026-07-28,Borrador,,,"Importado de Supplies 1, fila 29. La redacción original se conserva en data/supplies-1-source.csv.",Término,Supplies 1,Lista bilingüe proporcionada por el usuario; requiere revisión terminológica profesional.,Catéter,,,,Alta,Frecuente,Intermedia,Demo,2026-07-28,2026-07-28,2026-07-28,1.0,Importado desde Supplies 1; contenido fuente preservado
1034,Clamps,Ganchos/ pinzas/ prensador,Atención médica,Suministros médicos,,,,,Término de la lista Supplies 1 identificado como «Ganchos/ pinzas/ prensador».,The interpreter may hear “Clamps” during a medical encounter.,,Supplies 1 — Medical Terminology (lista proporcionada por el usuario),documento-local:supplies-1-user-list-2026-07-28,Borrador,,,"Importado de Supplies 1, fila 30. La redacción original se conserva en data/supplies-1-source.csv.",Término,Supplies 1,Lista bilingüe proporcionada por el usuario; requiere revisión terminológica profesional.,Ganchos/ pinzas/ prensador,,,,Alta,Frecuente,Intermedia,Demo,2026-07-28,2026-07-28,2026-07-28,1.0,Importado desde Supplies 1; contenido fuente preservado
1035,Clips,Sujetadores,Atención médica,Suministros médicos,,,,,Término de la lista Supplies 1 identificado como «Sujetadores».,The interpreter may hear “Clips” during a medical encounter.,,Supplies 1 — Medical Terminology (lista proporcionada por el usuario),documento-local:supplies-1-user-list-2026-07-28,Borrador,,,"Importado de Supplies 1, fila 31. La redacción original se conserva en data/supplies-1-source.csv.",Término,Supplies 1,Lista bilingüe proporcionada por el usuario; requiere revisión terminológica profesional.,Sujetadores,,,,Alta,Frecuente,Intermedia,Demo,2026-07-28,2026-07-28,2026-07-28,1.0,Importado desde Supplies 1; contenido fuente preservado
1036,Coil (vascular),Espiral (vascular),Atención médica,Implantes y fijación,,,,,Término de la lista Supplies 1 identificado como «Espiral (vascular)».,The interpreter may hear “Coil (vascular)” during a medical encounter.,,Supplies 1 — Medical Terminology (lista proporcionada por el usuario),documento-local:supplies-1-user-list-2026-07-28,Borrador,,,"Importado de Supplies 1, fila 32. La redacción original se conserva en data/supplies-1-source.csv.",Frase,Supplies 1,Lista bilingüe proporcionada por el usuario; requiere revisión terminológica profesional.,Espiral (vascular),,,,Alta,Frecuente,Intermedia,Demo,2026-07-28,2026-07-28,2026-07-28,1.0,Importado desde Supplies 1; contenido fuente preservado
1037,Colostomy bags,Bolsas para colostomía,Atención médica,Ostomía,,,,,Término de la lista Supplies 1 identificado como «Bolsas para colostomía».,The interpreter may hear “Colostomy bags” during a medical encounter.,,Supplies 1 — Medical Terminology (lista proporcionada por el usuario),documento-local:supplies-1-user-list-2026-07-28,Borrador,,,"Importado de Supplies 1, fila 33. La redacción original se conserva en data/supplies-1-source.csv.",Término,Supplies 1,Lista bilingüe proporcionada por el usuario; requiere revisión terminológica profesional.,Bolsas para colostomía,,,,Alta,Frecuente,Intermedia,Demo,2026-07-28,2026-07-28,2026-07-28,1.0,Importado desde Supplies 1; contenido fuente preservado
1038,Compression Stockings,Medias de compresión,Atención médica,Movilidad y soporte,,,,,Término de la lista Supplies 1 identificado como «Medias de compresión».,The interpreter may hear “Compression Stockings” during a medical encounter.,,Supplies 1 — Medical Terminology (lista proporcionada por el usuario),documento-local:supplies-1-user-list-2026-07-28,Borrador,,,"Importado de Supplies 1, fila 34. La redacción original se conserva en data/supplies-1-source.csv.",Término,Supplies 1,Lista bilingüe proporcionada por el usuario; requiere revisión terminológica profesional.,Medias de compresión,,,,Alta,Frecuente,Intermedia,Demo,2026-07-28,2026-07-28,2026-07-28,1.0,Importado desde Supplies 1; contenido fuente preservado
1039,Condom,Preservativo,Atención médica,Salud sexual y reproductiva,,,,,Término de la lista Supplies 1 identificado como «Preservativo».,The interpreter may hear “Condom” during a medical encounter.,,Supplies 1 — Medical Terminology (lista proporcionada por el usuario),documento-local:supplies-1-user-list-2026-07-28,Borrador,,,"Importado de Supplies 1, fila 35. La redacción original se conserva en data/supplies-1-source.csv.",Término,Supplies 1,Lista bilingüe proporcionada por el usuario; requiere revisión terminológica profesional.,Preservativo,,,,Alta,Frecuente,Intermedia,Demo,2026-07-28,2026-07-28,2026-07-28,1.0,Importado desde Supplies 1; contenido fuente preservado
1040,Container / cup (for samples),Recipiente,Atención médica,Cuidado del paciente,,Container / Cup; Cup (for samples),Recipiente,,Término de la lista Supplies 1 identificado como «Recipiente».,The interpreter may hear “Container / cup (for samples)” during a medical encounter.,,Supplies 1 — Medical Terminology (lista proporcionada por el usuario),documento-local:supplies-1-user-list-2026-07-28,Borrador,,,"Importado de Supplies 1, fila 36. La redacción original se conserva en data/supplies-1-source.csv. Supplies 1, fila 45: Cup (for samples) = Recipiente.",Frase,Supplies 1,Lista bilingüe proporcionada por el usuario; requiere revisión terminológica profesional.,Recipiente,,,,Alta,Frecuente,Intermedia,Demo,2026-07-28,2026-07-28,2026-07-28,1.1,Importado desde Supplies 1; contenido fuente preservado; segunda fila de Supplies 1 consolidada sin duplicar
1041,Contraceptive Implant,Implante Anticonceptivo,Atención médica,Salud sexual y reproductiva,,,,,Término de la lista Supplies 1 identificado como «Implante Anticonceptivo».,The interpreter may hear “Contraceptive Implant” during a medical encounter.,,Supplies 1 — Medical Terminology (lista proporcionada por el usuario),documento-local:supplies-1-user-list-2026-07-28,Borrador,,,"Importado de Supplies 1, fila 37. La redacción original se conserva en data/supplies-1-source.csv.",Término,Supplies 1,Lista bilingüe proporcionada por el usuario; requiere revisión terminológica profesional.,Implante Anticonceptivo,,,,Alta,Frecuente,Intermedia,Demo,2026-07-28,2026-07-28,2026-07-28,1.0,Importado desde Supplies 1; contenido fuente preservado
1042,Contraceptives,Anticonceptivos,Atención médica,Salud sexual y reproductiva,,,,,Término de la lista Supplies 1 identificado como «Anticonceptivos».,The interpreter may hear “Contraceptives” during a medical encounter.,,Supplies 1 — Medical Terminology (lista proporcionada por el usuario),documento-local:supplies-1-user-list-2026-07-28,Borrador,,,"Importado de Supplies 1, fila 38. La redacción original se conserva en data/supplies-1-source.csv.",Término,Supplies 1,Lista bilingüe proporcionada por el usuario; requiere revisión terminológica profesional.,Anticonceptivos,,,,Alta,Frecuente,Intermedia,Demo,2026-07-28,2026-07-28,2026-07-28,1.0,Importado desde Supplies 1; contenido fuente preservado
1043,Cotton balls,Algodones,Atención médica,Suministros médicos,,,,,Término de la lista Supplies 1 identificado como «Algodones».,The interpreter may hear “Cotton balls” during a medical encounter.,,Supplies 1 — Medical Terminology (lista proporcionada por el usuario),documento-local:supplies-1-user-list-2026-07-28,Borrador,,,"Importado de Supplies 1, fila 39. La redacción original se conserva en data/supplies-1-source.csv.",Término,Supplies 1,Lista bilingüe proporcionada por el usuario; requiere revisión terminológica profesional.,Algodones,,,,Alta,Frecuente,Intermedia,Demo,2026-07-28,2026-07-28,2026-07-28,1.0,Importado desde Supplies 1; contenido fuente preservado
1044,Cotton Swab/ Q-tip,Isopo,Atención médica,Suministros médicos,,,,,Término de la lista Supplies 1 identificado como «Isopo».,The interpreter may hear “Cotton Swab/ Q-tip” during a medical encounter.,,Supplies 1 — Medical Terminology (lista proporcionada por el usuario),documento-local:supplies-1-user-list-2026-07-28,Borrador,,,"Importado de Supplies 1, fila 40. La redacción original se conserva en data/supplies-1-source.csv.",Frase,Supplies 1,Lista bilingüe proporcionada por el usuario; requiere revisión terminológica profesional.,Isopo,,,,Alta,Frecuente,Intermedia,Demo,2026-07-28,2026-07-28,2026-07-28,1.0,Importado desde Supplies 1; contenido fuente preservado
1045,Cough drops/ Lozenges,Caramelos o pastillas para la tos,Medicamentos,Presentaciones y productos,,,,,Término de la lista Supplies 1 identificado como «Caramelos o pastillas para la tos».,The interpreter may hear “Cough drops/ Lozenges” during a medical encounter.,,Supplies 1 — Medical Terminology (lista proporcionada por el usuario),documento-local:supplies-1-user-list-2026-07-28,Borrador,,,"Importado de Supplies 1, fila 41. La redacción original se conserva en data/supplies-1-source.csv.",Frase,Supplies 1,Lista bilingüe proporcionada por el usuario; requiere revisión terminológica profesional.,Caramelos o pastillas para la tos,,,,Alta,Frecuente,Intermedia,Demo,2026-07-28,2026-07-28,2026-07-28,1.0,Importado desde Supplies 1; contenido fuente preservado
1046,Cream,Crema,Medicamentos,Presentaciones y productos,,,,,Término de la lista Supplies 1 identificado como «Crema».,The interpreter may hear “Cream” during a medical encounter.,,Supplies 1 — Medical Terminology (lista proporcionada por el usuario),documento-local:supplies-1-user-list-2026-07-28,Borrador,,,"Importado de Supplies 1, fila 42. La redacción original se conserva en data/supplies-1-source.csv.",Término,Supplies 1,Lista bilingüe proporcionada por el usuario; requiere revisión terminológica profesional.,Crema,,,,Alta,Frecuente,Intermedia,Demo,2026-07-28,2026-07-28,2026-07-28,1.0,Importado desde Supplies 1; contenido fuente preservado
1047,Crib,Cuna,Maternidad y pediatría,Equipo y cuidado infantil,,,,,Término de la lista Supplies 1 identificado como «Cuna».,The interpreter may hear “Crib” during a medical encounter.,,Supplies 1 — Medical Terminology (lista proporcionada por el usuario),documento-local:supplies-1-user-list-2026-07-28,Borrador,,,"Importado de Supplies 1, fila 43. La redacción original se conserva en data/supplies-1-source.csv.",Término,Supplies 1,Lista bilingüe proporcionada por el usuario; requiere revisión terminológica profesional.,Cuna,,,,Alta,Frecuente,Intermedia,Demo,2026-07-28,2026-07-28,2026-07-28,1.0,Importado desde Supplies 1; contenido fuente preservado
1048,Crutches,Muletas,Atención médica,Movilidad y soporte,,,,,Término de la lista Supplies 1 identificado como «Muletas».,The interpreter may hear “Crutches” during a medical encounter.,,Supplies 1 — Medical Terminology (lista proporcionada por el usuario),documento-local:supplies-1-user-list-2026-07-28,Borrador,,,"Importado de Supplies 1, fila 44. La redacción original se conserva en data/supplies-1-source.csv.",Término,Supplies 1,Lista bilingüe proporcionada por el usuario; requiere revisión terminológica profesional.,Muletas,,,,Alta,Frecuente,Intermedia,Demo,2026-07-28,2026-07-28,2026-07-28,1.0,Importado desde Supplies 1; contenido fuente preservado
1049,Defibrillator,Desfibrilador,Atención médica,Equipo médico,,,,,Término de la lista Supplies 1 identificado como «Desfibrilador».,The interpreter may hear “Defibrillator” during a medical encounter.,,Supplies 1 — Medical Terminology (lista proporcionada por el usuario),documento-local:supplies-1-user-list-2026-07-28,Borrador,,,"Importado de Supplies 1, fila 46. La redacción original se conserva en data/supplies-1-source.csv.",Término,Supplies 1,Lista bilingüe proporcionada por el usuario; requiere revisión terminológica profesional.,Desfibrilador,,,,Alta,Frecuente,Intermedia,Demo,2026-07-28,2026-07-28,2026-07-28,1.0,Importado desde Supplies 1; contenido fuente preservado
1050,Deodorant,Desodorante,Cuidado domiciliario,Higiene y cuidado personal,,,,,Término de la lista Supplies 1 identificado como «Desodorante».,The interpreter may hear “Deodorant” during a medical encounter.,,Supplies 1 — Medical Terminology (lista proporcionada por el usuario),documento-local:supplies-1-user-list-2026-07-28,Borrador,,,"Importado de Supplies 1, fila 47. La redacción original se conserva en data/supplies-1-source.csv.",Término,Supplies 1,Lista bilingüe proporcionada por el usuario; requiere revisión terminológica profesional.,Desodorante,,,,Media,Frecuente,Intermedia,Demo,2026-07-28,2026-07-28,2026-07-28,1.0,Importado desde Supplies 1; contenido fuente preservado
1051,Dressing (for wound),Apósito,Atención médica,Cuidado de heridas,,,,,Término de la lista Supplies 1 identificado como «Apósito».,The interpreter may hear “Dressing (for wound)” during a medical encounter.,,Supplies 1 — Medical Terminology (lista proporcionada por el usuario),documento-local:supplies-1-user-list-2026-07-28,Borrador,,,"Importado de Supplies 1, fila 48. La redacción original se conserva en data/supplies-1-source.csv.",Frase,Supplies 1,Lista bilingüe proporcionada por el usuario; requiere revisión terminológica profesional.,Apósito,,,,Alta,Frecuente,Intermedia,Demo,2026-07-28,2026-07-28,2026-07-28,1.0,Importado desde Supplies 1; contenido fuente preservado
1052,Ear plugs,Tapones antiruido para los oídos,Atención médica,Audición,,,,,Término de la lista Supplies 1 identificado como «Tapones antiruido para los oídos».,The interpreter may hear “Ear plugs” during a medical encounter.,,Supplies 1 — Medical Terminology (lista proporcionada por el usuario),documento-local:supplies-1-user-list-2026-07-28,Borrador,,,"Importado de Supplies 1, fila 49. La redacción original se conserva en data/supplies-1-source.csv.",Término,Supplies 1,Lista bilingüe proporcionada por el usuario; requiere revisión terminológica profesional.,Tapones antiruido para los oídos,,,,Alta,Frecuente,Intermedia,Demo,2026-07-28,2026-07-28,2026-07-28,1.0,Importado desde Supplies 1; contenido fuente preservado
1053,Ear tubes,Tubos auditivos,Atención médica,Audición,,,,,Término de la lista Supplies 1 identificado como «Tubos auditivos».,The interpreter may hear “Ear tubes” during a medical encounter.,,Supplies 1 — Medical Terminology (lista proporcionada por el usuario),documento-local:supplies-1-user-list-2026-07-28,Borrador,,,"Importado de Supplies 1, fila 50. La redacción original se conserva en data/supplies-1-source.csv.",Término,Supplies 1,Lista bilingüe proporcionada por el usuario; requiere revisión terminológica profesional.,Tubos auditivos,,,,Alta,Frecuente,Intermedia,Demo,2026-07-28,2026-07-28,2026-07-28,1.0,Importado desde Supplies 1; contenido fuente preservado
1054,Electrode,Electrodo,Atención médica,Equipo médico,,,,,Término de la lista Supplies 1 identificado como «Electrodo».,The interpreter may hear “Electrode” during a medical encounter.,,Supplies 1 — Medical Terminology (lista proporcionada por el usuario),documento-local:supplies-1-user-list-2026-07-28,Borrador,,,"Importado de Supplies 1, fila 51. La redacción original se conserva en data/supplies-1-source.csv.",Término,Supplies 1,Lista bilingüe proporcionada por el usuario; requiere revisión terminológica profesional.,Electrodo,,,,Alta,Frecuente,Intermedia,Demo,2026-07-28,2026-07-28,2026-07-28,1.0,Importado desde Supplies 1; contenido fuente preservado
1055,Examination Table,Mesa para examinar,Atención médica,Equipo clínico,,,,,Término de la lista Supplies 1 identificado como «Mesa para examinar».,The interpreter may hear “Examination Table” during a medical encounter.,,Supplies 1 — Medical Terminology (lista proporcionada por el usuario),documento-local:supplies-1-user-list-2026-07-28,Borrador,,,"Importado de Supplies 1, fila 52. La redacción original se conserva en data/supplies-1-source.csv.",Término,Supplies 1,Lista bilingüe proporcionada por el usuario; requiere revisión terminológica profesional.,Mesa para examinar,,,,Alta,Frecuente,Intermedia,Demo,2026-07-28,2026-07-28,2026-07-28,1.0,Importado desde Supplies 1; contenido fuente preservado
1056,First aid kit,Estuche para primeros auxilios,Cuidado domiciliario,Primeros auxilios,,,,,Término de la lista Supplies 1 identificado como «Estuche para primeros auxilios».,The interpreter may hear “First aid kit” during a medical encounter.,,Supplies 1 — Medical Terminology (lista proporcionada por el usuario),documento-local:supplies-1-user-list-2026-07-28,Borrador,,,"Importado de Supplies 1, fila 53. La redacción original se conserva en data/supplies-1-source.csv.",Término,Supplies 1,Lista bilingüe proporcionada por el usuario; requiere revisión terminológica profesional.,Estuche para primeros auxilios,,,,Media,Frecuente,Intermedia,Demo,2026-07-28,2026-07-28,2026-07-28,1.0,Importado desde Supplies 1; contenido fuente preservado
1057,Fistula,Fístula,Condiciones,Terminología clínica,,,,,Término de la lista Supplies 1 identificado como «Fístula».,The interpreter may hear “Fistula” during a medical encounter.,,Supplies 1 — Medical Terminology (lista proporcionada por el usuario),documento-local:supplies-1-user-list-2026-07-28,Borrador,,,"Importado de Supplies 1, fila 54. La redacción original se conserva en data/supplies-1-source.csv.",Término,Supplies 1,Lista bilingüe proporcionada por el usuario; requiere revisión terminológica profesional.,Fístula,,,,Alta,Frecuente,Intermedia,Demo,2026-07-28,2026-07-28,2026-07-28,1.0,Importado desde Supplies 1; contenido fuente preservado
1058,Floss,Hilo dental,Cuidado domiciliario,Higiene y cuidado personal,,,,,Término de la lista Supplies 1 identificado como «Hilo dental».,The interpreter may hear “Floss” during a medical encounter.,,Supplies 1 — Medical Terminology (lista proporcionada por el usuario),documento-local:supplies-1-user-list-2026-07-28,Borrador,,,"Importado de Supplies 1, fila 55. La redacción original se conserva en data/supplies-1-source.csv.",Término,Supplies 1,Lista bilingüe proporcionada por el usuario; requiere revisión terminológica profesional.,Hilo dental,,,,Media,Frecuente,Intermedia,Demo,2026-07-28,2026-07-28,2026-07-28,1.0,Importado desde Supplies 1; contenido fuente preservado
1059,Foam,Espuma / esponja,Atención médica,Suministros médicos,,,,,Término de la lista Supplies 1 identificado como «Espuma / esponja».,The interpreter may hear “Foam” during a medical encounter.,,Supplies 1 — Medical Terminology (lista proporcionada por el usuario),documento-local:supplies-1-user-list-2026-07-28,Borrador,,,"Importado de Supplies 1, fila 56. La redacción original se conserva en data/supplies-1-source.csv.",Término,Supplies 1,Lista bilingüe proporcionada por el usuario; requiere revisión terminológica profesional.,Espuma,,,,Alta,Frecuente,Intermedia,Demo,2026-07-28,2026-07-28,2026-07-28,1.0,Importado desde Supplies 1; contenido fuente preservado
1060,Foley Catheter,Catéter de Foley / Sonda Urinaria,Atención médica,Sondas y catéteres,,,,,Término de la lista Supplies 1 identificado como «Catéter de Foley / Sonda Urinaria».,The interpreter may hear “Foley Catheter” during a medical encounter.,,Supplies 1 — Medical Terminology (lista proporcionada por el usuario),documento-local:supplies-1-user-list-2026-07-28,Borrador,,,"Importado de Supplies 1, fila 57. La redacción original se conserva en data/supplies-1-source.csv.",Término,Supplies 1,Lista bilingüe proporcionada por el usuario; requiere revisión terminológica profesional.,Catéter de Foley,,,,Alta,Frecuente,Intermedia,Demo,2026-07-28,2026-07-28,2026-07-28,1.0,Importado desde Supplies 1; contenido fuente preservado
1061,Forceps,Pinzas / tenaza,Atención médica,Suministros médicos,,,,,Término de la lista Supplies 1 identificado como «Pinzas / tenaza».,The interpreter may hear “Forceps” during a medical encounter.,,Supplies 1 — Medical Terminology (lista proporcionada por el usuario),documento-local:supplies-1-user-list-2026-07-28,Borrador,,,"Importado de Supplies 1, fila 58. La redacción original se conserva en data/supplies-1-source.csv.",Término,Supplies 1,Lista bilingüe proporcionada por el usuario; requiere revisión terminológica profesional.,Pinzas,,,,Alta,Frecuente,Intermedia,Demo,2026-07-28,2026-07-28,2026-07-28,1.0,Importado desde Supplies 1; contenido fuente preservado
1062,Gauze,Gaza,Atención médica,Cuidado de heridas,,,,,Término de la lista Supplies 1 identificado como «Gaza».,The interpreter may hear “Gauze” during a medical encounter.,,Supplies 1 — Medical Terminology (lista proporcionada por el usuario),documento-local:supplies-1-user-list-2026-07-28,Borrador,,,"Importado de Supplies 1, fila 59. La redacción original se conserva en data/supplies-1-source.csv.",Término,Supplies 1,Lista bilingüe proporcionada por el usuario; requiere revisión terminológica profesional.,Gaza,,,,Alta,Frecuente,Intermedia,Demo,2026-07-28,2026-07-28,2026-07-28,1.0,Importado desde Supplies 1; contenido fuente preservado
1063,Gloves,Guantes,Atención médica,Suministros médicos,,,,,Término de la lista Supplies 1 identificado como «Guantes».,The interpreter may hear “Gloves” during a medical encounter.,,Supplies 1 — Medical Terminology (lista proporcionada por el usuario),documento-local:supplies-1-user-list-2026-07-28,Borrador,,,"Importado de Supplies 1, fila 60. La redacción original se conserva en data/supplies-1-source.csv.",Término,Supplies 1,Lista bilingüe proporcionada por el usuario; requiere revisión terminológica profesional.,Guantes,,,,Alta,Frecuente,Intermedia,Demo,2026-07-28,2026-07-28,2026-07-28,1.0,Importado desde Supplies 1; contenido fuente preservado
1064,Glucose Monitor/ Glucometer,Glucómetro,Atención médica,Monitoreo,,,,,Término de la lista Supplies 1 identificado como «Glucómetro».,The interpreter may hear “Glucose Monitor/ Glucometer” during a medical encounter.,,Supplies 1 — Medical Terminology (lista proporcionada por el usuario),documento-local:supplies-1-user-list-2026-07-28,Borrador,,,"Importado de Supplies 1, fila 61. La redacción original se conserva en data/supplies-1-source.csv.",Frase,Supplies 1,Lista bilingüe proporcionada por el usuario; requiere revisión terminológica profesional.,Glucómetro,,,,Alta,Frecuente,Intermedia,Demo,2026-07-28,2026-07-28,2026-07-28,1.0,Importado desde Supplies 1; contenido fuente preservado
1065,Gown,Bata,Atención médica,Cuidado del paciente,,,,,Término de la lista Supplies 1 identificado como «Bata».,The interpreter may hear “Gown” during a medical encounter.,,Supplies 1 — Medical Terminology (lista proporcionada por el usuario),documento-local:supplies-1-user-list-2026-07-28,Borrador,,,"Importado de Supplies 1, fila 62. La redacción original se conserva en data/supplies-1-source.csv.",Término,Supplies 1,Lista bilingüe proporcionada por el usuario; requiere revisión terminológica profesional.,Bata,,,,Alta,Frecuente,Intermedia,Demo,2026-07-28,2026-07-28,2026-07-28,1.0,Importado desde Supplies 1; contenido fuente preservado
1066,Handheld portable device,Dispositivo portátil manual,Atención médica,Equipo clínico,,,,,Término de la lista Supplies 1 identificado como «Dispositivo portátil manual».,The interpreter may hear “Handheld portable device” during a medical encounter.,,Supplies 1 — Medical Terminology (lista proporcionada por el usuario),documento-local:supplies-1-user-list-2026-07-28,Borrador,,,"Importado de Supplies 1, fila 63. La redacción original se conserva en data/supplies-1-source.csv.",Término,Supplies 1,Lista bilingüe proporcionada por el usuario; requiere revisión terminológica profesional.,Dispositivo portátil manual,,,,Alta,Frecuente,Intermedia,Demo,2026-07-28,2026-07-28,2026-07-28,1.0,Importado desde Supplies 1; contenido fuente preservado
1067,Hand Sanitizer,Gel desinfectante de manos,Cuidado domiciliario,Higiene y cuidado personal,,,,,Término de la lista Supplies 1 identificado como «Gel desinfectante de manos».,The interpreter may hear “Hand Sanitizer” during a medical encounter.,,Supplies 1 — Medical Terminology (lista proporcionada por el usuario),documento-local:supplies-1-user-list-2026-07-28,Borrador,,,"Importado de Supplies 1, fila 64. La redacción original se conserva en data/supplies-1-source.csv.",Término,Supplies 1,Lista bilingüe proporcionada por el usuario; requiere revisión terminológica profesional.,Gel desinfectante de manos,,,,Media,Frecuente,Intermedia,Demo,2026-07-28,2026-07-28,2026-07-28,1.0,Importado desde Supplies 1; contenido fuente preservado
1068,Hearing aid,Aparato o dispositivo auditivo,Atención médica,Audición,,,,,Término de la lista Supplies 1 identificado como «Aparato o dispositivo auditivo».,The interpreter may hear “Hearing aid” during a medical encounter.,,Supplies 1 — Medical Terminology (lista proporcionada por el usuario),documento-local:supplies-1-user-list-2026-07-28,Borrador,,,"Importado de Supplies 1, fila 66. La redacción original se conserva en data/supplies-1-source.csv.",Término,Supplies 1,Lista bilingüe proporcionada por el usuario; requiere revisión terminológica profesional.,Aparato o dispositivo auditivo,,,,Alta,Frecuente,Intermedia,Demo,2026-07-28,2026-07-28,2026-07-28,1.0,Importado desde Supplies 1; contenido fuente preservado
1069,Holter Monitor,Monitor Holter,Atención médica,Monitoreo,,,,,Término de la lista Supplies 1 identificado como «Monitor Holter».,The interpreter may hear “Holter Monitor” during a medical encounter.,,Supplies 1 — Medical Terminology (lista proporcionada por el usuario),documento-local:supplies-1-user-list-2026-07-28,Borrador,,,"Importado de Supplies 1, fila 67. La redacción original se conserva en data/supplies-1-source.csv.",Término,Supplies 1,Lista bilingüe proporcionada por el usuario; requiere revisión terminológica profesional.,Monitor Holter,,,,Alta,Frecuente,Intermedia,Demo,2026-07-28,2026-07-28,2026-07-28,1.0,Importado desde Supplies 1; contenido fuente preservado
1070,Hot compress,Compresa Caliente,Cuidado domiciliario,Compresas,,,,,Término de la lista Supplies 1 identificado como «Compresa Caliente».,The interpreter may hear “Hot compress” during a medical encounter.,,Supplies 1 — Medical Terminology (lista proporcionada por el usuario),documento-local:supplies-1-user-list-2026-07-28,Borrador,,,"Importado de Supplies 1, fila 68. La redacción original se conserva en data/supplies-1-source.csv.",Término,Supplies 1,Lista bilingüe proporcionada por el usuario; requiere revisión terminológica profesional.,Compresa Caliente,,,,Media,Frecuente,Intermedia,Demo,2026-07-28,2026-07-28,2026-07-28,1.0,Importado desde Supplies 1; contenido fuente preservado
1071,Humidifier,Humidificador,Cuidado domiciliario,Equipo domiciliario,,,,,Término de la lista Supplies 1 identificado como «Humidificador».,The interpreter may hear “Humidifier” during a medical encounter.,,Supplies 1 — Medical Terminology (lista proporcionada por el usuario),documento-local:supplies-1-user-list-2026-07-28,Borrador,,,"Importado de Supplies 1, fila 69. La redacción original se conserva en data/supplies-1-source.csv.",Término,Supplies 1,Lista bilingüe proporcionada por el usuario; requiere revisión terminológica profesional.,Humidificador,,,,Media,Frecuente,Intermedia,Demo,2026-07-28,2026-07-28,2026-07-28,1.0,Importado desde Supplies 1; contenido fuente preservado
1072,Hydrogen Peroxide,Agua oxigenada,Cuidado domiciliario,Higiene y cuidado personal,,,,,Término de la lista Supplies 1 identificado como «Agua oxigenada».,The interpreter may hear “Hydrogen Peroxide” during a medical encounter.,,Supplies 1 — Medical Terminology (lista proporcionada por el usuario),documento-local:supplies-1-user-list-2026-07-28,Borrador,,,"Importado de Supplies 1, fila 70. La redacción original se conserva en data/supplies-1-source.csv.",Término,Supplies 1,Lista bilingüe proporcionada por el usuario; requiere revisión terminológica profesional.,Agua oxigenada,,,,Media,Frecuente,Intermedia,Demo,2026-07-28,2026-07-28,2026-07-28,1.0,Importado desde Supplies 1; contenido fuente preservado
1073,Ice Pack,Compresa fría,Cuidado domiciliario,Compresas,,,,,Término de la lista Supplies 1 identificado como «Compresa fría».,The interpreter may hear “Ice Pack” during a medical encounter.,,Supplies 1 — Medical Terminology (lista proporcionada por el usuario),documento-local:supplies-1-user-list-2026-07-28,Borrador,,,"Importado de Supplies 1, fila 71. La redacción original se conserva en data/supplies-1-source.csv.",Término,Supplies 1,Lista bilingüe proporcionada por el usuario; requiere revisión terminológica profesional.,Compresa fría,,,,Media,Frecuente,Intermedia,Demo,2026-07-28,2026-07-28,2026-07-28,1.0,Importado desde Supplies 1; contenido fuente preservado
1074,Immunization Chart/ Records,"Expediente, Registro de Vacunas",Atención médica,Documentos y registros,,,,,"Término de la lista Supplies 1 identificado como «Expediente, Registro de Vacunas».",The interpreter may hear “Immunization Chart/ Records” during a medical encounter.,,Supplies 1 — Medical Terminology (lista proporcionada por el usuario),documento-local:supplies-1-user-list-2026-07-28,Borrador,,,"Importado de Supplies 1, fila 72. La redacción original se conserva en data/supplies-1-source.csv.",Frase,Supplies 1,Lista bilingüe proporcionada por el usuario; requiere revisión terminológica profesional.,"Expediente, Registro de Vacunas",,,,Alta,Frecuente,Intermedia,Demo,2026-07-28,2026-07-28,2026-07-28,1.0,Importado desde Supplies 1; contenido fuente preservado
1075,Incentive Spirometer,Espirômetro Incentivo,Atención médica,Equipo médico,,,,,Término de la lista Supplies 1 identificado como «Espirômetro Incentivo».,The interpreter may hear “Incentive Spirometer” during a medical encounter.,,Supplies 1 — Medical Terminology (lista proporcionada por el usuario),documento-local:supplies-1-user-list-2026-07-28,Borrador,,,"Importado de Supplies 1, fila 73. La redacción original se conserva en data/supplies-1-source.csv.",Término,Supplies 1,Lista bilingüe proporcionada por el usuario; requiere revisión terminológica profesional.,Espirômetro Incentivo,,,,Alta,Frecuente,Intermedia,Demo,2026-07-28,2026-07-28,2026-07-28,1.0,Importado desde Supplies 1; contenido fuente preservado
1076,Incubator (isolette),Incubadora,Maternidad y pediatría,Equipo y cuidado infantil,,,,,Término de la lista Supplies 1 identificado como «Incubadora».,The interpreter may hear “Incubator (isolette)” during a medical encounter.,,Supplies 1 — Medical Terminology (lista proporcionada por el usuario),documento-local:supplies-1-user-list-2026-07-28,Borrador,,,"Importado de Supplies 1, fila 74. La redacción original se conserva en data/supplies-1-source.csv.",Frase,Supplies 1,Lista bilingüe proporcionada por el usuario; requiere revisión terminológica profesional.,Incubadora,,,,Alta,Frecuente,Intermedia,Demo,2026-07-28,2026-07-28,2026-07-28,1.0,Importado desde Supplies 1; contenido fuente preservado
1077,Iodine,Yodo,Cuidado domiciliario,Higiene y cuidado personal,,,,,Término de la lista Supplies 1 identificado como «Yodo».,The interpreter may hear “Iodine” during a medical encounter.,,Supplies 1 — Medical Terminology (lista proporcionada por el usuario),documento-local:supplies-1-user-list-2026-07-28,Borrador,,,"Importado de Supplies 1, fila 75. La redacción original se conserva en data/supplies-1-source.csv.",Término,Supplies 1,Lista bilingüe proporcionada por el usuario; requiere revisión terminológica profesional.,Yodo,,,,Media,Frecuente,Intermedia,Demo,2026-07-28,2026-07-28,2026-07-28,1.0,Importado desde Supplies 1; contenido fuente preservado
1078,IV Fluids,Líquidos intravenosos,Atención médica,Suministros médicos,,,,,Término de la lista Supplies 1 identificado como «Líquidos intravenosos».,The interpreter may hear “IV Fluids” during a medical encounter.,,Supplies 1 — Medical Terminology (lista proporcionada por el usuario),documento-local:supplies-1-user-list-2026-07-28,Borrador,,,"Importado de Supplies 1, fila 76. La redacción original se conserva en data/supplies-1-source.csv.",Término,Supplies 1,Lista bilingüe proporcionada por el usuario; requiere revisión terminológica profesional.,Líquidos intravenosos,,,,Alta,Frecuente,Intermedia,Demo,2026-07-28,2026-07-28,2026-07-28,1.0,Importado desde Supplies 1; contenido fuente preservado
1079,Lancets,Lancetas,Atención médica,Suministros médicos,,,,,Término de la lista Supplies 1 identificado como «Lancetas».,The interpreter may hear “Lancets” during a medical encounter.,,Supplies 1 — Medical Terminology (lista proporcionada por el usuario),documento-local:supplies-1-user-list-2026-07-28,Borrador,,,"Importado de Supplies 1, fila 77. La redacción original se conserva en data/supplies-1-source.csv.",Término,Supplies 1,Lista bilingüe proporcionada por el usuario; requiere revisión terminológica profesional.,Lancetas,,,,Alta,Frecuente,Intermedia,Demo,2026-07-28,2026-07-28,2026-07-28,1.0,Importado desde Supplies 1; contenido fuente preservado
1080,Log / Diary,"Bitácora, registro, diario",Atención médica,Documentos y registros,,,,,"Término de la lista Supplies 1 identificado como «Bitácora, registro, diario».",The interpreter may hear “Log / Diary” during a medical encounter.,,Supplies 1 — Medical Terminology (lista proporcionada por el usuario),documento-local:supplies-1-user-list-2026-07-28,Borrador,,,"Importado de Supplies 1, fila 78. La redacción original se conserva en data/supplies-1-source.csv.",Frase,Supplies 1,Lista bilingüe proporcionada por el usuario; requiere revisión terminológica profesional.,"Bitácora, registro, diario",,,,Alta,Frecuente,Intermedia,Demo,2026-07-28,2026-07-28,2026-07-28,1.0,Importado desde Supplies 1; contenido fuente preservado
1081,Lube,Lubricante,Cuidado domiciliario,Higiene y cuidado personal,,,,,Término de la lista Supplies 1 identificado como «Lubricante».,The interpreter may hear “Lube” during a medical encounter.,,Supplies 1 — Medical Terminology (lista proporcionada por el usuario),documento-local:supplies-1-user-list-2026-07-28,Borrador,,,"Importado de Supplies 1, fila 79. La redacción original se conserva en data/supplies-1-source.csv.",Término,Supplies 1,Lista bilingüe proporcionada por el usuario; requiere revisión terminológica profesional.,Lubricante,,,,Media,Frecuente,Intermedia,Demo,2026-07-28,2026-07-28,2026-07-28,1.0,Importado desde Supplies 1; contenido fuente preservado
1082,Magnifying glass,Lupa,Atención médica,Apoyo visual,,,,,Término de la lista Supplies 1 identificado como «Lupa».,The interpreter may hear “Magnifying glass” during a medical encounter.,,Supplies 1 — Medical Terminology (lista proporcionada por el usuario),documento-local:supplies-1-user-list-2026-07-28,Borrador,,,"Importado de Supplies 1, fila 80. La redacción original se conserva en data/supplies-1-source.csv.",Término,Supplies 1,Lista bilingüe proporcionada por el usuario; requiere revisión terminológica profesional.,Lupa,,,,Alta,Frecuente,Intermedia,Demo,2026-07-28,2026-07-28,2026-07-28,1.0,Importado desde Supplies 1; contenido fuente preservado
1083,Mask,Mascarilla,Atención médica,Suministros médicos,,,,,Término de la lista Supplies 1 identificado como «Mascarilla».,The interpreter may hear “Mask” during a medical encounter.,,Supplies 1 — Medical Terminology (lista proporcionada por el usuario),documento-local:supplies-1-user-list-2026-07-28,Borrador,,,"Importado de Supplies 1, fila 81. La redacción original se conserva en data/supplies-1-source.csv.",Término,Supplies 1,Lista bilingüe proporcionada por el usuario; requiere revisión terminológica profesional.,Mascarilla,,,,Alta,Frecuente,Intermedia,Demo,2026-07-28,2026-07-28,2026-07-28,1.0,Importado desde Supplies 1; contenido fuente preservado
1084,Mattress,Colchón,Cuidado domiciliario,Equipo domiciliario,,,,,Término de la lista Supplies 1 identificado como «Colchón».,The interpreter may hear “Mattress” during a medical encounter.,,Supplies 1 — Medical Terminology (lista proporcionada por el usuario),documento-local:supplies-1-user-list-2026-07-28,Borrador,,,"Importado de Supplies 1, fila 82. La redacción original se conserva en data/supplies-1-source.csv.",Término,Supplies 1,Lista bilingüe proporcionada por el usuario; requiere revisión terminológica profesional.,Colchón,,,,Media,Frecuente,Intermedia,Demo,2026-07-28,2026-07-28,2026-07-28,1.0,Importado desde Supplies 1; contenido fuente preservado
1085,Menstrual pad,Toalla sanitaria,Atención médica,Suministros médicos,,,,,Término de la lista Supplies 1 identificado como «Toalla sanitaria».,The interpreter may hear “Menstrual pad” during a medical encounter.,,Supplies 1 — Medical Terminology (lista proporcionada por el usuario),documento-local:supplies-1-user-list-2026-07-28,Borrador,,,"Importado de Supplies 1, fila 84. La redacción original se conserva en data/supplies-1-source.csv.",Término,Supplies 1,Lista bilingüe proporcionada por el usuario; requiere revisión terminológica profesional.,Toalla sanitaria,,,,Alta,Frecuente,Intermedia,Demo,2026-07-28,2026-07-28,2026-07-28,1.0,Importado desde Supplies 1; contenido fuente preservado
1086,Metal plate,Placa metálica,Atención médica,Implantes y fijación,,,,,Término de la lista Supplies 1 identificado como «Placa metálica».,The interpreter may hear “Metal plate” during a medical encounter.,,Supplies 1 — Medical Terminology (lista proporcionada por el usuario),documento-local:supplies-1-user-list-2026-07-28,Borrador,,,"Importado de Supplies 1, fila 85. La redacción original se conserva en data/supplies-1-source.csv.",Término,Supplies 1,Lista bilingüe proporcionada por el usuario; requiere revisión terminológica profesional.,Placa metálica,,,,Alta,Frecuente,Intermedia,Demo,2026-07-28,2026-07-28,2026-07-28,1.0,Importado desde Supplies 1; contenido fuente preservado
1087,Microscope,Microscopio,Atención médica,Equipo clínico,,,,,Término de la lista Supplies 1 identificado como «Microscopio».,The interpreter may hear “Microscope” during a medical encounter.,,Supplies 1 — Medical Terminology (lista proporcionada por el usuario),documento-local:supplies-1-user-list-2026-07-28,Borrador,,,"Importado de Supplies 1, fila 86. La redacción original se conserva en data/supplies-1-source.csv.",Término,Supplies 1,Lista bilingüe proporcionada por el usuario; requiere revisión terminológica profesional.,Microscopio,,,,Alta,Frecuente,Intermedia,Demo,2026-07-28,2026-07-28,2026-07-28,1.0,Importado desde Supplies 1; contenido fuente preservado
1088,Monitor,Monitor,Atención médica,Monitoreo,,,,,Término de la lista Supplies 1 identificado como «Monitor».,The interpreter may hear “Monitor” during a medical encounter.,,Supplies 1 — Medical Terminology (lista proporcionada por el usuario),documento-local:supplies-1-user-list-2026-07-28,Borrador,,,"Importado de Supplies 1, fila 87. La redacción original se conserva en data/supplies-1-source.csv.",Término,Supplies 1,Lista bilingüe proporcionada por el usuario; requiere revisión terminológica profesional.,Monitor,,,,Alta,Frecuente,Intermedia,Demo,2026-07-28,2026-07-28,2026-07-28,1.0,Importado desde Supplies 1; contenido fuente preservado
1089,Moisturizing lotion,Crema humectante,Cuidado domiciliario,Higiene y cuidado personal,,,,,Término de la lista Supplies 1 identificado como «Crema humectante».,The interpreter may hear “Moisturizing lotion” during a medical encounter.,,Supplies 1 — Medical Terminology (lista proporcionada por el usuario),documento-local:supplies-1-user-list-2026-07-28,Borrador,,,"Importado de Supplies 1, fila 88. La redacción original se conserva en data/supplies-1-source.csv.",Término,Supplies 1,Lista bilingüe proporcionada por el usuario; requiere revisión terminológica profesional.,Crema humectante,,,,Media,Frecuente,Intermedia,Demo,2026-07-28,2026-07-28,2026-07-28,1.0,Importado desde Supplies 1; contenido fuente preservado
1090,Mouthwash,Enjuague bucal,Cuidado domiciliario,Higiene y cuidado personal,,,,,Término de la lista Supplies 1 identificado como «Enjuague bucal».,The interpreter may hear “Mouthwash” during a medical encounter.,,Supplies 1 — Medical Terminology (lista proporcionada por el usuario),documento-local:supplies-1-user-list-2026-07-28,Borrador,,,"Importado de Supplies 1, fila 89. La redacción original se conserva en data/supplies-1-source.csv.",Término,Supplies 1,Lista bilingüe proporcionada por el usuario; requiere revisión terminológica profesional.,Enjuague bucal,,,,Media,Frecuente,Intermedia,Demo,2026-07-28,2026-07-28,2026-07-28,1.0,Importado desde Supplies 1; contenido fuente preservado
1091,Nail clipper,Cortauñas,Cuidado domiciliario,Higiene y cuidado personal,,,,,Término de la lista Supplies 1 identificado como «Cortauñas».,The interpreter may hear “Nail clipper” during a medical encounter.,,Supplies 1 — Medical Terminology (lista proporcionada por el usuario),documento-local:supplies-1-user-list-2026-07-28,Borrador,,,"Importado de Supplies 1, fila 90. La redacción original se conserva en data/supplies-1-source.csv.",Término,Supplies 1,Lista bilingüe proporcionada por el usuario; requiere revisión terminológica profesional.,Cortauñas,,,,Media,Frecuente,Intermedia,Demo,2026-07-28,2026-07-28,2026-07-28,1.0,Importado desde Supplies 1; contenido fuente preservado
1092,Nails,Clavos/uñas,Atención médica,Implantes y fijación,,,,,Término de la lista Supplies 1 identificado como «Clavos/uñas».,The interpreter may hear “Nails” during a medical encounter.,,Supplies 1 — Medical Terminology (lista proporcionada por el usuario),documento-local:supplies-1-user-list-2026-07-28,Borrador,,,"Importado de Supplies 1, fila 91. La redacción original se conserva en data/supplies-1-source.csv.",Término,Supplies 1,Lista bilingüe proporcionada por el usuario; requiere revisión terminológica profesional.,Clavos/uñas,,,,Alta,Frecuente,Intermedia,Demo,2026-07-28,2026-07-28,2026-07-28,1.0,Importado desde Supplies 1; contenido fuente preservado
1093,Nasal Spray,Atomizador nasal,Medicamentos,Presentaciones y productos,,,,,Término de la lista Supplies 1 identificado como «Atomizador nasal».,The interpreter may hear “Nasal Spray” during a medical encounter.,,Supplies 1 — Medical Terminology (lista proporcionada por el usuario),documento-local:supplies-1-user-list-2026-07-28,Borrador,,,"Importado de Supplies 1, fila 92. La redacción original se conserva en data/supplies-1-source.csv.",Término,Supplies 1,Lista bilingüe proporcionada por el usuario; requiere revisión terminológica profesional.,Atomizador nasal,,,,Alta,Frecuente,Intermedia,Demo,2026-07-28,2026-07-28,2026-07-28,1.0,Importado desde Supplies 1; contenido fuente preservado
1094,Nebulizer,Nebulizador,Atención médica,Equipo médico,,,,,Término de la lista Supplies 1 identificado como «Nebulizador».,The interpreter may hear “Nebulizer” during a medical encounter.,,Supplies 1 — Medical Terminology (lista proporcionada por el usuario),documento-local:supplies-1-user-list-2026-07-28,Borrador,,,"Importado de Supplies 1, fila 93. La redacción original se conserva en data/supplies-1-source.csv.",Término,Supplies 1,Lista bilingüe proporcionada por el usuario; requiere revisión terminológica profesional.,Nebulizador,,,,Alta,Frecuente,Intermedia,Demo,2026-07-28,2026-07-28,2026-07-28,1.0,Importado desde Supplies 1; contenido fuente preservado
1095,Neck Brace/ Neck immobilizer,Collarín / Collar Cervical/ Inmovilizador de cuello,Atención médica,Movilidad y soporte,,,,,Término de la lista Supplies 1 identificado como «Collarín / Collar Cervical/ Inmovilizador de cuello».,The interpreter may hear “Neck Brace/ Neck immobilizer” during a medical encounter.,,Supplies 1 — Medical Terminology (lista proporcionada por el usuario),documento-local:supplies-1-user-list-2026-07-28,Borrador,,,"Importado de Supplies 1, fila 94. La redacción original se conserva en data/supplies-1-source.csv.",Frase,Supplies 1,Lista bilingüe proporcionada por el usuario; requiere revisión terminológica profesional.,Collarín,,,,Alta,Frecuente,Intermedia,Demo,2026-07-28,2026-07-28,2026-07-28,1.0,Importado desde Supplies 1; contenido fuente preservado
1096,NG Tube,Sonda Naso-gástrica,Atención médica,Sondas y catéteres,,,,,Término de la lista Supplies 1 identificado como «Sonda Naso-gástrica».,The interpreter may hear “NG Tube” during a medical encounter.,,Supplies 1 — Medical Terminology (lista proporcionada por el usuario),documento-local:supplies-1-user-list-2026-07-28,Borrador,,,"Importado de Supplies 1, fila 95. La redacción original se conserva en data/supplies-1-source.csv.",Término,Supplies 1,Lista bilingüe proporcionada por el usuario; requiere revisión terminológica profesional.,Sonda Naso-gástrica,,,,Alta,Frecuente,Intermedia,Demo,2026-07-28,2026-07-28,2026-07-28,1.0,Importado desde Supplies 1; contenido fuente preservado
1097,Ointment,Ungüento,Medicamentos,Presentaciones y productos,,,,,Término de la lista Supplies 1 identificado como «Ungüento».,The interpreter may hear “Ointment” during a medical encounter.,,Supplies 1 — Medical Terminology (lista proporcionada por el usuario),documento-local:supplies-1-user-list-2026-07-28,Borrador,,,"Importado de Supplies 1, fila 96. La redacción original se conserva en data/supplies-1-source.csv.",Término,Supplies 1,Lista bilingüe proporcionada por el usuario; requiere revisión terminológica profesional.,Ungüento,,,,Alta,Frecuente,Intermedia,Demo,2026-07-28,2026-07-28,2026-07-28,1.0,Importado desde Supplies 1; contenido fuente preservado
1098,Orthopedic shoes,Zapatos ortopédicos,Atención médica,Movilidad y soporte,,,,,Término de la lista Supplies 1 identificado como «Zapatos ortopédicos».,The interpreter may hear “Orthopedic shoes” during a medical encounter.,,Supplies 1 — Medical Terminology (lista proporcionada por el usuario),documento-local:supplies-1-user-list-2026-07-28,Borrador,,,"Importado de Supplies 1, fila 97. La redacción original se conserva en data/supplies-1-source.csv.",Término,Supplies 1,Lista bilingüe proporcionada por el usuario; requiere revisión terminológica profesional.,Zapatos ortopédicos,,,,Alta,Frecuente,Intermedia,Demo,2026-07-28,2026-07-28,2026-07-28,1.0,Importado desde Supplies 1; contenido fuente preservado
1099,Otoscope,Otoscopio,Atención médica,Equipo clínico,,,,,Término de la lista Supplies 1 identificado como «Otoscopio».,The interpreter may hear “Otoscope” during a medical encounter.,,Supplies 1 — Medical Terminology (lista proporcionada por el usuario),documento-local:supplies-1-user-list-2026-07-28,Borrador,,,"Importado de Supplies 1, fila 98. La redacción original se conserva en data/supplies-1-source.csv.",Término,Supplies 1,Lista bilingüe proporcionada por el usuario; requiere revisión terminológica profesional.,Otoscopio,,,,Alta,Frecuente,Intermedia,Demo,2026-07-28,2026-07-28,2026-07-28,1.0,Importado desde Supplies 1; contenido fuente preservado
1100,Outpatient Procedure,Procedimiento Ambulatorio (Same day),Procedimientos,Atención ambulatoria,,,,,Término de la lista Supplies 1 identificado como «Procedimiento Ambulatorio (Same day)».,The interpreter may hear “Outpatient Procedure” during a medical encounter.,,Supplies 1 — Medical Terminology (lista proporcionada por el usuario),documento-local:supplies-1-user-list-2026-07-28,Borrador,,,"Importado de Supplies 1, fila 99. La redacción original se conserva en data/supplies-1-source.csv.",Término,Supplies 1,Lista bilingüe proporcionada por el usuario; requiere revisión terminológica profesional.,Procedimiento Ambulatorio (Same day),,,,Alta,Frecuente,Intermedia,Demo,2026-07-28,2026-07-28,2026-07-28,1.0,Importado desde Supplies 1; contenido fuente preservado
1101,Oximeter,Oxímetro,Signos vitales,Equipo de medición,,,,,Término de la lista Supplies 1 identificado como «Oxímetro».,The interpreter may hear “Oximeter” during a medical encounter.,,Supplies 1 — Medical Terminology (lista proporcionada por el usuario),documento-local:supplies-1-user-list-2026-07-28,Borrador,,,"Importado de Supplies 1, fila 100. La redacción original se conserva en data/supplies-1-source.csv.",Término,Supplies 1,Lista bilingüe proporcionada por el usuario; requiere revisión terminológica profesional.,Oxímetro,,,,Alta,Frecuente,Intermedia,Demo,2026-07-28,2026-07-28,2026-07-28,1.0,Importado desde Supplies 1; contenido fuente preservado
1102,Oxygen Tank,Tanque de oxígeno,Atención médica,Equipo médico,,,,,Término de la lista Supplies 1 identificado como «Tanque de oxígeno».,The interpreter may hear “Oxygen Tank” during a medical encounter.,,Supplies 1 — Medical Terminology (lista proporcionada por el usuario),documento-local:supplies-1-user-list-2026-07-28,Borrador,,,"Importado de Supplies 1, fila 101. La redacción original se conserva en data/supplies-1-source.csv.",Término,Supplies 1,Lista bilingüe proporcionada por el usuario; requiere revisión terminológica profesional.,Tanque de oxígeno,,,,Alta,Frecuente,Intermedia,Demo,2026-07-28,2026-07-28,2026-07-28,1.0,Importado desde Supplies 1; contenido fuente preservado
1103,Pacemaker,Marcapasos,Atención médica,Equipo médico,,,,,Término de la lista Supplies 1 identificado como «Marcapasos».,The interpreter may hear “Pacemaker” during a medical encounter.,,Supplies 1 — Medical Terminology (lista proporcionada por el usuario),documento-local:supplies-1-user-list-2026-07-28,Borrador,,,"Importado de Supplies 1, fila 102. La redacción original se conserva en data/supplies-1-source.csv.",Término,Supplies 1,Lista bilingüe proporcionada por el usuario; requiere revisión terminológica profesional.,Marcapasos,,,,Alta,Frecuente,Intermedia,Demo,2026-07-28,2026-07-28,2026-07-28,1.0,Importado desde Supplies 1; contenido fuente preservado
1104,Pacifier,Entretenedor o chupete para bebés,Maternidad y pediatría,Equipo y cuidado infantil,,,,,Término de la lista Supplies 1 identificado como «Entretenedor o chupete para bebés».,The interpreter may hear “Pacifier” during a medical encounter.,,Supplies 1 — Medical Terminology (lista proporcionada por el usuario),documento-local:supplies-1-user-list-2026-07-28,Borrador,,,"Importado de Supplies 1, fila 103. La redacción original se conserva en data/supplies-1-source.csv.",Término,Supplies 1,Lista bilingüe proporcionada por el usuario; requiere revisión terminológica profesional.,Entretenedor o chupete para bebés,,,,Alta,Frecuente,Intermedia,Demo,2026-07-28,2026-07-28,2026-07-28,1.0,Importado desde Supplies 1; contenido fuente preservado
1105,Prenatal Vitamins,Vitaminas Prenatales,Maternidad y pediatría,Embarazo,,,,,Término de la lista Supplies 1 identificado como «Vitaminas Prenatales».,The interpreter may hear “Prenatal Vitamins” during a medical encounter.,,Supplies 1 — Medical Terminology (lista proporcionada por el usuario),documento-local:supplies-1-user-list-2026-07-28,Borrador,,,"Importado de Supplies 1, fila 104. La redacción original se conserva en data/supplies-1-source.csv.",Término,Supplies 1,Lista bilingüe proporcionada por el usuario; requiere revisión terminológica profesional.,Vitaminas Prenatales,,,,Alta,Frecuente,Intermedia,Demo,2026-07-28,2026-07-28,2026-07-28,1.0,Importado desde Supplies 1; contenido fuente preservado
